agency_cd,site_id,station_nm,site_tp_cd,lat,lon,coord_acy_cd,datum,elev_m,alt_acy_va,alt_datum_cd,huc8,interval,parm_cd,stat_cd,ts_id,date_begin,date_end,count_nu,geometry
USGS,10255800,COYOTE C NR BORREGO SPRINGS CA,ST,33.3736453,-116.4275137,F,NAD83, 1200.00, 20,NGVD29,18100203,dv,00060,00003,204629,1950-10-01,1983-09-29,12052,"c(332581.670428762, -509351.656172819)"
USGS,10255810,BORREGO PALM C NR BORREGO SPRINGS CA,ST,33.27916667,-116.4305556,S,NAD83, 1290, 20,NGVD29,18100203,dv,00060,00003,7227,1950-10-01,2020-11-17,21475,"c(332692.760009582, -519826.246037774)"
USGS,10257500,FALLS C NR WHITE WATER CA,ST,33.86946114,-116.6716824,S,NAD83, 1940, 40,NGVD29,18100201,dv,00060,00003,7246,1922-09-01,2020-11-17,12460,"c(307930.932886377, -455239.980206139)"
USGS,10257600,MISSION C NR DESERT HOT SPRINGS CA,ST,33.9961722,-116.5960083,5,NAD83, 1894,1.6,NAVD88,18100201,dv,00060,00003,7251,1967-10-01,2020-11-17,19043,"c(314424.725827414, -440946.425663912)"
USGS,10258000,TAHQUITZ C NR PALM SPRINGS CA,ST,33.80501929,-116.5591816,F,NAD83, 762.50, 20,NGVD29,18100201,dv,00060,00003,7255,1947-10-01,2020-11-17,26346,"c(318594.156316634, -462010.435837965)"
USGS,10258500,PALM CYN C NR PALM SPRINGS CA,ST,33.74502178,-116.5355709,F,NAD83, 700.00, 20,NGVD29,18100201,dv,00060,00003,7258,1930-02-01,2020-11-17,31064,"c(321022.430027166, -468579.743161965)"
USGS,10259000,ANDREAS C NR PALM SPRINGS CA,ST,33.7600211,-116.5500155,F,NAD83, 800.00, 20,NGVD29,18100201,dv,00060,00003,7259,1948-10-01,2020-11-17,26346,"c(319624.038252429, -466966.361471637)"
USGS,10259200,DEEP C NR PALM DESERT CA,ST,33.63113647,-116.3922342,F,NAD83, 1440, 20,NGVD29,18100201,dv,00060,00003,7262,1962-05-01,2020-11-17,21386,"c(334778.488982322, -480703.124562123)"
USGS,10263500,BIG ROCK C NR VALYERMO CA,ST,34.42083115,-117.8395072,F,NAD83, 4050.00, 20,NGVD29,18090206,dv,00060,00003,7332,1923-02-01,2020-11-17,35718,"c(198515.510458336, -397214.87525969)"
USGS,10264000,LITTLE ROCK C AB LTTLE ROCK RES NR LITTLEROCK CA,ST,34.46388375,-118.0189578,S,NAD83, 3310.00, 20,NAVD88,18090206,dv,00060,00003,7338,1930-10-01,2005-09-29,18603,"c(181929.490403742, -392798.345054397)"
USGS,10264600,OAK C NR MOJAVE CA,ST,35.04996928,-118.3578592,F,NAD83, 4080, 20,NGVD29,18090206,dv,00060,00003,7357,1957-08-01,1986-09-30,10653,"c(149683.021332813, -328343.47159416)"
USGS,10281800,INDEPENDENCE C BL PINYON C NR INDEPENDENCE CA,ST,36.7785438,-118.2645412,F,NAD83,NA,NA,NA,18090103,dv,00060,00003,7428,1923-01-01,1978-09-29,20361,"c(154673.021979096, -136181.678706073)"
USGS,10291500,"BUCKEYE CK NR BRIDGEPORT, CA",ST,38.23880787,-119.3259923,U,NAD83, 6900.00,.01,NGVD29,16050301,dv,00060,00003,102490,1911-04-01,2015-10-13,16998,"c(58919.8997942864, 24937.415974949)"
USGS,10295500,"L WALKER RV NR BRIDGEPORT, CA",ST,38.3607482,-119.4448868,S,NAD83, 6790.00, 20,NGVD29,16050302,dv,00060,00003,102501,1944-10-01,2008-09-30,20089,"c(48447.2335715898, 38425.1629053545)"
USGS,10308200,E FK CARSON RV BLW MARKLEEVILLE CK NR MARKLEEVILLE,ST,38.7146274,-119.7648985,S,NAD83, 5400.00, 20,NGVD29,16050201,dv,00060,00003,102558,1960-09-01,2020-11-17,21992,"c(20420.9192337475, 77645.563006348)"
USGS,10308783,LEVIATHAN C AB MINE NR MARKLEEVILLE CA,ST,38.7012952,-119.6565614,S,NAD83, 7200, 40,NGVD29,16050201,dv,00060,00003,7467,1998-10-22,2020-11-17,8063,"c(29836.4146587918, 76192.3446376328)"
USGS,10310000,"W FK CARSON RV AT WOODFORDS, CA",ST,38.76962765,-119.833789,S,NAD83, 5754.50, .1,NGVD29,16050201,dv,00060,00003,102582,1900-10-01,2020-11-17,32554,"c(14426.3792457873, 83746.3806533008)"
USGS,10336580,UPPER TRUCKEE RV AT S UPPER TRUCKEE RD NR MEYERS,ST,38.79629598,-120.0190718,S,NAD83, 6490, 20,NGVD29,16050101,dv,00060,00003,102815,1990-05-12,2011-09-29,7811,"c(-1654.75238283877, 86698.156273921)"
USGS,10336600,UP TRUCKEE R NR MEYERS CA,ST,38.8429629,-120.0246274,F,NAD83,NA,NA,NA,16050101,dv,00060,00003,204666,1960-10-01,1986-09-29,9495,"c(-2135.43301507624, 91885.3621588321)"
USGS,10336645,GENERAL C NR MEEKS BAY CA,ST,39.05185197,-120.1185209,F,NAD83,NA,NA,NA,16050101,dv,00060,00003,7505,1980-07-07,2020-11-17,14744,"c(-10247.8779363044, 115108.853429582)"
USGS,10336660,BLACKWOOD C NR TAHOE CITY CA,ST,39.10740708,-120.1621352,F,NAD83, 6234.59, 20,NGVD29,16050101,dv,00060,00003,7528,1960-10-01,2020-11-17,21962,"c(-14008.4143590686, 121288.911362709)"
USGS,10336676,WARD C AT HWY 89 NR TAHOE PINES CA,ST,39.1321292,-120.1576913,F,NAD83,NA,NA,NA,16050101,dv,00060,00003,7549,1972-10-01,2020-11-17,17580,"c(-13619.8935961659, 124035.873893066)"
USGS,10336770,"TROUT CK AT USFS RD 12N01 NR MEYERS, CA",ST,38.8632405,-119.9582367,S,NAD83, 6850., 20,NGVD29,16050101,dv,00060,00003,236248,1990-05-22,2011-03-31,7619,"c(3620.2878481547, 94139.7436690349)"
USGS,10336780,"TROUT CK NR TAHOE VALLEY, CA",ST,38.9199077,-119.9724036,S,NAD83, 6241.57,  5,NGVD29,16050101,dv,00060,00003,102875,1960-10-01,2020-11-17,21963,"c(2390.38455324966, 100437.794536794)"
USGS,10340500,PROSSER C BL PROSSER C DAM NR TRUCKEE CA,ST,39.37324026,-120.131587,F,NAD83, 5572.62, 20,NGVD29,16050102,dv,00060,00003,7629,1942-10-01,2020-11-17,28357,"c(-11328.0607280307, 150827.964475645)"
USGS,10343500,SAGEHEN C NR TRUCKEE CA,ST,39.43157246,-120.2379793,F,NAD83, 6320.00, 20,NGVD29,16050102,dv,00060,00003,7647,1953-10-01,2020-11-17,24520,"c(-20470.8743142282, 157328.022570163)"
USGS,10360900,BIDWELL C BL MILL C NR FORT BIDWELL CA,ST,41.8823902,-120.1749508,S,NAD83, 4935, 20,NGVD29,18080001,dv,00060,00003,7708,1960-10-01,1982-09-29,8034,"c(-14547.112896765, 429403.456622674)"
USGS,11023250,POWAY C NR POWAY CA,ST,32.95365699,-117.0147528,F,NAD83,NA,NA,NA,18070304,dv,00060,00003,204736,1977-10-01,1987-09-29,3651,"c(279397.441636407, -557757.896302876)"
USGS,11023310,RATTLESNAKE C A POWAY CA,ST,32.9519902,-117.0497537,F,NAD83,NA,NA,NA,18070304,dv,00060,00003,7749,1977-10-01,1989-09-30,4383,"c(276128.420267829, -558044.992085854)"
USGS,11023325,BEELER C A POMERADO RD NR POWAY CA,ST,32.93976827,-117.0666984,F,NAD83,NA,NA,NA,18070304,dv,00060,00003,7753,1976-10-01,1989-09-30,4748,"c(274584.869995783, -559447.458324332)"
USGS,11031500,AGUA CALIENTE C NR WARNER SPRINGS CA,ST,33.2886483,-116.6539084,F,NAD83,NA,NA,NA,18070303,dv,00060,00003,204738,1961-02-01,1987-09-29,9737,"c(311846.847625847, -519535.338060925)"
USGS,11033000,WF SAN LUIS REY R NR WARNER SPRINGS CA,ST,33.2967036,-116.759744,F,NAD83, 2800.00, 20,NGVD29,18070303,dv,00060,00003,7777,1913-04-01,1986-09-29,11748,"c(301956.64878342, -518985.719806839)"
USGS,11037700,PAUMA C NR PAUMA VALLEY CA,ST,33.33614497,-116.9744716,F,NAD83,NA,NA,NA,18070303,dv,00060,00003,7782,1964-10-01,1981-12-31,6301,"c(281813.929423418, -515277.834558378)"
USGS,11046300,SAN MATEO C NR SAN CLEMENTE CA,ST,33.47085987,-117.4730986,S,NAD83, 405.00, 10,NGVD29,18070301,dv,00060,00003,7930,1952-10-01,2020-11-17,15387,"c(234983.282992451, -501710.869729236)"
USGS,11046500,SAN JUAN C NR SAN JUAN CAPISTRANO CA,ST,33.51891459,-117.6250493,F,NAD83, 150.00, 10,NGVD29,18070301,dv,00060,00003,7953,1928-10-01,1969-09-29,14974,"c(220722.601752524, -496750.650317696)"
USGS,11048553,SAND CYN C A IRVINE CA,ST,33.65724307,-117.8275553,S,NAD83, 50,  5,NGVD29,18070204,dv,00060,00003,7998,2001-07-01,2014-03-30,4656,"c(201554.207807444, -481869.660472286)"
USGS,11058600,WATERMAN CANYON CREEK NR ARROWHEAD SPRINGS CA,ST,34.1858333,-117.2722222,F,NAD83, 1840, 20,NGVD29,18070203,dv,00060,00003,8050,1911-11-01,2020-11-17,29875,"c(251377.355768514, -421935.315454821)"
USGS,11063000,CAJON C NR KEENBROOK CA,ST,34.2669501,-117.4600497,F,NAD83, 2630.00, 20,NGVD29,18070203,dv,00060,00003,8084,1920-01-01,1982-09-30,20726,"c(233831.395909062, -413419.547723482)"
USGS,11073470,CUCAMONGA C NR UPLAND CA,ST,34.1794521,-117.628943,F,NAD83, 2600.00, 20,NGVD29,18070203,dv,00060,00003,8169,1929-01-01,1975-09-29,17073,"c(218528.9551404, -423527.04038297)"
USGS,11077000,SANTIAGO C NR VILLA PARK CA,ST,33.82279419,-117.7767213,F,NAD83, 430.00, 10,NGVD29,18070203,dv,00060,00003,8221,1920-10-01,1963-09-29,15704,"c(205839.15367816, -463407.512364095)"
USGS,11080500,EF SAN GABRIEL R NR CAMP BONITA CA,ST,34.23583798,-117.8058928,F,NAD83, 1567.04, 20,NGVD29,18070106,dv,00060,00003,8233,1932-12-01,1979-09-29,17104,"c(202078.606163214, -417665.499584078)"
USGS,11082000,WF SAN GABRIEL R A CAMP RINCON CA,ST,34.24111517,-117.8633948,F,NAD83, 1474.94, 20,NGVD29,18070106,dv,00060,00003,8237,1927-10-01,1978-09-29,18627,"c(196770.351770688, -417201.095666521)"
USGS,11084500,FISH C NR DUARTE CA,ST,34.1658396,-117.92423,F,NAD83, 905.90, 20,NGVD29,18070106,dv,00060,00003,8240,1916-08-01,1979-09-29,22766,"c(191351.488840709, -425675.140432525)"
USGS,11094000,BIG TUJUNGA C BL MILL C NR COLBY RANCH CA,ST,34.30916717,-118.1453499,F,NAD83, 2650.00, 20,NGVD29,18070105,dv,00060,00003,8269,1948-02-01,1971-09-29,8642,"c(170659.60298759, -410198.401412933)"
USGS,11095500,BIG TUJUNGA C NR SUNLAND CA,ST,34.30055637,-118.2686878,F,NAD83, 1571.80, 20,NGVD29,18070105,dv,00060,00003,8272,1916-11-01,1977-09-29,22248,"c(159329.154832873, -411368.316104456)"
USGS,11098000,ARROYO SECO NR PASADENA CA,ST,34.22222629,-118.1775727,F,NAD83, 1397.88, 20,NGVD29,18070105,dv,00060,00003,8278,1910-12-01,2020-11-17,39726,"c(167880.335676144, -419900.557610316)"
USGS,11100000,SANTA ANITA C NR SIERRA MADRE CA,ST,34.1916716,-118.0172888,F,NAD83, 1475.30, 20,NGVD29,18070105,dv,00060,00003,8281,1916-10-01,1970-10-13,19736,"c(182714.364691332, -422993.474881267)"
USGS,11110500,HOPPER CREEK NEAR PIRU CA,ST,34.40083045,-118.8264837,F,NAD83, 590.00, 20,NGVD29,18070102,dv,00060,00003,8391,1930-10-01,1983-09-29,18625,"c(107861.851693784, -401028.788784254)"
USGS,11111500,SESPE CREEK NEAR WHEELER SPRINGS CA,ST,34.5777657,-119.2573347,S,NAD83, 3560, 20,NGVD29,18070102,dv,00060,00003,8397,1947-10-01,2020-11-17,24886,"c(68108.1100048309, -381793.488208354)"
USGS,11113000,SESPE C NR FILLMORE,ST,34.4416618,-118.9273212,F,NAD83, 565.00, 20,NGVD29,18070102,dv,00060,00003,8402,1911-08-31,2020-11-17,32694,"c(98542.6854227582, -396607.751934187)"
USGS,11115500,MATILIJA C A MATILIJA HOT SPRINGS,ST,34.48276995,-119.3017809,F,NAD83, 900.00, 20,NGVD29,18070101,dv,00060,00003,8429,1927-10-01,1988-09-29,22280,"c(64109.7713296528, -392367.130674363)"
USGS,11116000,NF MATILIJA C A MATILIJA HOT SPRINGS CA,ST,34.49249174,-119.3065034,F,NAD83, 1142.02, 20,NGVD29,18070101,dv,00060,00003,8430,1928-10-01,1983-09-29,19690,"c(63668.2720553424, -391291.429067003)"
USGS,11117600,COYOTE CREEK NEAR OAK VIEW CA,ST,34.41666158,-119.3706722,F,NAD83, 577.37, 20,NGVD29,18070101,dv,00060,00003,205318,1958-10-01,1988-09-29,10957,"c(57833.0373656925, -399747.612186701)"
USGS,11117800,SANTA ANA C NR OAK VIEW,ST,34.42360587,-119.3412265,F,NAD83, 612.43, 20,NGVD29,18070101,dv,00060,00003,205329,1958-10-01,1988-09-29,10957,"c(60533.5977041399, -398958.630816284)"
USGS,11120500,SAN JOSE C NR GOLETA CA,ST,34.45916286,-119.8090283,F,NAD83, 95.61, 10,NGVD29,18060013,dv,00060,00003,8464,1941-01-01,2020-11-17,28913,"c(17540.2520416349, -395205.379751487)"
USGS,11120510,SAN JOSE C A GOLETA CA,ST,34.43027415,-119.822083,F,NAD83,NA,NA,NA,18060013,dv,00060,00003,8466,1970-10-01,2000-09-30,9132,"c(16347.229555819, -398413.607097403)"
USGS,11120520,SAN PEDRO C A GOLETA CA,ST,34.4486111,-119.8402778,5,NAD83, 60, 10,NGVD29,18060013,dv,00060,00003,8469,1970-10-01,2020-11-17,3270,"c(14672.0427694797, -396381.669779157)"
USGS,11120530,TECOLOTITO C NR GOLETA CA,ST,34.43471754,-119.8687502,F,NAD83,NA,NA,NA,18060013,dv,00060,00003,8470,1970-10-01,1991-09-30,3170,"c(12058.7112707744, -397927.5033024)"
USGS,11120550,GAVIOTA C NR GAVIOTA CA,ST,34.48776644,-120.2270947,F,NAD83,NA,NA,NA,18060013,dv,00060,00003,8473,1966-10-01,1986-09-29,7304,"c(-20850.4459350605, -392023.725572809)"
USGS,11124500,SANTA CRUZ C NR SANTA YNEZ CA,ST,34.5966563,-119.9087519,F,NAD83, 783.38, 20,NGVD29,18060010,dv,00060,00003,8497,1941-10-01,2020-11-17,28903,"c(8366.21771746465, -379959.561413625)"
USGS,11128400,ALISAL C NR SOLVANG CA,ST,34.57637614,-120.1484816,S,NAD83, 400, 20,NGVD29,18060010,dv,00060,00003,8536,1954-10-01,1972-09-29,6207,"c(-13617.2779508561, -382203.807730077)"
USGS,11132500,SALSIPUEDES C NR LOMPOC CA,ST,34.5885957,-120.4084938,F,NAD83, 220.00, 20,NGVD29,18060010,dv,00060,00003,8557,1941-04-01,2020-11-17,29086,"c(-37457.105986933, -380777.539731774)"
USGS,11134800,MIGUELITO C A LOMPOC CA,ST,34.6316501,-120.4648857,F,NAD83,NA,NA,NA,18060010,dv,00060,00003,8571,1970-10-01,2009-09-29,13733,"c(-42604.5273725322, -375975.089674354)"
USGS,11138500,SISQUOC R NR SISQUOC CA,ST,34.83970289,-120.1682063,F,NAD83, 624.30,.01,NGVD29,18060008,dv,00060,00003,8597,1929-10-01,2020-09-30,26632,"c(-15374.3739088494, -352971.048681865)"
USGS,11141150,ARROYO GRANDE AB PHOENIX C NR ARROYO GRANDE CA,ST,35.18858618,-120.4351621,F,NAD83,NA,NA,NA,18060006,dv,00060,00003,8611,1967-06-21,1992-09-30,9228,"c(-39596.7211335957, -314156.721341225)"
USGS,11141280,LOPEZ C NR ARROYO GRANDE CA,ST,35.23553035,-120.4723857,F,NAD83, 580, 20,NGVD29,18060006,dv,00060,00003,8616,1967-07-21,2020-11-17,19479,"c(-42957.8081978856, -308927.445697383)"
USGS,11143000,BIG SUR R NR BIG SUR CA,ST,36.24579648,-121.7732872,F,NAD83, 240, 20,NGVD29,18060006,dv,00060,00003,8634,1950-04-01,2020-11-17,25799,"c(-159151.430798275, -195315.940507083)"
USGS,11143500,SALINAS R NR POZO CA,ST,35.29858465,-120.4037709,F,NAD83, 1347.78, 20,NGVD29,18060005,dv,00060,00003,8639,1942-10-01,1983-09-29,14974,"c(-36688.3348569663, -301953.8918736)"
USGS,11148900,NACIMIENTO R BL SAPAQUE C NR BRYSON CA,ST,35.78857918,-121.0938048,F,NAD83, 800, 10,NGVD29,18060005,dv,00060,00003,8669,1971-09-16,2020-11-17,17961,"c(-98757.9277206663, -247035.574442746)"
USGS,11151300,SAN LORENZO C BL BITTERWATER C NR KING CITY CA,ST,36.26802087,-121.066303,F,NAD83, 431.48, 20,NGVD29,18060005,dv,00060,00003,8691,1958-10-01,2020-11-17,22593,"c(-95675.8227650628, -193796.683938356)"
USGS,11151870,ARROYO SECO NR GREENFIELD CA,ST,36.23746164,-121.4816027,F,NAD83,NA,NA,NA,18060005,dv,00060,00003,8695,1961-10-01,2020-11-17,9391,"c(-132989.741183455, -196691.386264078)"
USGS,11152900,CEDAR C NR BELL STATION CA,ST,37.0499451,-121.327431,F,NAD83,NA,NA,NA,18060002,dv,00060,00003,8723,1961-10-01,1982-09-29,7669,"c(-117887.871827787, -106605.480603866)"
USGS,11153470,LLAGAS C AB CHESBRO RES NR MORGAN HILL CA,ST,37.1483333,-121.7683333,S,NAD83, 668,1.6,NAVD88,18060002,dv,00060,00003,8727,1971-10-01,2010-09-29,6573,"c(-156836.035158569, -95031.6065234039)"
USGS,11153900,UVAS C AB UVAS RES NR MORGAN HILL CA,ST,37.0927254,-121.7182818,F,NAD83, 486.47, 20,NGVD29,18060002,dv,00060,00003,8736,1961-08-01,1982-09-29,7730,"c(-152509.408935243, -101293.437966252)"
USGS,11154100,BODFISH C NR GILROY CA,ST,37.0041163,-121.6671686,F,NAD83,NA,NA,NA,18060002,dv,00060,00003,8740,1959-10-01,1982-09-29,8400,"c(-148146.421451828, -111222.28568029)"
USGS,11154700,CLEAR C NR IDRIA CA,ST,36.36079387,-120.7607315,S,NAD83, 2570, 20,NGVD29,18060002,dv,00060,00003,8743,1993-10-01,2016-04-11,7838,"c(-68175.8935306216, -183751.708052415)"
USGS,11156500,SAN BENITO R NR WILLOW CREEK SCHOOL CA,ST,36.60940609,-121.2029797,F,NAD83, 925.52, 20,NGVD29,18060002,dv,00060,00003,8748,1939-10-01,2020-11-17,29634,"c(-107457.373164883, -155714.134493322)"
USGS,11159690,APTOS C NR APTOS CA,ST,37.00161665,-121.9060688,F,NAD83,NA,NA,NA,18060015,dv,00060,00003,8765,1971-10-01,1985-09-29,5113,"c(-169378.258574962, -111100.030363574)"
USGS,11160000,SOQUEL C A SOQUEL CA,ST,36.9913389,-121.9557933,F,NAD83, 21.38, 10,NGVD29,18060015,dv,00060,00003,8772,1951-05-01,2020-11-17,25404,"c(-173819.853844968, -112152.205708889)"
USGS,11160020,SAN LORENZO R NR BOULDER C CA,ST,37.20661136,-122.1449644,F,NAD83, 710, 20,NGVD29,18060015,dv,00060,00003,8773,1968-07-17,1992-12-31,8934,"c(-190088.243162928, -87865.7761727222)"
USGS,11160070,BOULDER C AT BOULDER CREEK CA,ST,37.12661339,-122.1227425,F,NAD83,NA,NA,NA,18060015,dv,00060,00003,8775,1976-10-01,1992-12-31,5936,"c(-188318.336960966, -96800.3157388684)"
USGS,11160300,ZAYANTE C A ZAYANTE CA,ST,37.08605874,-122.0469069,F,NAD83, 390, 20,NGVD29,18060015,dv,00060,00003,8778,1957-10-01,1992-12-31,12876,"c(-181688.991893573, -101455.135748996)"
USGS,11160500,SAN LORENZO R A BIG TREES CA,ST,37.0443931,-122.072464,F,NAD83, 227.00, 20,NGVD29,18060015,dv,00060,00003,8785,1936-10-01,2020-11-17,30729,"c(-184058.381468076, -106036.123486101)"
USGS,11162500,PESCADERO C NR PESCADERO CA,ST,37.26077707,-122.3288602,F,NAD83, 62.30, 20,NGVD29,18050006,dv,00060,00003,8799,1951-04-14,2020-11-17,25421,"c(-206234.183648552, -81462.0287508564)"
USGS,11162540,BUTANO C NR PESCADERO CA,ST,37.23355579,-122.3666399,F,NAD83,NA,NA,NA,18050006,dv,00060,00003,8802,1962-07-01,1974-10-07,4482,"c(-209654.63372546, -84404.1618058588)"
USGS,11162570,SAN GREGORIO C A SAN GREGORIO CA,ST,37.3257762,-122.3866404,S,NAD83, 11.40,.01,NGVD29,18050006,dv,00060,00003,8803,1969-10-01,2020-11-17,15634,"c(-211168.023156816, -74111.6932736756)"
USGS,11169800,COYOTE C NR GILROY CA,ST,37.07772286,-121.4943832,F,NAD83, 790, 20,NGVD29,18050003,dv,00060,00003,8896,1960-10-01,2020-11-17,13926,"c(-132664.911000437, -103297.55920375)"
USGS,11172100,UP PENITENCIA C A SAN JOSE CA,ST,37.395217100000004,-121.8282872,F,NAD83, 265.30,.01,NGVD29,18050003,dv,00060,00003,205397,1961-10-01,1987-09-29,9495,"c(-161623.59226513, -67492.0881850873)"
USGS,11172945,ALAMEDA C AB DIV DAM NR SUNOL CA,ST,37.4974356,-121.7735644,S,NAD83, 930, 20,NGVD29,18050004,dv,00060,00003,8912,1994-10-01,2020-11-17,9545,"c(-156574.026967826, -56222.9742156416)"
USGS,11173200,ARROYO HONDO NR SAN JOSE CA,ST,37.46160337,-121.769397,F,NAD83, 783.86,.01,NGVD29,18050004,dv,00060,00003,8918,1968-10-01,2020-11-17,14292,"c(-156280.497532667, -60212.417872672)"
USGS,11176400,ARROYO VALLE BL LANG CYN NR LIVERMORE CA,ST,37.56132196,-121.6838389,F,NAD83, 750, 20,NGVD29,18050004,dv,00060,00003,8984,1963-10-01,2020-11-17,20868,"c(-148527.598183264, -49266.6065449016)"
USGS,11180500,DRY C A UNION CITY CA,ST,37.6060452,-122.0238504,F,NAD83, 85.12,.01,NGVD29,18050004,dv,00060,00003,9042,1916-10-01,2020-11-17,23606,"c(-178408.945077839, -43709.6225634431)"
USGS,11180825,SAN LORENZO C AB DON CASTRO RES NR CASTRO V CA,ST,37.69520825,-122.044962,S,NAD83, 260, 10,NGVD29,18050004,dv,00060,00003,9049,1980-10-01,2020-11-17,13589,"c(-180055.936488537, -33760.0891618193)"
USGS,11180960,CULL C AB CULL C RES NR CASTRO VALLEY CA,ST,37.71770737,-122.0544067,F,NAD83,NA,NA,NA,18050004,dv,00060,00003,9059,1978-10-01,2020-11-17,15389,"c(-180833.205623042, -31241.5509108002)"
USGS,11181000,SAN LORENZO C A HAYWARD CA,ST,37.68548644,-122.064407,S,NAD83, 133.16,.05,NGVD29,18050004,dv,00060,00003,9066,1940-04-01,2020-11-17,21990,"c(-181791.301857306, -34803.4664523099)"
USGS,11181390,WILDCAT C A VALE RD AT RICHMOND CA,ST,37.9532571,-122.3383039,F,NAD83, 65.56,.01,NGVD29,18050002,dv,00060,00003,9089,1975-10-01,1996-06-09,7558,"c(-205171.921524479, -4485.29989915341)"
USGS,11182100,PINOLE C A PINOLE CA,ST,37.97242309,-122.2463573,F,NAD83,NA,NA,NA,18050002,dv,00060,00003,9096,1938-12-01,1977-09-29,14183,"c(-197055.230798586, -2550.34332917631)"
USGS,11182500,SAN RAMON C A SAN RAMON CA,ST,37.772983,-121.9946825,F,NAD83, 530, 20,NGVD29,18050001,dv,00060,00003,9098,1952-10-01,2020-11-17,24885,"c(-175447.671611775, -25210.3644806677)"
USGS,11183000,SAN RAMON C AT WALNUT CREEK CA,ST,37.8843691,-122.0510736,F,NAD83,NA,NA,NA,18050001,dv,00060,00003,9100,1952-10-01,1973-09-30,7670,"c(-180139.080434739, -12724.9880558625)"
USGS,11195500,SAN EMIGDIO C A SAN EMIGDIO RANCHHOUSE CA,ST,34.98163745,-119.1851097,F,NAD83, 1650, 25,NGVD29,18030003,dv,00060,00003,9154,1959-04-01,1981-09-29,8218,"c(74346.1974157497, -336907.312567343)"
USGS,11196400,CALIENTE C AB TEHACHAPI C NR CALIENTE CA,ST,35.31134824,-118.5703669,F,NAD83, 1590, 20,NGVD29,18030003,dv,00060,00003,9157,1961-10-01,1983-03-05,7826,"c(129876.617244092, -299635.290480319)"
USGS,11197250,AVENAL C NR AVENAL CA,ST,35.85412696,-120.1270849,F,NAD83,NA,NA,NA,18030012,dv,00060,00003,9163,1961-10-01,1986-09-29,9130,"c(-11464.7870851643, -240315.450229239)"
USGS,11199500,WHITE R NR DUCOR CA,ST,35.80995236,-118.9184294,F,NAD83, 695.00, 10,NGVD29,18030005,dv,00060,00003,9166,1942-10-01,2005-09-29,16677,"c(97626.2820340828, -244673.947282086)"
USGS,11203580,SF TULE R NR CHOLOLLO CAMPGROUND NR PORTERVILLE CA,ST,36.04828125,-118.6542556,S,NAD83, 3700, 20,NGVD29,18030006,dv,00060,00003,9191,2000-01-22,2020-11-17,7606,"c(121094.231528943, -217892.181415407)"
USGS,11204100,SF TULE R NR RESERVATION BNDRY NR PORTERVILLE CA,ST,36.024116480000004,-118.8134258,S,NAD83, 970, 20,NGVD29,18030006,dv,00060,00003,9202,2000-09-02,2020-11-17,7382,"c(106806.006652138, -220768.204725825)"
USGS,11208000,MARBLE F KAWEAH R (R ONLY) A POTWISHA CAMP CA,ST,36.5218899,-118.7992652,F,NAD83, 2210, 20,NGVD29,18030007,dv,00060,00003,213549,1950-04-01,2019-09-30,24963,"c(107380.03562559, -165442.271299561)"
USGS,11208500,MF KAWEAH TRIB NR HAMMOND CA,ST,36.49300156,-118.825932,F,NAD83,NA,NA,NA,18030007,dv,00060,00003,9237,1967-06-01,1973-09-29,2313,"c(105035.140898749, -168682.410162678)"
USGS,11209900,KAWEAH R A THREE RIVERS CA,ST,36.4438363,-118.9034335,F,NAD83, 809.62,.01,NGVD29,18030007,dv,00060,00003,9264,1958-10-01,1990-09-30,11688,"c(98165.1724585385, -174228.984810693)"
USGS,11213500,KINGS R AB NF NR TRIMMER CA,ST,36.8632806,-119.124282,F,NAD83, 1001.50,.01,NGVD29,18030010,dv,00060,00003,9283,1926-10-01,1982-09-29,19450,"c(77964.7519464165, -127818.947431086)"
USGS,11214000,NF KINGS R BL MEADOWBROOK CA,ST,37.08133045,-118.862888,F,NAD83, 8144.66,.01,NGVD29,18030010,dv,00060,00003,9284,1921-10-01,1981-09-29,13695,"c(100944.861335973, -103336.752768245)"
USGS,11218500,KINGS R BL NF NR TRIMMER CA,ST,36.87466959,-119.1417828,F,NAD83, 942.42,.01,NGVD29,18030010,dv,00060,00003,9317,1962-03-01,1993-10-13,11550,"c(76395.2483764782, -126567.363292324)"
USGS,11220000,BIG C AB PINE FLAT RES NR TRIMMER CA,ST,36.91633697,-119.2445652,F,NAD83,NA,NA,NA,18030010,dv,00060,00003,9321,1953-10-01,1973-09-29,7304,"c(67209.2524857208, -122014.014344187)"
USGS,11220500,SYCAMORE C AB PINE FLAT RES NR TRIMMER CA,ST,36.9202264,-119.3098459,F,NAD83,NA,NA,NA,18030010,dv,00060,00003,9322,1953-05-01,1973-09-29,7457,"c(61398.3430157348, -121625.987816685)"
USGS,11224500,LOS GATOS C AB NUNEZ CYN NR COALINGA CA,ST,36.21467719,-120.4707116,F,NAD83, 1065.2,.01,NGVD29,18030012,dv,00060,00003,9330,1945-05-01,2020-11-17,27595,"c(-42265.5336015003, -200157.459640053)"
USGS,11226500,SAN JOAQUIN R A MILLER CROSSING CA,ST,37.51049707,-119.1973476,F,NAD83, 4570, 66,NGVD29,18040006,dv,00060,00003,9333,1921-10-01,1991-09-29,17165,"c(70850.8504865732, -55935.6291535501)"
USGS,11230500,BEAR C NR LAKE THOMAS A EDISON CA,ST,37.3393863,-118.9734513,F,NAD83, 7366.94, 20,NGVD29,18040006,dv,00060,00003,213635,1921-10-01,2019-09-30,35794,"c(90819.6410293769, -74765.1193181789)"
USGS,11237500,PITMAN C BL TAMARACK C CA,ST,37.19855659,-119.2137328,F,NAD83, 7020, 20,NGVD29,18040006,dv,00060,00003,213737,1927-12-01,2019-09-30,33542,"c(69692.1195746091, -90622.5370159363)"
USGS,11251000,SAN JOAQUIN R BL FRIANT CA,ST,36.98439397,-119.7243124,F,NAD83, 294.00, 10,NGVD29,18040001,dv,00060,00003,9427,1907-10-01,2020-11-17,41291,"c(24505.5036702869, -114681.448094514)"
USGS,11253310,CANTUA C NR CANTUA CREEK CA,ST,36.40217399,-120.4334917,F,NAD83, 680, 20,NGVD29,18030009,dv,00060,00003,9441,1966-10-01,2020-11-17,19772,"c(-38828.2898044947, -179337.911495311)"
USGS,11257500,FRESNO R NR KNOWLES CA,ST,37.2371691,-119.7748763,F,NAD83, 1086.40,.01,NGVD29,18040007,dv,00060,00003,9457,1911-10-01,1990-09-30,27759,"c(19944.2371400353, -86595.6953854645)"
USGS,11258000,FRESNO R BL HIDDEN DAM NR DAULTON CA,ST,37.09744734,-119.8896013,F,NAD83, 377.37,.01,NGVD29,18040007,dv,00060,00003,9462,1941-10-01,1990-09-29,17896,"c(9798.57218812215, -102144.913883851)"
USGS,11259000,CHOWCHILLA R BL BUCHANAN DAM NR RAYMOND CA,ST,37.21550105,-119.991276,F,NAD83, 407.32,.01,NGVD29,18040001,dv,00060,00003,9475,1921-10-01,1990-09-30,21547,"c(773.102001496589, -89027.9539989266)"
USGS,11264500,MERCED R A HAPPY ISLES BRIDGE NR YOSEMITE CA,ST,37.73131496,-119.5590514,S,NAD83, 4030, 20,NGVD29,18040008,dv,00060,00003,9532,1915-08-23,2020-11-17,38439,"c(38809.0868590596, -31597.9074067539)"
USGS,11266500,MERCED R A POHONO BRIDGE NR YOSEMITE CA,ST,37.71687138,-119.6662788,F,NAD83, 3861.66,.01,NGVD29,18040008,dv,00060,00003,9536,1916-10-01,2020-11-17,38034,"c(29377.4084439989, -33242.09613179)"
USGS,11268000,SF MERCED R NR EL PORTAL CA,ST,37.6513197,-119.8854532,F,NAD83,NA,NA,NA,18040008,dv,00060,00003,9542,1951-04-01,1975-10-07,8956,"c(10092.3538121012, -40574.8404670828)"
USGS,11269300,MAXWELL C A COULTERVILLE CA,ST,37.71604127,-120.1899102,F,NAD83,NA,NA,NA,18040008,dv,00060,00003,9546,1959-10-01,1980-09-29,7304,"c(-16717.963947343, -33369.3362828754)"
USGS,11270900,MERCED R BL MERCED FALLS DAM NR SNELL CA,ST,37.5216029,-120.3324114,F,NAD83,NA,NA,NA,18040008,dv,00060,00003,238143,1901-04-01,2019-09-30,42552,"c(-29338.2155743011, -54949.5354308137)"
USGS,11274500,ORESTIMBA C NR NEWMAN CA,ST,37.31549247,-121.1252081,F,NAD83, 216.01,.01,NGVD29,18040002,dv,00060,00003,9590,1932-04-01,2020-11-17,32373,"c(-99579.2528429509, -77321.9639321682)"
USGS,11274630,DEL PUERTO C NR PATTERSON CA,ST,37.48659935,-121.2091026,F,NAD83,NA,NA,NA,18040002,dv,00060,00003,9621,1965-06-18,2020-11-17,20242,"c(-106760.836369527, -58211.3470328324)"
USGS,11274790,TUOLUMNE R A GRAND CYN OF TUOLUMNE AB HETCH HETCHY,ST,37.9165884,-119.6598938,S,NAD83, 3830, 20,NGVD29,18040009,dv,00060,00003,9623,2006-10-12,2020-11-16,5150,"c(29859.83166905, -11038.336699299)"
USGS,11275000,FALLS C NR HETCH HETCHY CA,ST,37.97075376,-119.7643429,F,NAD83, 5350.00, 20,NGVD29,18040009,dv,00060,00003,9634,1915-10-01,1983-09-29,24744,"c(20674.7153538033, -5044.80783204315)"
USGS,11281000,SF TUOLUMNE R NR OAKLAND RECREATION CAMP CA,ST,37.82159266,-120.0129616,S,NAD83, 2800.00,25.,NGVD29,18040009,dv,00060,00003,9675,1923-04-01,2002-09-30,28673,"c(-1139.41777637838, -21652.2004409488)"
USGS,11282000,M TUOLUMNE R A OAKLAND RECREATION CAMP CA,ST,37.82825915,-120.0115727,S,NAD83, 2800.00,25.,NGVD29,18040009,dv,00060,00003,9677,1916-10-01,2002-09-30,31046,"c(-1017.23302629135, -20911.1233059191)"
USGS,11283500,CLAVEY R NR BUCK MEADOWS CA,ST,37.90048017,-120.0718517,S,NAD83, 2374.08,.01,NGVD29,18040009,dv,00060,00003,9686,1959-10-01,1995-06-13,11942,"c(-6309.633939788, -12880.2060439689)"
USGS,11284400,BIG C AB WHITES GULCH NR GROVELAND CA,ST,37.8418714,-120.1849103,F,NAD83, 2561.79,.01,NGVD29,18040009,dv,00060,00003,9687,1969-05-01,2020-11-17,18829,"c(-16250.5370689532, -19382.1065598032)"
USGS,11292500,CLARK FORK STANISLAUS R NR DARDANELLE CA,ST,38.36380105,-119.8712915,F,NAD83, 5507.30,.01,NGVD29,18040010,dv,00060,00003,9734,1950-10-01,1994-09-30,16071,"c(11232.571537796, 38630.3187897033)"
USGS,11294000,HIGHLAND C BL SPICER MEADOWS RES CA,ST,38.3929682,-119.9990737,F,NAD83, 6340, 20,NGVD29,18040010,dv,00060,00003,216942,1952-10-01,2019-09-30,24471,"c(80.8078486835862, 41864.9898201916)"
USGS,11294500,NF STANISLAUS R NR AVERY CA,ST,38.2438067,-120.2910282,F,NAD83, 3388.30,.01,NGVD29,18040010,dv,00060,00003,216944,1914-10-01,2019-09-30,37255,"c(-25439.3535631873, 25322.7179367049)"
USGS,11299600,BLACK C NR COPPEROPOLIS CA,ST,37.96103615,-120.6152035,F,NAD83,748.73,.16,NAVD88,18040010,dv,00060,00003,9809,1983-08-24,2020-11-17,13596,"c(-53979.8418313011, -5975.64237126987)"
USGS,11315000,COLE C NR SALT SPRINGS DAM CA,ST,38.5190783,-120.2126928,F,NAD83, 5920, 20,NGVD29,18040012,dv,00060,00003,213496,1927-10-01,2019-09-30,33238,"c(-18523.266673696, 55904.301774004)"
USGS,11316800,FOREST C NR WILSEYVILLE CA,ST,38.40324566,-120.4468676,F,NAD83, 2950, 20,NGVD29,18040012,dv,00060,00003,214064,1960-08-01,2019-10-01,21611,"c(-38977.963642503, 43099.3135442748)"
USGS,11318500,SF MOKELUMNE R NR WEST POINT CA,ST,38.36824625,-120.5454823,F,NAD83, 1950.00, 20,NGVD29,18040012,dv,00060,00003,214066,1933-10-01,2019-09-30,31411,"c(-47601.9152789187, 39253.774644163)"
USGS,11334300,SF COSUMNES R NR RIVER PINES CA,ST,38.5568511,-120.7932682,F,NAD83,NA,NA,NA,18040013,dv,00060,00003,9991,1957-10-01,1980-09-29,8400,"c(-69049.2914783633, 60371.1947376062)"
USGS,11337500,MARSH C NR BYRON CA,ST,37.87325835,-121.7271752,F,NAD83, 177.87,.01,NGVD29,18040003,dv,00060,00003,10041,1953-04-01,1983-09-29,11139,"c(-151718.086439836, -14526.7620496671)"
USGS,11341400,SACRAMENTO R NR MT SHASTA CA,ST,41.26654165,-122.311677,F,NAD83,NA,NA,NA,18020005,dv,00060,00003,205425,1959-10-01,1987-09-29,10226,"c(-193861.785657264, 363444.429085841)"
USGS,11355500,HAT C NR HAT CREEK CA,ST,40.6891111,-121.4228056,S,NAD83, 4290, 20,NGVD29,18020003,dv,00060,00003,10091,1926-07-07,2020-11-17,26390,"c(-120288.413990299, 297892.298775217)"
USGS,11371000,CLEAR C A FRENCH GULCH CA,ST,40.6948699,-122.6366845,F,NAD83, 1320.60,.01,NGVD29,18020154,dv,00060,00003,10162,1950-10-01,1993-09-30,15706,"c(-222875.368193968, 300728.412545817)"
USGS,11372000,CLEAR C NR IGO CA,ST,40.51320587,-122.5241795,F,NAD83, 672.99,.01,NGVD29,18020154,dv,00060,00003,10170,1940-10-01,2020-11-17,29267,"c(-213904.73615269, 280305.826916005)"
USGS,11374000,COW C NR MILLVILLE CA,ST,40.50487467,-122.2330577,F,NAD83, 385.7,0.1,NGVD29,18020151,dv,00060,00003,10185,1949-10-01,2020-11-17,25981,"c(-189261.057328929, 278762.005513956)"
USGS,11375700,NF COTTONWOOD C NR IGO CA,ST,40.4420952,-122.5502903,F,NAD83, 630.00,  5,NGVD29,18020152,dv,00060,00003,10201,1956-10-01,1980-09-29,8765,"c(-216329.281511645, 272471.31720635)"
USGS,11376500,BATTLE C NR COTTONWOOD CA,ST,40.39709897,-122.135831,F,NAD83, 421.47,.01,NGVD29,18020153,dv,00060,00003,10249,1940-10-01,1961-09-29,7669,"c(-181291.708913205, 266606.809860487)"
USGS,11377100,SACRAMENTO R AB BEND BRIDGE NR RED BLUFF CA,ST,40.28848836,-122.1866645,F,NAD83, 285.77,0.1,NGVD29,18020155,dv,00060,00003,10255,1891-10-01,2020-11-17,47165,"c(-185883.933683391, 254646.220070395)"
USGS,11379000,ANTELOPE C NR RED BLUFF CA,ST,40.2037674,-122.1183272,F,NAD83, 360.00,  5,NGVD29,18020156,dv,00060,00003,10273,1940-10-01,1982-09-29,15339,"c(-180285.926003514, 245106.958539125)"
USGS,11390672,STONE CORRAL C NR SITES CA,ST,39.2882206,-122.3010909,F,NAD83,NA,NA,NA,18020104,dv,00060,00003,10407,1958-04-01,1985-09-29,9678,"c(-198306.206877319, 143778.538329541)"
USGS,11394500,MF FEATHER R NR MERRIMAC CA,ST,39.7082199,-121.2705175,F,NAD83,NA,NA,NA,18020123,dv,00060,00003,10445,1951-10-01,1986-09-29,12783,"c(-108874.266669725, 188771.90451515)"
USGS,11396400,SUCKER RUN NR FORBESTOWN CA,ST,39.55322067,-121.302185,F,NAD83,NA,NA,NA,18020123,dv,00060,00003,10472,1965-07-01,1987-09-30,8127,"c(-111824.316626477, 171587.963256364)"
USGS,11400000,BUTT C AB ALMANOR-BUTT C TU NR PRATTVILLE CA,ST,40.1896078,-121.1907965,F,NAD83, 4400, 20,NGVD29,18020121,dv,00060,00003,10479,1936-10-01,1964-09-29,10226,"c(-101371.455435214, 242156.686622411)"
USGS,11406999,FEATHER R A OROVILLE R ONLY CA,ST,39.52155294,-121.5477477,F,NAD83,NA,NA,NA,18020159,dv,00060,00003,10561,1973-10-01,2017-09-30,14974,"c(-132967.577002795, 168386.506418193)"
USGS,11408850,M YUBA R NR CAMPTONVILLE CA,ST,39.41683845,-120.9527274,F,NAD83,NA,NA,NA,18020125,dv,00060,00003,10596,1967-08-18,1989-09-30,8080,"c(-81968.3501139951, 156076.867487764)"
USGS,11409300,OREGON C A CAMPTONVILLE CA,ST,39.4460031,-121.046343,F,NAD83, 2230, 20,NGVD29,18020125,dv,00060,00003,10603,1967-10-01,2000-09-30,12054,"c(-89986.5327751182, 159402.489800814)"
USGS,11409500,OREGON C NR NORTH SAN JUAN CA,ST,39.4026698,-121.0774542,F,NAD83, 1580.00, 20,NGVD29,18020125,dv,00060,00003,10610,1911-10-01,1969-10-01,21186,"c(-92716.73686844, 154617.361607357)"
USGS,11413100,N YUBA R AB SLATE C NR STRAWBERRY CA,ST,39.52461288,-121.0916235,F,NAD83,NA,NA,NA,18020125,dv,00060,00003,205469,1968-07-01,1987-09-29,7030,"c(-93779.9569753145, 168181.050057407)"
USGS,11413320,DEADWOOD C NR STRAWBERRY VALLEY CA,ST,39.54989055,-121.0944014,S,NAD83, 3275, 12,NGVD29,18020125,dv,00060,00003,217680,1994-10-01,2019-09-30,8766,"c(-93986.1699521289, 170992.429157146)"
USGS,11413323,OWL GULCH NR STRAWBERRY VALLEY CA,ST,39.5454461,-121.0952348,S,NAD83, 3050,12.,NGVD29,18020125,dv,00060,00003,217682,1994-10-01,2019-09-30,8401,"c(-94063.4433334879, 170499.431034029)"
USGS,11414000,S YUBA R NR CISCO CA,ST,39.3212909,-120.5643753,F,NAD83, 5520.00, 20,NGVD29,18020125,dv,00060,00003,10657,1942-10-01,1994-10-12,19005,"c(-48620.0312294461, 145191.736418237)"
USGS,11418000,YUBA R BL ENGLEBRIGHT DAM NR SMARTSVILLE CA,ST,39.23517079,-121.2741256,F,NAD83,NA,NA,NA,18020125,dv,00060,00003,217518,1941-10-01,2019-09-30,28124,"c(-109889.847651831, 136214.693791617)"
USGS,11419000,YUBA R A SMARTSVILLE CA,ST,39.2235041,-121.2935704,F,NAD83, 264.17,.01,NGVD29,18020125,dv,00060,00003,10753,1903-10-01,1941-09-29,13879,"c(-111584.495150316, 134940.948158029)"
USGS,11426150,ONION C NR SODA SPRINGS CA,ST,39.26712708,-120.3649233,F,NAD83,NA,NA,NA,18020128,dv,00060,00003,10826,1959-10-01,1979-10-01,7306,"c(-31460.836471187, 139088.253601465)"
USGS,11427700,DUNCAN CYN C NR FRENCH MEADOWS CA,ST,39.1357376,-120.4785353,F,NAD83, 5270,  2,NGVD29,18020128,dv,00060,00003,217492,1961-07-31,2019-09-30,21246,"c(-41329.2046250179, 124529.884596027)"
USGS,11433260,NF OF MF AMERICAN R NR FORESTHILL CA,ST,39.0240671,-120.7185401,F,NAD83,NA,NA,NA,18020128,dv,00060,00003,10885,1965-08-01,1985-09-29,7365,"c(-62151.2031572132, 112249.862618843)"
USGS,11433300,MF AMERICAN R NR FORESTHILL CA,ST,39.0060108,-120.7607633,F,NAD83,NA,NA,NA,18020128,dv,00060,00003,217474,1958-10-01,2019-09-30,22280,"c(-65819.3891760851, 110271.564946404)"
USGS,11433500,MF AMERICAN R NR AUBURN CA,ST,38.917954,-121.0152215,F,NAD83, 552.35,.01,NGVD29,18020128,dv,00060,00003,10891,1911-10-01,1986-01-31,26876,"c(-87938.557814721, 100691.129839419)"
USGS,11445500,SF AMERICAN R NR LOTUS CA,ST,38.81851188,-120.946885,F,NAD83, 635.00, 20,NGVD29,18020129,dv,00060,00003,10964,1951-10-01,1995-09-30,16071,"c(-82129.837209527, 89577.4606083566)"
USGS,11449500,KELSEY C NR KELSEYVILLE CA,ST,38.92739984,-122.8436046,F,NAD83, 1475.44,.01,NGVD29,18020116,dv,00060,00003,11062,1946-10-01,2020-11-17,27077,"c(-246249.524229175, 104963.355490028)"
USGS,11451100,NF CACHE C A HOUGH SPRING NR CLEARLAKE OAKS CA,ST,39.1654458,-122.6199862,F,NAD83, 1840, 20,NGVD29,18020116,dv,00060,00003,11067,1971-10-01,2020-11-17,17945,"c(-226158.796241741, 130852.399235078)"
USGS,11451715,BEAR C AB HOLSTEN CHIMNEY CYN NR RUMSEY CA,ST,38.95767446,-122.3427535,S,NAD83, 920, 20,NGVD29,18020116,dv,00060,00003,11082,1997-11-20,2020-11-17,8399,"c(-202803.619259447, 107140.921196867)"
USGS,11457000,DRY C NR NAPA CA,ST,38.35630164,-122.364977,F,NAD83,NA,NA,NA,18050002,dv,00060,00003,11265,1951-04-01,1966-09-29,5661,"c(-206394.316559657, 40363.4012636873)"
USGS,11458300,NAPA C A NAPA,ST,38.3018588,-122.3038634,F,NAD83, 32.60,.01,NGVD29,18050002,dv,00060,00003,11278,1970-10-01,1983-09-29,4747,"c(-201208.976147278, 34181.814987056)"
USGS,11460100,ARROYO CORTE MADERA D PRES A MILL VALLEY CA,ST,37.8971482,-122.5360868,F,NAD83, 1.85,.01,NGVD29,18050002,dv,00060,00003,11307,1965-10-01,1986-09-29,7091,"c(-222689.017303523, -10274.4071560223)"
USGS,11464500,DRY C NR CLOVERDALE CA,ST,38.74963216,-123.0922252,F,NAD83, 304.04,.01,NGVD29,18010110,dv,00060,00003,11447,1941-10-01,1980-09-29,14244,"c(-268416.495696114, 85888.8230927722)"
USGS,11467200,AUSTIN C NR CAZADERO CA,ST,38.5065797,-123.0697239,S,NAD83, 40, 20,NGVD29,18010110,dv,00060,00003,11537,1959-06-01,2020-11-17,8936,"c(-267338.592378549, 58822.5225715945)"
USGS,11467500,SF GUALALA R NR ANNAPOLIS CA,ST,38.70491205,-123.4230642,F,NAD83, 70, 20,NGVD29,18010109,dv,00060,00003,11542,1950-10-01,1994-06-30,8720,"c(-297302.091797419, 81907.9679767801)"
USGS,11467600,GARCIA R NR POINT ARENA CA,ST,38.92629636,-123.6302925,F,NAD83, 55.31,.01,NGVD29,18010108,dv,00060,00003,11550,1962-08-01,1983-09-29,7730,"c(-314349.868021928, 107166.618509898)"
USGS,11468000,NAVARRO R NR NAVARRO CA,ST,39.17045608,-123.668069,F,NAD83, 4.79,.01,NGVD29,18010108,dv,00060,00003,11556,1950-10-01,2020-11-17,25616,"c(-316569.708322308, 134408.822218728)"
USGS,11468500,NOYO R NR FORT BRAGG CA,ST,39.42822378,-123.7377917,F,NAD83, 11.73,.01,NGVD29,18010108,dv,00060,00003,11572,1951-10-01,2020-11-17,25251,"c(-321454.911990616, 163267.652190706)"
USGS,11468600,MF TEN MILE R NR FORT BRAGG CA,ST,39.57266134,-123.7002934,F,NAD83, 53.88,.01,NGVD29,18010108,dv,00060,00003,11577,1964-09-01,1973-10-25,3342,"c(-317605.398124938, 179178.90702329)"
USGS,11468900,MATTOLE R NR ETTERSBURG CA,ST,40.139309,-123.991423,S,NAD83, 578.93,.01,NGVD29,18010107,dv,00060,00003,11579,2001-06-21,2020-11-16,7087,"c(-339930.023761066, 243089.727671498)"
USGS,11472160,WILLITS C AB LK EMILY NR WILLITS CA,ST,39.449329,-123.3980667,S,NAD83, 1580, 20,NGVD29,18010103,dv,00060,00003,11614,2003-10-01,2012-09-29,3287,"c(-292167.220286682, 164511.903794578)"
USGS,11472900,BLACK BUTTE R NR COVELO CA,ST,39.82071008,-123.0816755,S,NAD83, 1456.71,.01,NGVD29,18010104,dv,00060,00003,11632,1958-10-01,2005-09-29,7668,"c(-263632.793994898, 204825.465075613)"
USGS,11473100,WILLIAMS C NR COVELO CA,ST,39.82487658,-123.1413996,F,NAD83, 1435.92,.01,NGVD29,18010104,dv,00060,00003,11643,1961-10-01,1969-10-01,2923,"c(-268724.915588659, 205455.792087006)"
USGS,11473900,MF EEL R NR DOS RIOS CA,ST,39.70626687,-123.3252913,F,NAD83, 901.58,.01,NGVD29,18010104,dv,00060,00003,11655,1965-10-01,2020-11-17,20137,"c(-284911.4081963, 192822.360258027)"
USGS,11474500,NF EEL R NR MINA CA,ST,39.9373742,-123.3469626,S,NAD83, 1016.80,.01,NGVD29,18010105,dv,00060,00003,11665,1953-10-01,2005-09-29,9867,"c(-285861.203477495, 218547.733201929)"
USGS,11475500,SF EEL R NR BRANSCOMB CA,ST,39.71904456,-123.652796,F,NAD83, 1383.63,.01,NGVD29,18010106,dv,00060,00003,11687,1946-10-01,1970-09-29,8765,"c(-312904.107363921, 195273.640373046)"
USGS,11475560,ELDER C NR BRANSCOMB CA,ST,39.7295997,-123.6439073,F,NAD83, 1391.08,.01,NGVD29,18010106,dv,00060,00003,11694,1967-10-01,2020-11-17,19407,"c(-312098.000392607, 196416.221005638)"
USGS,11475800,SF EEL R A LEGGETT CA,ST,39.8745957,-123.7205775,F,NAD83, 691.32,.01,NGVD29,18010106,dv,00060,00003,11705,1965-10-01,2020-11-17,18004,"c(-318029.395709806, 212768.127795893)"
USGS,11476500,SF EEL R NR MIRANDA CA,ST,40.18181004,-123.7761426,F,NAD83, 217.57,.01,NGVD29,18010106,dv,00060,00003,11711,1939-10-01,2020-11-17,29634,"c(-321417.640197882, 247055.69067301)"
USGS,11476600,BULL C NR WEOTT CA,ST,40.351528,-124.0050423,S,NAD83, 269.36,.01,NGVD29,18010106,dv,00060,00003,11715,1960-10-01,2020-11-17,21478,"c(-340093.817435728, 266688.184139099)"
USGS,11477000,EEL R A SCOTIA CA,ST,40.49152384,-124.0997699,F,NAD83, 35.50,.01,NGVD29,18010105,dv,00060,00003,11722,1910-10-01,2020-11-17,39485,"c(-347460.715511042, 282564.230006251)"
USGS,11477500,VAN DUZEN R NR DINSMORE CA,ST,40.4845857,-123.6580935,F,NAD83, 1996.88,.01,NGVD29,18010105,dv,00060,00003,11734,1953-10-01,1974-09-29,5842,"c(-310077.498132637, 280262.812845659)"
USGS,11478500,VAN DUZEN R NR BRIDGEVILLE CA,ST,40.48041636,-123.890876,F,NAD83, 358.18,.01,NGVD29,18010105,dv,00060,00003,11742,1950-10-01,2020-11-17,25616,"c(-329817.504224538, 280585.755692971)"
USGS,11480390,MAD R AB RUTH RES NR FOREST GLEN CA,ST,40.28431329,-123.3353034,F,NAD83,NA,NA,NA,18010102,dv,00060,00003,11749,1980-06-20,2020-08-26,14678,"c(-283510.371754902, 257026.183205909)"
USGS,11480800,NF MAD R NR KORBEL CA,ST,40.88624107,-123.9417258,F,NAD83,NA,NA,NA,18010102,dv,00060,00003,11764,1957-10-01,1974-09-29,3285,"c(-332252.680332277, 325781.915116236)"
USGS,11481200,LITTLE R NR TRINIDAD CA,ST,41.0098479,-124.0814555,S,NAD83, 17.62,.01,NGVD29,18010102,dv,00060,00003,11771,1955-10-01,2020-11-17,23790,"c(-343433.049043099, 339987.624774228)"
USGS,11481500,REDWOOD C NR BLUE LAKE CA,ST,40.90596479,-123.815335,F,NAD83, 850, 40,NGVD29,18010102,dv,00060,00003,11775,1953-10-01,2020-11-17,17944,"c(-321516.815620271, 327533.710114819)"
USGS,11482110,LACKS C NR ORICK CA,ST,41.060683,-123.8670069,F,NAD83,NA,NA,NA,18010102,dv,00060,00003,11779,1980-10-01,1991-10-28,4045,"c(-325168.548339078, 344868.584213763)"
USGS,11482120,REDWOOD C AB PANTHER C NR ORICK CA,ST,41.08901555,-123.907564,F,NAD83,NA,NA,NA,18010102,dv,00060,00003,11780,1980-10-01,1989-10-04,3291,"c(-328447.426902065, 348150.17722019)"
USGS,11482125,PANTHER C NR ORICK CA,ST,41.08846,-123.9083973,F,NAD83,NA,NA,NA,18010102,dv,00060,00003,11783,1979-10-01,1991-09-30,4383,"c(-328519.970628536, 348091.460982376)"
USGS,11482200,REDWOOD C AT S PARK BOUNDARY NR ORICK CA,ST,41.1717918,-123.9497889,F,NAD83, 226.84,.01,NGVD29,18010102,dv,00060,00003,11790,1970-10-01,1981-10-28,4046,"c(-331611.97384076, 357475.49468256)"
USGS,11482500,REDWOOD C A ORICK CA,ST,41.2992896,-124.0511825,F,NAD83, 5.16,.01,NGVD29,18010102,dv,00060,00003,11795,1911-09-01,2020-11-17,25280,"c(-339515.201898862, 371969.396993158)"
USGS,11522300,SF SALMON R NR FORKS OF SALMON CA,ST,41.22207858,-123.2511584,F,NAD83,NA,NA,NA,18010210,dv,00060,00003,11867,1957-09-01,1965-09-29,2951,"c(-272791.278949906, 360824.863831805)"
USGS,11522500,SALMON R A SOMES BAR CA,ST,41.3765154,-123.4770026,S,NAD83, 482.97,.01,NGVD29,18010210,dv,00060,00003,11871,1911-10-01,2020-11-17,35477,"c(-291104.42248219, 378621.360102245)"
USGS,11523200,TRINITY R AB COFFEE C NR TRINITY CENTER CA,ST,41.1112571,-122.7055788,F,NAD83, 2536.93,.01,NGVD29,18010211,dv,00060,00003,11886,1957-10-01,2020-11-17,23059,"c(-227378.534708645, 347093.659545123)"
USGS,11525500,TRINITY R A LEWISTON CA,ST,40.7247222,-122.801111,F,NAD83, 1830, 33,NGVD29,18010211,dv,00060,00003,11893,1911-10-01,2020-11-17,39861,"c(-236672.28523991, 304439.852482665)"
USGS,11525530,RUSH C NR LEWISTON CA,ST,40.7245899,-122.8347458,1,NAD83, 1837, 33,NGVD29,18010211,dv,00060,00003,11896,2002-10-01,2020-11-17,6452,"c(-239513.76375376, 304509.637978589)"
USGS,11525670,INDIAN C NR DOUGLAS CITY CA,ST,40.65181225,-122.9144689,S,NAD83, 1700, 66,NGVD29,18010211,dv,00060,00003,11917,2004-10-01,2020-11-17,5891,"c(-246495.997310606, 296637.505427967)"
USGS,11526500,NF TRINITY R A HELENA CA,ST,40.7818089,-123.1283653,U,NAD83, 1460.00, 66,NGVD29,18010211,dv,00060,00003,11934,1911-10-01,2019-10-07,12225,"c(-264104.154984588, 311638.741010115)"
USGS,11527400,NEW R A DENNY CA,ST,40.9456916,-123.3830998,F,NAD83, 1349.34,.01,NGVD29,18010211,dv,00060,00003,11941,1927-10-01,1969-09-29,4205,"c(-284951.65123001, 330557.770312287)"
USGS,11528700,SF TRINITY R BL HYAMPOM CA,ST,40.6498627,-123.4942046,F,NAD83, 1211.37,.01,NGVD29,18010212,dv,00060,00003,11957,1965-10-01,2020-11-17,20137,"c(-295515.713180772, 298078.323786816)"
USGS,11529000,SF TRINITY R NR SALYER CA,ST,40.841525,-123.5678243,F,NAD83, 559.99,.01,NGVD29,18010212,dv,00060,00003,11962,1950-10-01,1982-04-30,6571,"c(-300938.4975061, 319573.422856661)"
USGS,11532000,SF SMITH R NR CRESCENT CITY CA,ST,41.7915024,-124.026187,F,NAD83,NA,NA,NA,18010101,dv,00060,00003,12005,1911-10-01,1979-09-29,4060,"c(-335103.804535962, 426428.637706863)"
USGS,11532500,SMITH R NR CRESCENT CITY CA,ST,41.7915026,-124.0761887,F,NAD83, 79.26,.05,NGVD29,18010101,dv,00060,00003,12011,1931-10-01,2020-11-17,32556,"c(-339262.949149004, 426606.489249423)"
