Year,1951,1952,1953,1954,1955,1956,1957,1958,1959,1960,1961,1962,1963,1964,1965,1966,1967,1968,1969,1970,1971,1972,1973,1974,1975,1976,1977,1978,1979,1980,1981,1982,1983,1984,1985,1986,1987,1988,1989,1990,1991,1992,1993,1994
FA_Mag,410.46972751509736,38.999830595486074,nan,64.99712318237103,nan,nan,46.078370684362,3739.9302790660963,33.99058567428473,16.06230930759562,29.986964415397587,21.99877968530774,nan,271.9934028437833,325.9914537445577,nan,nan,29.999559122102667,124.99651910917495,149.9779462878245,644.9913811193022,nan,nan,nan,nan,nan,nan,nan,nan,nan,nan,nan,nan,nan,nan,nan,nan,nan,nan,nan,nan,195.9517440067866,102.99457228482812,nan
FA_Tim,34.0,2.0,nan,18.0,nan,nan,26.0,8.0,41.0,9.0,6.0,11.0,nan,14.0,28.0,nan,nan,2.0,11.0,15.0,35.0,nan,nan,nan,nan,nan,nan,nan,nan,nan,nan,nan,nan,nan,nan,nan,nan,nan,nan,nan,nan,25.0,29.0,nan
FA_Dur,4.0,6.0,nan,2.0,nan,nan,10.0,6.0,4.0,8.0,3.0,3.0,nan,5.0,10.0,nan,nan,1.0,4.0,3.0,3.0,nan,nan,nan,nan,nan,nan,nan,nan,nan,nan,nan,nan,nan,nan,nan,nan,nan,nan,nan,nan,7.0,2.0,nan
Wet_BFL_Mag_10,92.0,233.0,84.0,183.0,54.0,101.20000000000002,91.60000000000001,276.0,18.400000000000006,93.20000000000002,83.19999999999999,7.6,30.0,85.0,118.60000000000001,72.0,92.40000000000002,52.0,184.0,223.2,75.0,nan,nan,nan,nan,nan,nan,nan,nan,nan,nan,nan,nan,nan,nan,nan,nan,nan,nan,nan,nan,41.800000000000004,102.0,nan
Wet_BFL_Mag_50,422.0,736.0,226.0,503.0,154.0,1040.0,273.0,1610.0,264.0,249.0,289.0,164.0,137.0,153.0,310.0,312.0,499.0,298.0,790.0,1020.0,480.0,nan,nan,nan,nan,nan,nan,nan,nan,nan,nan,nan,nan,nan,nan,nan,nan,nan,nan,nan,nan,146.0,343.5,nan
Wet_Tim,49.0,47.0,56.0,91.0,34.0,59.0,97.0,98.0,83.0,96.0,49.0,48.0,5.0,30.0,69.0,35.0,39.0,55.0,65.0,67.0,49.0,nan,nan,nan,nan,nan,nan,nan,nan,nan,nan,nan,nan,nan,nan,nan,nan,nan,nan,nan,nan,75.0,59.0,nan
Wet_BFL_Dur,171.0,126.0,157.0,121.0,172.0,89.0,137.0,89.0,59.0,117.0,122.0,111.0,194.0,86.0,132.0,162.0,170.0,116.0,125.0,77.0,131.0,nan,nan,nan,nan,nan,nan,nan,nan,nan,nan,nan,nan,nan,nan,nan,nan,nan,nan,nan,nan,125.0,192.0,nan
Peak_2,12400.0,12400.0,12400.0,12400.0,12400.0,12400.0,12400.0,12400.0,12400.0,12400.0,12400.0,12400.0,12400.0,12400.0,12400.0,12400.0,12400.0,12400.0,12400.0,12400.0,12400.0,nan,nan,nan,nan,nan,nan,nan,nan,nan,nan,nan,nan,nan,nan,nan,nan,nan,nan,nan,nan,12400.0,12400.0,nan
Peak_5,17180.0,17180.0,17180.0,17180.0,17180.0,17180.0,17180.0,17180.0,17180.0,17180.0,17180.0,17180.0,17180.0,17180.0,17180.0,17180.0,17180.0,17180.0,17180.0,17180.0,17180.0,nan,nan,nan,nan,nan,nan,nan,nan,nan,nan,nan,nan,nan,nan,nan,nan,nan,nan,nan,nan,17180.0,17180.0,nan
Peak_10,18860.0,18860.0,18860.0,18860.0,18860.0,18860.0,18860.0,18860.0,18860.0,18860.0,18860.0,18860.0,18860.0,18860.0,18860.0,18860.0,18860.0,18860.0,18860.0,18860.0,18860.0,nan,nan,nan,nan,nan,nan,nan,nan,nan,nan,nan,nan,nan,nan,nan,nan,nan,nan,nan,nan,18860.0,18860.0,nan
Peak_Dur_2,1.0,1.0,nan,2.0,nan,2.0,nan,1.0,nan,1.0,nan,1.0,1.0,nan,1.0,nan,1.0,nan,2.0,3.0,3.0,nan,nan,nan,nan,nan,nan,nan,nan,nan,nan,nan,nan,nan,nan,nan,nan,nan,nan,nan,nan,nan,nan,nan
Peak_Dur_5,nan,nan,nan,2.0,nan,2.0,nan,nan,nan,1.0,nan,1.0,nan,nan,nan,nan,nan,nan,nan,1.0,nan,nan,nan,nan,nan,nan,nan,nan,nan,nan,nan,nan,nan,nan,nan,nan,nan,nan,nan,nan,nan,nan,nan,nan
Peak_Dur_10,nan,nan,nan,nan,nan,1.0,nan,nan,nan,1.0,nan,1.0,nan,nan,nan,nan,nan,nan,nan,nan,nan,nan,nan,nan,nan,nan,nan,nan,nan,nan,nan,nan,nan,nan,nan,nan,nan,nan,nan,nan,nan,nan,nan,nan
Peak_Fre_2,1.0,1.0,nan,1.0,nan,2.0,nan,1.0,nan,1.0,nan,1.0,1.0,nan,1.0,nan,1.0,nan,1.0,3.0,2.0,nan,nan,nan,nan,nan,nan,nan,nan,nan,nan,nan,nan,nan,nan,nan,nan,nan,nan,nan,nan,nan,nan,nan
Peak_Fre_5,nan,nan,nan,1.0,nan,2.0,nan,nan,nan,1.0,nan,1.0,nan,nan,nan,nan,nan,nan,nan,1.0,nan,nan,nan,nan,nan,nan,nan,nan,nan,nan,nan,nan,nan,nan,nan,nan,nan,nan,nan,nan,nan,nan,nan,nan
Peak_Fre_10,nan,nan,nan,nan,nan,1.0,nan,nan,nan,1.0,nan,1.0,nan,nan,nan,nan,nan,nan,nan,nan,nan,nan,nan,nan,nan,nan,nan,nan,nan,nan,nan,nan,nan,nan,nan,nan,nan,nan,nan,nan,nan,nan,nan,nan
SP_Mag,555.0,2280.0,1430.0,931.0,6930.0,12300.0,2590.0,7470.0,11300.0,295.0,4610.0,4700.0,4510.0,4520.0,2740.0,550.0,1230.0,2720.0,846.0,1450.0,7280.0,nan,nan,nan,nan,nan,nan,nan,nan,nan,nan,nan,nan,nan,nan,nan,nan,nan,nan,nan,nan,332.0,554.0,nan
SP_Tim,220.0,173.0,213.0,212.0,206.0,148.0,234.0,187.0,142.0,213.0,171.0,159.0,199.0,116.0,201.0,197.0,209.0,171.0,190.0,144.0,180.0,nan,nan,nan,nan,nan,nan,nan,nan,nan,nan,nan,nan,nan,nan,nan,nan,nan,nan,nan,nan,200.0,251.0,nan
SP_Dur,25.0,31.0,16.0,41.0,42.0,27.0,33.0,30.0,98.0,33.0,27.0,37.0,44.0,123.0,26.0,53.0,25.0,53.0,49.0,39.0,40.0,nan,nan,nan,nan,nan,nan,nan,nan,nan,nan,nan,nan,nan,nan,nan,nan,nan,nan,nan,nan,100.0,53.0,nan
SP_ROC,0.06896551724137931,0.0625,0.08061363636363636,0.05638276752034942,0.0594059405940594,0.0676852597664116,0.09420289855072464,0.0625,0.06315789473684211,0.04871794871794872,0.09214715245843651,0.075,0.07370726891274837,0.06770833333333334,0.07675751676400605,0.04257246376811594,0.064136460554371,0.046568295654528226,0.060240963855421686,0.0724519097168617,0.10501508965027517,nan,nan,nan,nan,nan,nan,nan,nan,nan,nan,nan,nan,nan,nan,nan,nan,nan,nan,nan,nan,0.06976744186046512,0.043478260869565216,nan
DS_Mag_50,9.4,9.1,19.5,12.0,7.4,15.0,72.0,12.0,7.9,6.9,6.5,13.0,15.0,6.05,10.0,4.5,13.0,15.0,9.3,5.4,nan,nan,nan,nan,nan,nan,nan,nan,nan,nan,nan,nan,nan,nan,nan,nan,nan,nan,nan,nan,nan,3.6,nan,nan
DS_Mag_90,33.0,96.30000000000001,210.8000000000004,31.400000000000006,36.400000000000006,98.60000000000002,655.0000000000008,84.0,17.0,30.400000000000034,73.5,72.0,52.0,230.0,59.70000000000002,16.0,79.0,56.400000000000006,37.70000000000002,74.70000000000002,nan,nan,nan,nan,nan,nan,nan,nan,nan,nan,nan,nan,nan,nan,nan,nan,nan,nan,nan,nan,nan,14.0,nan,nan
DS_Tim,245.0,204.0,229.0,253.0,248.0,175.0,267.0,217.0,240.0,246.0,198.0,196.0,243.0,239.0,227.0,250.0,234.0,224.0,239.0,183.0,220.0,nan,nan,nan,nan,nan,nan,nan,nan,nan,nan,nan,nan,nan,nan,nan,nan,nan,nan,nan,nan,300.0,304.0,nan
DS_Dur_WS,168.0,218.0,228.0,147.0,177.0,288.0,197.0,232.0,222.0,169.0,216.0,175.0,153.0,196.0,174.0,155.0,187.0,207.0,194.0,232.0,nan,nan,nan,nan,nan,nan,nan,nan,nan,nan,nan,nan,nan,nan,nan,nan,nan,nan,nan,nan,nan,125.0,nan,nan
