Year,1954,1955,1956,1957,1958,1959,1960,1961,1962,1963,1964,1965,1966,1967,1968,1969,1970,1971,1972,1973,1974,1975,1976,1977,1978,1979,1980,1981,1982,1983,1984,1985,1986,1987,1988,1989,1990,1991,1992,1993,1994,1995,1996,1997,1998,1999,2000,2001,2002,2003,2004,2005
FA_Mag,124.99781073991937,nan,nan,1699.991162532795,1399.9805867488537,209.99603088463502,10.968991367072011,7.899687997154265,49.99219570840093,nan,172.99791171529193,2179.9908782693233,nan,nan,62.000065279676484,53.99658937851578,179.99608193726175,nan,41.99986206612941,68.00001643647506,1399.9867295035137,51.00281455144507,89.98127521214492,nan,nan,nan,nan,nan,nan,nan,nan,nan,nan,nan,nan,nan,nan,nan,nan,nan,nan,nan,nan,nan,nan,nan,nan,nan,nan,1059.9903174787653,nan,221.0007217346955
FA_Tim,18.0,nan,nan,29.0,8.0,44.0,10.0,6.0,27.0,nan,15.0,42.0,nan,nan,1.0,12.0,16.0,nan,0.0,11.0,22.0,28.0,10.0,nan,nan,nan,nan,nan,nan,nan,nan,nan,nan,nan,nan,nan,nan,nan,nan,nan,nan,nan,nan,nan,nan,nan,nan,nan,nan,40.0,nan,19.0
FA_Dur,2.0,nan,nan,5.0,3.0,8.0,4.0,5.0,8.0,nan,2.0,5.0,nan,nan,8.0,4.0,4.0,nan,4.0,4.0,3.0,3.0,6.0,nan,nan,nan,nan,nan,nan,nan,nan,nan,nan,nan,nan,nan,nan,nan,nan,nan,nan,nan,nan,nan,nan,nan,nan,nan,nan,11.0,nan,4.0
Wet_BFL_Mag_10,186.8,138.60000000000002,329.09999999999997,173.0,488.20000000000005,155.0,108.6,81.0,51.8,57.60000000000001,122.0,356.6,112.10000000000001,108.60000000000001,123.2,350.6,266.5,166.6,212.0,114.2,423.8,171.0,56.0,nan,nan,nan,nan,nan,nan,nan,nan,nan,nan,nan,nan,nan,nan,nan,nan,nan,nan,nan,nan,nan,nan,nan,nan,nan,352.1,221.0,333.6,204.2
Wet_BFL_Mag_50,727.5,350.0,1520.0,396.0,2400.0,492.0,369.5,448.0,477.5,235.5,305.0,2800.0,620.0,880.0,645.0,1190.0,933.5,696.0,555.5,970.0,1450.0,1025.0,244.5,nan,nan,nan,nan,nan,nan,nan,nan,nan,nan,nan,nan,nan,nan,nan,nan,nan,nan,nan,nan,nan,nan,nan,nan,nan,859.5,1120.0,1100.0,615.0
Wet_Tim,38.0,34.0,45.0,99.0,72.0,78.0,108.0,40.0,50.0,5.0,30.0,50.0,35.0,39.0,55.0,52.0,66.0,31.0,53.0,61.0,30.0,84.0,21.0,nan,nan,nan,nan,nan,nan,nan,nan,nan,nan,nan,nan,nan,nan,nan,nan,nan,nan,nan,nan,nan,nan,nan,nan,nan,46.0,65.0,55.0,58.0
Wet_BFL_Dur,152.0,177.0,102.0,135.0,115.0,106.0,134.0,187.0,130.0,194.0,85.0,69.0,162.0,193.0,117.0,157.0,96.0,149.0,146.0,124.0,154.0,126.0,176.0,nan,nan,nan,nan,nan,nan,nan,nan,nan,nan,nan,nan,nan,nan,nan,nan,nan,nan,nan,nan,nan,nan,nan,nan,nan,132.0,149.0,127.0,207.0
Peak_2,14000.0,14000.0,14000.0,14000.0,14000.0,14000.0,14000.0,14000.0,14000.0,14000.0,14000.0,14000.0,14000.0,14000.0,14000.0,14000.0,14000.0,14000.0,14000.0,14000.0,14000.0,14000.0,14000.0,nan,nan,nan,nan,nan,nan,nan,nan,nan,nan,nan,nan,nan,nan,nan,nan,nan,nan,nan,nan,nan,nan,nan,nan,nan,14000.0,14000.0,14000.0,14000.0
Peak_5,19320.000000000004,19320.000000000004,19320.000000000004,19320.000000000004,19320.000000000004,19320.000000000004,19320.000000000004,19320.000000000004,19320.000000000004,19320.000000000004,19320.000000000004,19320.000000000004,19320.000000000004,19320.000000000004,19320.000000000004,19320.000000000004,19320.000000000004,19320.000000000004,19320.000000000004,19320.000000000004,19320.000000000004,19320.000000000004,19320.000000000004,nan,nan,nan,nan,nan,nan,nan,nan,nan,nan,nan,nan,nan,nan,nan,nan,nan,nan,nan,nan,nan,nan,nan,nan,nan,19320.000000000004,19320.000000000004,19320.000000000004,19320.000000000004
Peak_10,31780.0,31780.0,31780.0,31780.0,31780.0,31780.0,31780.0,31780.0,31780.0,31780.0,31780.0,31780.0,31780.0,31780.0,31780.0,31780.0,31780.0,31780.0,31780.0,31780.0,31780.0,31780.0,31780.0,nan,nan,nan,nan,nan,nan,nan,nan,nan,nan,nan,nan,nan,nan,nan,nan,nan,nan,nan,nan,nan,nan,nan,nan,nan,31780.0,31780.0,31780.0,31780.0
Peak_Dur_2,1.0,nan,5.0,nan,nan,nan,1.0,nan,nan,nan,1.0,4.0,2.0,1.0,nan,1.0,1.0,1.0,nan,1.0,4.0,2.0,nan,nan,nan,nan,nan,nan,nan,nan,nan,nan,nan,nan,nan,nan,nan,nan,nan,nan,nan,nan,nan,nan,nan,nan,nan,nan,nan,4.0,1.0,nan
Peak_Dur_5,nan,nan,2.0,nan,nan,nan,1.0,nan,nan,nan,nan,3.0,1.0,nan,nan,nan,nan,nan,nan,nan,1.0,1.0,nan,nan,nan,nan,nan,nan,nan,nan,nan,nan,nan,nan,nan,nan,nan,nan,nan,nan,nan,nan,nan,nan,nan,nan,nan,nan,nan,nan,nan,nan
Peak_Dur_10,nan,nan,1.0,nan,nan,nan,nan,nan,nan,nan,nan,2.0,1.0,nan,nan,nan,nan,nan,nan,nan,nan,nan,nan,nan,nan,nan,nan,nan,nan,nan,nan,nan,nan,nan,nan,nan,nan,nan,nan,nan,nan,nan,nan,nan,nan,nan,nan,nan,nan,nan,nan,nan
Peak_Fre_2,1.0,nan,4.0,nan,nan,nan,1.0,nan,nan,nan,1.0,1.0,1.0,1.0,nan,1.0,1.0,1.0,nan,1.0,2.0,2.0,nan,nan,nan,nan,nan,nan,nan,nan,nan,nan,nan,nan,nan,nan,nan,nan,nan,nan,nan,nan,nan,nan,nan,nan,nan,nan,nan,4.0,1.0,nan
Peak_Fre_5,nan,nan,2.0,nan,nan,nan,1.0,nan,nan,nan,nan,1.0,1.0,nan,nan,nan,nan,nan,nan,nan,1.0,1.0,nan,nan,nan,nan,nan,nan,nan,nan,nan,nan,nan,nan,nan,nan,nan,nan,nan,nan,nan,nan,nan,nan,nan,nan,nan,nan,nan,nan,nan,nan
Peak_Fre_10,nan,nan,1.0,nan,nan,nan,nan,nan,nan,nan,nan,1.0,1.0,nan,nan,nan,nan,nan,nan,nan,nan,nan,nan,nan,nan,nan,nan,nan,nan,nan,nan,nan,nan,nan,nan,nan,nan,nan,nan,nan,nan,nan,nan,nan,nan,nan,nan,nan,nan,nan,nan,nan
SP_Mag,6150.0,1370.0,19700.0,3970.0,6440.0,1750.0,1900.0,1270.0,985.0,6260.0,15800.0,10500.0,1320.0,1490.0,3150.0,712.0,3050.0,13000.0,1390.0,1110.0,15300.0,1530.0,1020.0,nan,nan,nan,nan,nan,nan,nan,nan,nan,nan,nan,nan,nan,nan,nan,nan,nan,nan,nan,nan,nan,nan,nan,nan,nan,889.0,7500.0,905.0,1280.0
SP_Tim,190.0,211.0,147.0,234.0,187.0,184.0,242.0,227.0,180.0,199.0,115.0,119.0,197.0,232.0,172.0,209.0,162.0,180.0,199.0,185.0,184.0,210.0,197.0,nan,nan,nan,nan,nan,nan,nan,nan,nan,nan,nan,nan,nan,nan,nan,nan,nan,nan,nan,nan,nan,nan,nan,nan,nan,178.0,214.0,182.0,265.0
SP_Dur,34.0,51.0,109.0,31.0,41.0,34.0,18.0,38.0,40.0,50.0,117.0,99.0,26.0,23.0,31.0,29.0,25.0,50.0,30.0,34.0,38.0,35.0,32.0,nan,nan,nan,nan,nan,nan,nan,nan,nan,nan,nan,nan,nan,nan,nan,nan,nan,nan,nan,nan,nan,nan,nan,nan,nan,17.0,37.0,59.0,29.0
SP_ROC,0.09683446136491822,0.066538420997154,0.04596307307150681,0.08029001074113856,0.07142857142857142,0.06870229007633588,0.09696969696969697,0.08882189239332097,0.08130081300813008,0.0693021766965429,0.058823529411764705,0.06865671641791045,0.07349537037037038,0.09966914805624483,0.06666666666666667,0.07687028140013727,0.08835341365461848,0.07764705882352942,0.07067448680351907,0.06593406593406594,0.07475728155339806,0.06173780487804878,0.07005339734482927,nan,nan,nan,nan,nan,nan,nan,nan,nan,nan,nan,nan,nan,nan,nan,nan,nan,nan,nan,nan,nan,nan,nan,nan,nan,0.07303370786516854,0.08088235294117647,0.06790123456790123,0.07708253058808415
DS_Mag_50,7.2,4.0,17.0,25.0,13.0,4.7,3.5,4.6,5.3,8.2,3.25,5.5,3.8,7.4,10.0,9.1,8.1,11.0,18.0,10.0,15.0,6.8,nan,nan,nan,nan,nan,nan,nan,nan,nan,nan,nan,nan,nan,nan,nan,nan,nan,nan,nan,nan,nan,nan,nan,nan,nan,nan,3.45,4.51,4.66,6.404999999999999
DS_Mag_90,54.0,18.200000000000017,52.80000000000007,381.2000000000001,124.0,48.0,27.5,21.0,65.0,49.80000000000001,45.10000000000005,53.0,35.0,39.0,79.19999999999999,48.0,93.0,78.60000000000005,128.4000000000002,71.80000000000001,132.20000000000005,45.70000000000002,nan,nan,nan,nan,nan,nan,nan,nan,nan,nan,nan,nan,nan,nan,nan,nan,nan,nan,nan,nan,nan,nan,nan,nan,nan,nan,84.55,42.34999999999998,32.52,37.700000000000024
DS_Tim,224.0,262.0,256.0,265.0,228.0,218.0,260.0,265.0,220.0,249.0,232.0,218.0,223.0,255.0,203.0,238.0,187.0,230.0,229.0,219.0,222.0,245.0,229.0,nan,nan,nan,nan,nan,nan,nan,nan,nan,nan,nan,nan,nan,nan,nan,nan,nan,nan,nan,nan,nan,nan,nan,nan,nan,195.0,251.0,241.0,294.0
DS_Dur_WS,176.0,149.0,209.0,173.0,216.0,256.0,146.0,151.0,151.0,147.0,184.0,183.0,182.0,166.0,215.0,194.0,210.0,189.0,198.0,177.0,228.0,142.0,nan,nan,nan,nan,nan,nan,nan,nan,nan,nan,nan,nan,nan,nan,nan,nan,nan,nan,nan,nan,nan,nan,nan,nan,nan,nan,236.0,170.0,183.0,130.0
