Year,1951,1952,1953,1954,1955,1956,1957,1958,1959,1960,1961,1962,1963,1964,1965,1966,1967,1968,1969,1970,1971,1972,1973,1974,1975,1976,1977,1978,1979,1980,1981,1982,1983,1984,1985,1986,1987,1988,1989,1990,1991,1992,1993,1994,1995,1996,1997,1998,1999,2000,2001,2002,2003,2004,2005
FA_Mag,nan,9.60620601833928,nan,4.134440752403206,nan,1.9827334374601158,1.0592770850223114,nan,nan,nan,nan,108.98544595898684,1.6559098845860676,2.2025735901478374,2.0827976594694424,nan,45.9948993218473,nan,nan,19.944283978391102,nan,nan,6.400404278861527,11.940246752797721,1.9738625054322712,nan,nan,nan,5.98060389441228,nan,nan,nan,nan,nan,nan,nan,nan,nan,nan,nan,nan,nan,nan,nan,nan,nan,nan,nan,nan,nan,nan,nan,nan,nan,403.902820149294
FA_Tim,nan,66.0,nan,45.0,nan,47.0,54.0,nan,nan,nan,nan,62.0,57.0,18.0,61.0,nan,37.0,nan,nan,36.0,nan,nan,47.0,48.0,7.0,nan,nan,nan,62.0,nan,nan,nan,nan,nan,nan,nan,nan,nan,nan,nan,nan,nan,nan,nan,nan,nan,nan,nan,nan,nan,nan,nan,nan,nan,19.0
FA_Dur,nan,5.0,nan,16.0,nan,9.0,18.0,nan,nan,nan,nan,20.0,4.0,5.0,20.0,nan,4.0,nan,nan,1.0,nan,nan,14.0,17.0,7.0,nan,nan,nan,3.0,nan,nan,nan,nan,nan,nan,nan,nan,nan,nan,nan,nan,nan,nan,nan,nan,nan,nan,nan,nan,nan,nan,nan,nan,nan,7.0
Wet_BFL_Mag_10,0.75,15.0,2.8,11.0,3.9,3.3800000000000017,2.5300000000000002,5.68,4.22,0.0,2.3,5.460000000000001,1.9600000000000002,2.7,4.800000000000001,0.0,7.3,4.75,6.680000000000002,5.0,1.1,1.8000000000000003,17.599999999999998,10.0,4.840000000000001,0.9,4.72,nan,19.0,nan,nan,nan,nan,nan,nan,nan,nan,nan,nan,nan,nan,nan,nan,nan,nan,nan,nan,nan,nan,nan,nan,nan,1.188,1.673,44.900000000000006
Wet_BFL_Mag_50,1.3,42.0,7.2,21.0,14.0,8.6,10.0,43.5,19.0,3.2,3.1,10.5,4.0,3.8,17.0,30.0,25.0,15.0,70.0,11.0,15.0,3.75,40.5,19.0,19.0,2.7,11.0,nan,44.5,nan,nan,nan,nan,nan,nan,nan,nan,nan,nan,nan,nan,nan,nan,nan,nan,nan,nan,nan,nan,nan,nan,nan,15.95,2.95,124.0
Wet_Tim,93.0,85.0,29.0,101.0,36.0,104.0,91.0,67.0,120.0,56.0,27.0,115.0,75.0,32.0,178.0,38.0,52.0,38.0,102.0,109.0,36.0,72.0,120.0,93.0,120.0,119.0,172.0,nan,92.0,nan,nan,nan,nan,nan,nan,nan,nan,nan,nan,nan,nan,nan,nan,nan,nan,nan,nan,nan,nan,nan,nan,nan,122.0,78.0,84.0
Wet_BFL_Dur,126.0,106.0,146.0,91.0,189.0,123.0,64.0,138.0,37.0,79.0,99.0,24.0,139.0,166.0,33.0,57.0,173.0,106.0,52.0,60.0,80.0,18.0,92.0,91.0,99.0,20.0,65.0,nan,108.0,nan,nan,nan,nan,nan,nan,nan,nan,nan,nan,nan,nan,nan,nan,nan,nan,nan,nan,nan,nan,nan,nan,nan,48.0,88.0,64.0
Peak_2,256.5,256.5,256.5,256.5,256.5,256.5,256.5,256.5,256.5,256.5,256.5,256.5,256.5,256.5,256.5,256.5,256.5,256.5,256.5,256.5,256.5,256.5,256.5,256.5,256.5,256.5,256.5,nan,256.5,nan,nan,nan,nan,nan,nan,nan,nan,nan,nan,nan,nan,nan,nan,nan,nan,nan,nan,nan,nan,nan,nan,nan,256.5,256.5,256.5
Peak_5,549.0,549.0,549.0,549.0,549.0,549.0,549.0,549.0,549.0,549.0,549.0,549.0,549.0,549.0,549.0,549.0,549.0,549.0,549.0,549.0,549.0,549.0,549.0,549.0,549.0,549.0,549.0,nan,549.0,nan,nan,nan,nan,nan,nan,nan,nan,nan,nan,nan,nan,nan,nan,nan,nan,nan,nan,nan,nan,nan,nan,nan,549.0,549.0,549.0
Peak_10,1663.000000000001,1663.000000000001,1663.000000000001,1663.000000000001,1663.000000000001,1663.000000000001,1663.000000000001,1663.000000000001,1663.000000000001,1663.000000000001,1663.000000000001,1663.000000000001,1663.000000000001,1663.000000000001,1663.000000000001,1663.000000000001,1663.000000000001,1663.000000000001,1663.000000000001,1663.000000000001,1663.000000000001,1663.000000000001,1663.000000000001,1663.000000000001,1663.000000000001,1663.000000000001,1663.000000000001,nan,1663.000000000001,nan,nan,nan,nan,nan,nan,nan,nan,nan,nan,nan,nan,nan,nan,nan,nan,nan,nan,nan,nan,nan,nan,nan,1663.000000000001,1663.000000000001,1663.000000000001
Peak_Dur_2,nan,1.0,nan,1.0,nan,2.0,1.0,4.0,nan,nan,nan,5.0,nan,nan,nan,8.0,2.0,1.0,13.0,nan,1.0,2.0,1.0,nan,nan,1.0,nan,nan,nan,nan,nan,nan,nan,nan,nan,nan,nan,nan,nan,nan,nan,nan,nan,nan,nan,nan,nan,nan,nan,nan,nan,nan,3.0,nan,18.0
Peak_Dur_5,nan,nan,nan,nan,nan,nan,nan,nan,nan,nan,nan,2.0,nan,nan,nan,6.0,1.0,nan,5.0,nan,nan,nan,1.0,nan,nan,nan,nan,nan,nan,nan,nan,nan,nan,nan,nan,nan,nan,nan,nan,nan,nan,nan,nan,nan,nan,nan,nan,nan,nan,nan,nan,nan,1.0,nan,8.0
Peak_Dur_10,nan,nan,nan,nan,nan,nan,nan,nan,nan,nan,nan,1.0,nan,nan,nan,1.0,nan,nan,1.0,nan,nan,nan,nan,nan,nan,nan,nan,nan,nan,nan,nan,nan,nan,nan,nan,nan,nan,nan,nan,nan,nan,nan,nan,nan,nan,nan,nan,nan,nan,nan,nan,nan,nan,nan,2.0
Peak_Fre_2,nan,1.0,nan,1.0,nan,1.0,1.0,4.0,nan,nan,nan,1.0,nan,nan,nan,3.0,1.0,1.0,3.0,nan,1.0,1.0,1.0,nan,nan,1.0,nan,nan,nan,nan,nan,nan,nan,nan,nan,nan,nan,nan,nan,nan,nan,nan,nan,nan,nan,nan,nan,nan,nan,nan,nan,nan,2.0,nan,5.0
Peak_Fre_5,nan,nan,nan,nan,nan,nan,nan,nan,nan,nan,nan,1.0,nan,nan,nan,3.0,1.0,nan,3.0,nan,nan,nan,1.0,nan,nan,nan,nan,nan,nan,nan,nan,nan,nan,nan,nan,nan,nan,nan,nan,nan,nan,nan,nan,nan,nan,nan,nan,nan,nan,nan,nan,nan,1.0,nan,3.0
Peak_Fre_10,nan,nan,nan,nan,nan,nan,nan,nan,nan,nan,nan,1.0,nan,nan,nan,1.0,nan,nan,1.0,nan,nan,nan,nan,nan,nan,nan,nan,nan,nan,nan,nan,nan,nan,nan,nan,nan,nan,nan,nan,nan,nan,nan,nan,nan,nan,nan,nan,nan,nan,nan,nan,nan,nan,nan,1.0
SP_Mag,4.7,186.0,9.1,68.0,55.0,30.0,46.0,231.0,32.0,14.0,6.1,304.0,12.0,21.0,110.0,234.0,165.0,38.0,351.0,53.0,88.0,216.0,78.0,47.0,37.0,28.0,74.0,nan,121.0,nan,nan,nan,nan,nan,nan,nan,nan,nan,nan,nan,nan,nan,nan,nan,nan,nan,nan,nan,nan,nan,nan,nan,312.0,51.4,642.0
SP_Tim,219.0,191.0,175.0,192.0,225.0,227.0,155.0,205.0,157.0,135.0,126.0,139.0,214.0,198.0,211.0,95.0,225.0,144.0,154.0,169.0,116.0,90.0,212.0,184.0,219.0,139.0,237.0,nan,200.0,nan,nan,nan,nan,nan,nan,nan,nan,nan,nan,nan,nan,nan,nan,nan,nan,nan,nan,nan,nan,nan,nan,nan,170.0,166.0,148.0
SP_Dur,54.0,91.0,101.0,89.0,81.0,44.0,117.0,68.0,101.0,133.0,140.0,107.0,65.0,82.0,62.0,137.0,53.0,172.0,92.0,81.0,151.0,48.0,67.0,148.0,67.0,111.0,59.0,nan,93.0,nan,nan,nan,nan,nan,nan,nan,nan,nan,nan,nan,nan,nan,nan,nan,nan,nan,nan,nan,nan,nan,nan,nan,91.0,82.0,117.0
SP_ROC,0.18465909090909094,0.05263157894736839,0.033908045977011525,0.058823529411764705,0.06493506493506493,0.06666666666666667,0.06458333333333333,0.05555555555555555,0.07526881720430119,0.07019704433497528,0.07142857142857134,0.0582579185520362,0.09090909090909098,0.07692307692307693,0.08333333333333333,0.06904761904761905,0.06666666666666667,0.12957875457875462,0.045804195804195806,0.09307359307359307,0.09090909090909091,0.07692307692307693,0.08333333333333333,0.0975609756097561,0.08333333333333334,0.07019704433497533,0.09375000000000008,nan,0.038461538461538464,nan,nan,nan,nan,nan,nan,nan,nan,nan,nan,nan,nan,nan,nan,nan,nan,nan,nan,nan,nan,nan,nan,nan,0.06535947712418301,0.05434782608695649,0.058823529411764705
DS_Mag_50,0.0,0.8,0.0,0.1,0.4,0.0,0.0,3.2,0.0,0.0,0.0,0.4,0.0,0.0,0.0,0.1,1.25,0.2,5.0,0.0,0.1,2.0,0.1,0.7,0.0,2.0,nan,nan,nan,nan,nan,nan,nan,nan,nan,nan,nan,nan,nan,nan,nan,nan,nan,nan,nan,nan,nan,nan,nan,nan,nan,nan,0.0,0.0,4.8
DS_Mag_90,2.0500000000000056,3.5799999999999996,1.9,0.8,3.370000000000002,1.4,1.7,5.200000000000001,0.1,0.0,3.8,3.0799999999999983,1.7,3.1,0.5,3.65,3.9,2.2,12.0,0.7,1.6,6.330000000000001,2.3,3.3400000000000034,1.0,7.7,nan,nan,nan,nan,nan,nan,nan,nan,nan,nan,nan,nan,nan,nan,nan,nan,nan,nan,nan,nan,nan,nan,nan,nan,nan,nan,0.894000000000001,10.0,12.0
DS_Tim,273.0,282.0,276.0,281.0,306.0,271.0,272.0,273.0,258.0,268.0,266.0,246.0,279.0,280.0,273.0,232.0,278.0,316.0,246.0,250.0,267.0,138.0,279.0,332.0,286.0,250.0,296.0,nan,293.0,nan,nan,nan,nan,nan,nan,nan,nan,nan,nan,nan,nan,nan,nan,nan,nan,nan,nan,nan,nan,nan,nan,nan,261.0,248.0,265.0
DS_Dur_WS,178.0,113.0,191.0,121.0,164.0,186.0,161.0,213.0,164.0,125.0,215.0,195.0,119.0,264.0,131.0,186.0,126.0,152.0,229.0,152.0,171.0,348.0,180.0,154.0,199.0,288.0,nan,nan,nan,nan,nan,nan,nan,nan,nan,nan,nan,nan,nan,nan,nan,nan,nan,nan,nan,nan,nan,nan,nan,nan,nan,nan,183.0,202.0,185.0
