Year,DS_Dur_WS,DS_Tim,DS_Mag_50,DS_Mag_90,FA_Dur,FA_Mag,FA_Tim,SP_ROC,SP_Dur,SP_Mag,SP_Tim,Wet_BFL_Dur,Wet_BFL_Mag_10,Wet_BFL_Mag_50,Wet_Tim,Peak_Tim_10,Peak_Tim_2,Peak_Tim_5,Peak_Dur_10,Peak_Dur_2,Peak_Dur_5,Peak_10,Peak_2,Peak_5,Peak_Fre_10,Peak_Fre_2,Peak_Fre_5
1980,NA,103,NA,NA,NA,NA,NA,NA,NA,622,0,NA,NA,NA,NA,NA,342,NA,NA,20,NA,884.6,708,854.4,NA,12,NA
1981,NA,106,NA,NA,NA,NA,NA,0.02656944504770592,103,695,3,NA,NA,NA,NA,NA,350,NA,NA,24,NA,884.6,708,854.4,NA,2,NA
1982,NA,348,NA,NA,NA,NA,NA,0.027722772277227723,340,728,8,NA,NA,NA,NA,NA,310.5,NA,NA,28,NA,884.6,708,854.4,NA,10,NA
1983,NA,391,NA,NA,NA,NA,NA,0.027770638429114834,388,685,3,NA,NA,NA,NA,NA,338.5,NA,NA,5,NA,884.6,708,854.4,NA,2,NA
1984,NA,312,NA,NA,NA,NA,NA,0.048409405255878286,21,854,291,NA,NA,NA,NA,NA,309.5,295,NA,40,1,884.6,708,854.4,NA,4,1
1985,NA,101,NA,NA,NA,NA,NA,0.02092429309820614,100,666,1,NA,NA,NA,NA,NA,NA,NA,NA,NA,NA,884.6,708,854.4,NA,NA,NA
1986,NA,241,NA,NA,NA,NA,NA,0.01989775907132804,225,616,16,NA,NA,NA,NA,NA,330,NA,NA,3,NA,884.6,708,854.4,NA,1,NA
1987,NA,366,NA,NA,NA,NA,NA,0.02164198036805027,353,647,13,NA,NA,NA,NA,NA,300,NA,NA,1,NA,884.6,708,854.4,NA,1,NA
1988,NA,212,NA,NA,NA,NA,NA,NA,NA,702,NA,NA,NA,NA,NA,NA,NA,NA,NA,NA,NA,884.6,708,854.4,NA,NA,NA
1989,NA,359,NA,NA,NA,NA,NA,0.02830188679245283,358,606,1,NA,NA,NA,NA,NA,NA,NA,NA,NA,NA,884.6,708,854.4,NA,NA,NA
1990,NA,351,NA,NA,NA,NA,NA,0.03394698888633031,11,647,340,NA,NA,NA,NA,NA,NA,NA,NA,NA,NA,884.6,708,854.4,NA,NA,NA
1991,NA,336,NA,NA,NA,NA,NA,0.029914529914529916,335,589,1,NA,NA,NA,NA,NA,NA,NA,NA,NA,NA,884.6,708,854.4,NA,NA,NA
1992,NA,352,NA,NA,NA,NA,NA,0.028680688336520075,40,747,312,NA,NA,NA,NA,NA,308,NA,NA,1,NA,884.6,708,854.4,NA,1,NA
1993,NA,151,NA,NA,NA,NA,NA,0.03064164851733959,149,517,2,NA,NA,NA,NA,NA,NA,NA,NA,NA,NA,884.6,708,854.4,NA,NA,NA
1994,NA,NA,NA,NA,NA,NA,NA,NA,NA,510,2,NA,NA,NA,NA,NA,83,83,NA,1,1,884.6,708,854.4,NA,1,1
1995,NA,335,NA,NA,NA,NA,NA,0.023148644303933125,322,553,13,NA,NA,NA,NA,NA,NA,NA,NA,NA,NA,884.6,708,854.4,NA,NA,NA
1996,NA,384,NA,NA,NA,NA,NA,0.0211482292807594,370,596,14,NA,NA,NA,NA,NA,314,NA,NA,2,NA,884.6,708,854.4,NA,1,NA
1997,NA,104,NA,NA,NA,NA,NA,0.022403630375357253,96,579,8,NA,NA,NA,NA,NA,329,360,NA,41,1,884.6,708,854.4,NA,8,1
1998,NA,NA,NA,NA,NA,NA,NA,NA,NA,949,343,NA,NA,NA,NA,339,295,339,1,46,2,884.6,708,854.4,1,5,1
1999,NA,NA,NA,NA,NA,NA,NA,NA,NA,608,56,NA,NA,NA,NA,NA,NA,NA,NA,NA,NA,884.6,708,854.4,NA,NA,NA
2000,NA,100,NA,NA,NA,NA,NA,NA,NA,911,NA,NA,NA,NA,NA,329,331,329,1,8,1,884.6,708,854.4,1,2,1
2001,NA,284,NA,NA,NA,NA,NA,NA,NA,629,0,NA,NA,NA,NA,NA,NA,NA,NA,NA,NA,884.6,708,854.4,NA,NA,NA
2002,NA,265,NA,NA,NA,NA,NA,0.02517056530214425,255,627,10,NA,NA,NA,NA,NA,NA,NA,NA,NA,NA,884.6,708,854.4,NA,NA,NA
2003,NA,282,NA,NA,NA,NA,NA,0.023752969121140142,252,592,30,NA,NA,NA,NA,NA,273,NA,NA,2,NA,884.6,708,854.4,NA,1,NA
2004,NA,103,NA,NA,NA,NA,NA,0.028368794326241134,94,694,9,NA,NA,NA,NA,NA,324.5,354,NA,41,1,884.6,708,854.4,NA,4,1
2005,NA,NA,NA,NA,NA,NA,NA,NA,NA,NA,NA,NA,NA,NA,NA,NA,NA,NA,NA,NA,NA,NA,NA,NA,NA,NA,NA
2006,NA,100,NA,NA,NA,NA,NA,NA,NA,622,NA,NA,NA,NA,NA,NA,NA,NA,NA,NA,NA,884.6,708,854.4,NA,NA,NA
2007,NA,312,NA,NA,NA,NA,NA,0.023758099352051837,310,592,2,NA,NA,NA,NA,NA,296.5,NA,NA,9,NA,884.6,708,854.4,NA,2,NA
2008,NA,324,NA,NA,NA,NA,NA,NA,NA,646,0,NA,NA,NA,NA,NA,313,NA,NA,1,NA,884.6,708,854.4,NA,1,NA
2009,NA,448,NA,NA,NA,NA,NA,0.030476190476190476,447,574,1,NA,NA,NA,NA,NA,NA,NA,NA,NA,NA,884.6,708,854.4,NA,NA,NA
2010,NA,150,NA,NA,NA,NA,NA,0.037463976945244955,136,615,14,NA,NA,NA,NA,NA,NA,NA,NA,NA,NA,884.6,708,854.4,NA,NA,NA
2011,NA,287,NA,NA,NA,NA,NA,0.011949786375168588,7,585,280,NA,NA,NA,NA,NA,NA,NA,NA,NA,NA,884.6,708,854.4,NA,NA,NA
2012,NA,296,NA,NA,NA,NA,NA,0.03125217028960345,294,564,2,NA,NA,NA,NA,287,312.5,287,1,5,1,884.6,708,854.4,1,2,1
2013,NA,350,NA,NA,NA,NA,NA,0.04608294930875576,24,615,326,NA,NA,NA,NA,NA,NA,NA,NA,NA,NA,884.6,708,854.4,NA,NA,NA
2014,8,397,556,585.1,NA,NA,NA,0.027883509613048477,68,908,329,NA,NA,NA,NA,325,320.5,325,1,2,1,884.6,708,854.4,1,2,1
2015,75,311,473,506.2,NA,NA,NA,NA,NA,604,0,NA,NA,NA,8,NA,NA,NA,NA,NA,NA,884.6,708,854.4,NA,NA,NA
2016,NA,364,NA,NA,NA,NA,NA,0.03260881354461545,343,505,21,1,470,470,20,NA,NA,NA,NA,NA,NA,884.6,708,854.4,NA,NA,NA
2017,NA,133,NA,NA,NA,NA,NA,0.031042722620140045,105,468,28,NA,NA,NA,NA,NA,NA,NA,NA,NA,NA,884.6,708,854.4,NA,NA,NA
2018,NA,152,NA,NA,NA,NA,NA,0.026294572155300667,133,474,19,NA,NA,NA,NA,NA,NA,NA,NA,NA,NA,884.6,708,854.4,NA,NA,NA
2019,NA,120,NA,NA,4,774.7421890407109,12,0.0267639902676399,104,775,16,NA,NA,NA,NA,NA,12,NA,NA,1,NA,884.6,708,854.4,NA,1,NA
2020,NA,175,NA,NA,NA,NA,NA,0.026570048309178744,174,588,1,NA,NA,NA,NA,NA,NA,NA,NA,NA,NA,884.6,708,854.4,NA,NA,NA
