p10,p25,p50,p75,p90,metric,comid,result_type
NA,NA,NA,NA,NA,DS_Dur_WS,22591931,observed
384,384,384,384,384,DS_Tim,22591931,observed
NA,NA,NA,NA,NA,DS_Mag_50,22591931,observed
NA,NA,NA,NA,NA,DS_Mag_90,22591931,observed
NA,NA,NA,NA,NA,FA_Dur,22591931,observed
NA,NA,NA,NA,NA,FA_Mag,22591931,observed
NA,NA,NA,NA,NA,FA_Tim,22591931,observed
0.5384615384615385,0.5384615384615385,0.5384615384615385,0.5384615384615385,0.5384615384615385,SP_ROC,22591931,observed
129,129,129,129,129,SP_Dur,22591931,observed
1.37,1.37,1.37,1.37,1.37,SP_Mag,22591931,observed
255,255,255,255,255,SP_Tim,22591931,observed
109,109,109,109,109,Wet_BFL_Dur,22591931,observed
0,0,0,0,0,Wet_BFL_Mag_10,22591931,observed
0.59,0.59,0.59,0.59,0.59,Wet_BFL_Mag_50,22591931,observed
146,146,146,146,146,Wet_Tim,22591931,observed
54.199999999999996,83,131,182,212.59999999999997,Peak_Tim_10,22591931,observed
114.00000000000001,136.5,149.75,214.25,222.65,Peak_Tim_2,22591931,observed
125.05,153.625,187.25,209.75,218.3,Peak_Tim_5,22591931,observed
9.2,18.5,34,34,34,Peak_Dur_10,22591931,observed
52.10000000000001,89.75,120,160,196,Peak_Dur_2,22591931,observed
18.900000000000006,42.75,71,94.5,109.80000000000001,Peak_Dur_5,22591931,observed
0.795,0.795,0.795,0.795,0.795,Peak_10,22591931,observed
0.53,0.53,0.53,0.53,0.53,Peak_2,22591931,observed
0.7,0.7,0.7,0.7,0.7,Peak_5,22591931,observed
1.2,1.5,2,3,3.5999999999999996,Peak_Fre_10,22591931,observed
2.7,6,11,16.5,18.3,Peak_Fre_2,22591931,observed
3,3,8.5,14.5,15.4,Peak_Fre_5,22591931,observed
