metric,status_code,status,alteration_type,median_in_iqr,comid
DS_Dur_WS,1,likely_unaltered,none_found,TRUE,14930957
DS_Tim,0,indeterminate,late,FALSE,14930957
DS_Mag_50,-1,likely_altered,low,FALSE,14930957
DS_Mag_90,-1,likely_altered,low,FALSE,14930957
FA_Mag,-1,likely_altered,low,FALSE,14930957
FA_Tim,1,likely_unaltered,none_found,TRUE,14930957
SP_Dur,1,likely_unaltered,none_found,TRUE,14930957
SP_Mag,-1,likely_altered,low,FALSE,14930957
SP_Tim,1,likely_unaltered,none_found,TRUE,14930957
Wet_BFL_Dur,-1,likely_altered,high,FALSE,14930957
Wet_BFL_Mag_10,-1,likely_altered,low,FALSE,14930957
Wet_BFL_Mag_50,-1,likely_altered,low,FALSE,14930957
Wet_Tim,-1,likely_altered,early,FALSE,14930957
Peak_10,-1,likely_altered,low,FALSE,14930957
Peak_2,-1,likely_altered,low,FALSE,14930957
Peak_5,-1,likely_altered,low,FALSE,14930957
