Year,DS_Dur_WS,DS_Tim,DS_Mag_50,DS_Mag_90,FA_Dur,FA_Mag,FA_Tim,SP_ROC,SP_Dur,SP_Mag,SP_Tim,Wet_BFL_Dur,Wet_BFL_Mag_10,Wet_BFL_Mag_50,Wet_Tim,Peak_Tim_10,Peak_Tim_2,Peak_Tim_5,Peak_Dur_10,Peak_Dur_2,Peak_Dur_5,Peak_10,Peak_2,Peak_5,Peak_Fre_10,Peak_Fre_2,Peak_Fre_5
2003,NA,NA,NA,NA,NA,NA,NA,NA,NA,35,244,218,1.6,34,26,211,129,188,87,202,158,34.52,32,34,9,5,8
2004,NA,327,NA,NA,NA,NA,NA,0.047619047619047616,101,35,226,199,23,33,27,211,84,159.5,54,171,104,34.52,32,34,9,3,4
2005,NA,NA,NA,NA,NA,NA,NA,NA,NA,NA,NA,NA,NA,NA,NA,NA,NA,NA,NA,NA,NA,NA,NA,NA,NA,NA,NA
2006,NA,359,NA,NA,NA,NA,NA,0.016233766233766232,56,32.9,303,120,21.4,31.95,183,NA,248,256.5,NA,65,4,34.52,32,34,NA,7,2
2007,108,319,1.3,1.3,NA,NA,NA,0.04819277108433739,85,33,234,NA,NA,NA,NA,NA,172,201.5,NA,75,2,34.52,32,34,NA,9,2
2008,NA,NA,NA,NA,NA,NA,NA,NA,NA,33,257,196,15,31,61,NA,170,215,NA,98,8,34.52,32,34,NA,8,3
2009,NA,370,NA,NA,NA,NA,NA,0.06999999999999992,156,33,214,151,18,31,63,NA,200.5,142,NA,112,4,34.52,32,34,NA,10,1
2010,NA,NA,NA,NA,NA,NA,NA,NA,NA,NA,NA,NA,NA,NA,NA,NA,NA,NA,NA,NA,NA,NA,NA,NA,NA,NA,NA
2011,NA,NA,NA,NA,NA,NA,NA,NA,NA,NA,NA,NA,NA,NA,NA,NA,NA,NA,NA,NA,NA,NA,NA,NA,NA,NA,NA
2012,20,370,0,0,NA,NA,NA,0.058823529411764705,122,32,248,122,1.270000000000001,31,126,NA,237,NA,NA,21,NA,34.52,32,34,NA,3,NA
2013,208,189,0,0,NA,NA,NA,0.8181818181818181,17,33,172,152,1.3,29,20,NA,122,NA,NA,59,NA,34.52,32,34,NA,3,NA
2014,138,287,0,0,NA,NA,NA,0.04802766393442627,61,28,226,195,9.7,15,31,NA,NA,NA,NA,NA,NA,34.52,32,34,NA,NA,NA
2015,143,252,0,1.2,NA,NA,NA,0.06666666666666667,93,20,159,100,11,14,59,NA,NA,NA,NA,NA,NA,34.52,32,34,NA,NA,NA
2016,84,336,0,0,6,6.803957369655366,28,0.047619047619047616,81,29,255,226,11,29,29,NA,148,NA,NA,23,NA,34.52,32,34,NA,6,NA
2017,NA,346,NA,NA,NA,NA,NA,0.12406015037593984,60,29,286,232,0,0,54,NA,NA,NA,NA,NA,NA,34.52,32,34,NA,NA,NA
2018,NA,NA,NA,NA,NA,NA,NA,NA,NA,NA,NA,NA,NA,NA,NA,NA,NA,NA,NA,NA,NA,NA,NA,NA,NA,NA,NA
2019,NA,NA,NA,NA,NA,NA,NA,NA,NA,NA,NA,NA,NA,NA,NA,NA,NA,NA,NA,NA,NA,NA,NA,NA,NA,NA,NA
