Year,DS_Dur_WS,DS_Tim,DS_Mag_50,DS_Mag_90,FA_Dur,FA_Mag,FA_Tim,SP_ROC,SP_Dur,SP_Mag,SP_Tim,Wet_BFL_Dur,Wet_BFL_Mag_10,Wet_BFL_Mag_50,Wet_Tim,Peak_Tim_10,Peak_Tim_2,Peak_Tim_5,Peak_Dur_10,Peak_Dur_2,Peak_Dur_5,Peak_10,Peak_2,Peak_5,Peak_Fre_10,Peak_Fre_2,Peak_Fre_5
1980,NA,330,NA,NA,NA,NA,NA,0.0053475935828877,117,552,213,NA,NA,NA,NA,NA,270.5,263,NA,66,34,562.1,554,559.2,NA,4,5
1981,NA,NA,NA,NA,NA,NA,NA,NA,NA,546,294,NA,NA,NA,NA,NA,76,82,NA,32,4,562.1,554,559.2,NA,8,3
1982,NA,372,NA,NA,NA,NA,NA,0.00547945662472144,234,539,138,NA,NA,NA,NA,NA,NA,NA,NA,NA,NA,562.1,554,559.2,NA,NA,NA
1983,NA,NA,NA,NA,NA,NA,NA,NA,NA,548,54,NA,NA,NA,NA,NA,NA,NA,NA,NA,NA,562.1,554,559.2,NA,NA,NA
1984,NA,NA,NA,NA,NA,NA,NA,NA,NA,548,152,NA,NA,NA,NA,363,302,363,2,38,2,562.1,554,559.2,1,5,1
1985,NA,NA,NA,NA,NA,NA,NA,NA,NA,551,321,303,249,470,18,15,18,14,11,30,27,562.1,554,559.2,5,6,5
1986,NA,358,NA,NA,NA,NA,NA,0.007532956685499058,93,563,265,NA,NA,NA,NA,240,328,301,6,98,75,562.1,554,559.2,3,5,9
1987,NA,383,NA,NA,NA,NA,NA,0.06588798840704164,42,548,341,NA,NA,NA,NA,NA,26,30.5,NA,27,5,562.1,554,559.2,NA,3,2
1988,NA,313,NA,NA,NA,NA,NA,0.21333333333333335,22,507,291,NA,NA,NA,NA,NA,NA,NA,NA,NA,NA,562.1,554,559.2,NA,NA,NA
1989,NA,NA,NA,NA,NA,NA,NA,NA,NA,546,295,NA,NA,NA,NA,NA,295,NA,NA,4,NA,562.1,554,559.2,NA,2,NA
1990,NA,414,NA,NA,7,555.0330471067458,19,0.014951642795629796,76,549,338,NA,NA,NA,NA,NA,19,NA,NA,1,NA,562.1,554,559.2,NA,1,NA
1991,NA,NA,NA,NA,NA,NA,NA,NA,NA,551,320,NA,NA,NA,NA,NA,NA,NA,NA,NA,NA,562.1,554,559.2,NA,NA,NA
1992,103,384,244,399,6,543.9999879240162,0,0.009925558312655087,61,531,323,301,120,303,22,NA,NA,NA,NA,NA,NA,562.1,554,559.2,NA,NA,NA
1993,NA,363,NA,NA,3,404.99986060103544,0,0.005649797664182837,31,539,332,229,202.60000000000002,523,103,NA,269.5,NA,NA,13,NA,562.1,554,559.2,NA,4,NA
1994,NA,NA,NA,NA,5,546.228275655859,18,NA,NA,547,307,NA,NA,NA,NA,NA,338,NA,NA,12,NA,562.1,554,559.2,NA,4,NA
1995,NA,454,NA,NA,NA,NA,NA,0.01727605686262338,100,553,354,NA,NA,NA,NA,NA,305,NA,NA,6,NA,562.1,554,559.2,NA,2,NA
1996,NA,367,NA,NA,NA,NA,NA,0.011185682326621925,148,553,219,NA,NA,NA,NA,NA,294,NA,NA,5,NA,562.1,554,559.2,NA,2,NA
1997,NA,378,NA,NA,NA,NA,NA,0.005420094007050529,203,542,175,NA,NA,NA,NA,NA,316,284,NA,53,2,562.1,554,559.2,NA,9,1
1998,NA,NA,NA,NA,NA,NA,NA,NA,NA,548,268,NA,NA,NA,NA,NA,341.5,NA,NA,11,NA,562.1,554,559.2,NA,4,NA
1999,NA,309,NA,NA,NA,NA,NA,0.011226633060281453,142,545,167,152,418.3,540,15,NA,214,NA,NA,21,NA,562.1,554,559.2,NA,8,NA
2000,NA,365,NA,NA,NA,NA,NA,0.003669724770642202,12,548,353,NA,NA,NA,NA,NA,67,NA,NA,12,NA,562.1,554,559.2,NA,5,NA
2001,NA,325,NA,NA,1,556.0095204516244,7,0.08208955223880597,17,537,308,NA,NA,NA,NA,NA,19,NA,NA,15,NA,562.1,554,559.2,NA,6,NA
2002,89,315,457,514.8000000000001,NA,NA,NA,0.026442307692307692,14,533,301,NA,NA,NA,NA,NA,253,NA,NA,3,NA,562.1,554,559.2,NA,2,NA
2003,NA,NA,NA,NA,NA,NA,NA,NA,NA,528,306,268,56,474,38,NA,111,NA,NA,1,NA,562.1,554,559.2,NA,1,NA
2004,NA,NA,NA,NA,NA,NA,NA,NA,NA,520,259,NA,NA,NA,NA,NA,NA,NA,NA,NA,NA,562.1,554,559.2,NA,NA,NA
2005,NA,NA,NA,NA,NA,NA,NA,NA,NA,541,249,NA,NA,NA,NA,NA,73,NA,NA,1,NA,562.1,554,559.2,NA,1,NA
2006,NA,NA,NA,NA,NA,NA,NA,NA,NA,537,321,313,192.0000000000001,430,8,NA,NA,NA,NA,NA,NA,562.1,554,559.2,NA,NA,NA
2007,17,384,366,372.4,NA,NA,NA,0.013513513513513514,33,476,351,NA,NA,NA,NA,NA,NA,NA,NA,NA,NA,562.1,554,559.2,NA,NA,NA
2008,NA,NA,NA,NA,NA,NA,NA,NA,NA,489,345,328,0,303,17,NA,NA,NA,NA,NA,NA,562.1,554,559.2,NA,NA,NA
2009,NA,365,NA,NA,2,505.99566419551934,5,0.008032128514056224,43,527,322,NA,NA,NA,NA,NA,NA,NA,NA,NA,NA,562.1,554,559.2,NA,NA,NA
2010,NA,461,NA,NA,4,446.9855828974909,21,0.0555555555555556,114,458,347,NA,NA,NA,NA,NA,NA,NA,NA,NA,NA,562.1,554,559.2,NA,NA,NA
2011,NA,NA,NA,NA,NA,NA,NA,NA,NA,530,283,NA,NA,NA,NA,NA,NA,NA,NA,NA,NA,562.1,554,559.2,NA,NA,NA
2012,NA,NA,NA,NA,NA,NA,NA,NA,NA,553,254,241,6.2,404,13,NA,NA,NA,NA,NA,NA,562.1,554,559.2,NA,NA,NA
2013,20,463,516,525.1,NA,NA,NA,0.009188488567551695,105,563,358,NA,NA,NA,NA,29,303,29,26,34,27,562.1,554,559.2,3,6,3
2014,NA,NA,NA,NA,NA,NA,NA,NA,NA,530,360,340,9.6,244,20,NA,NA,NA,NA,NA,NA,562.1,554,559.2,NA,NA,NA
2015,58,371,93,244,NA,NA,NA,0.015293916609706082,11,498,360,NA,NA,NA,NA,NA,NA,NA,NA,NA,NA,562.1,554,559.2,NA,NA,NA
2016,NA,NA,NA,NA,2,227.99922222423044,0,NA,NA,509,338,280,6.78,407.5,58,NA,NA,NA,NA,NA,NA,562.1,554,559.2,NA,NA,NA
2017,NA,324,NA,NA,1,509.9982420259482,0,0.021374727003733884,15,504,309,308,8.770000000000001,408,1,NA,NA,NA,NA,NA,NA,562.1,554,559.2,NA,NA,NA
2018,NA,NA,NA,NA,NA,NA,NA,NA,NA,522,336,NA,NA,NA,NA,NA,NA,NA,NA,NA,NA,562.1,554,559.2,NA,NA,NA
2019,NA,NA,NA,NA,NA,NA,NA,NA,NA,512,331,NA,NA,NA,NA,NA,NA,NA,NA,NA,NA,562.1,554,559.2,NA,NA,NA
