10/1/1950,140
10/2/1950,141
10/3/1950,147
10/4/1950,383
10/5/1950,489
10/6/1950,487
10/7/1950,354
10/8/1950,295
10/9/1950,263
10/10/1950,245
10/11/1950,230
10/12/1950,217
10/13/1950,209
10/14/1950,202
10/15/1950,195
10/16/1950,198
10/17/1950,308
10/18/1950,469
10/19/1950,359
10/20/1950,295
10/21/1950,267
10/22/1950,251
10/23/1950,239
10/24/1950,235
10/25/1950,384
10/26/1950,1340
10/27/1950,2950
10/28/1950,10200
10/29/1950,22700
10/30/1950,17700
10/31/1950,5490
11/1/1950,3560
11/2/1950,3240
11/3/1950,3540
11/4/1950,3320
11/5/1950,2790
11/6/1950,2330
11/7/1950,1990
11/8/1950,1850
11/9/1950,1710
11/10/1950,1490
11/11/1950,1320
11/12/1950,1190
11/13/1950,1110
11/14/1950,1050
11/15/1950,1020
11/16/1950,2730
11/17/1950,2340
11/18/1950,2520
11/19/1950,2420
11/20/1950,2400
11/21/1950,3020
11/22/1950,2470
11/23/1950,2150
11/24/1950,2070
11/25/1950,2110
11/26/1950,2070
11/27/1950,2840
11/28/1950,2760
11/29/1950,2250
11/30/1950,2170
12/1/1950,2120
12/2/1950,1910
12/3/1950,2600
12/4/1950,3800
12/5/1950,3120
12/6/1950,4330
12/7/1950,6510
12/8/1950,6780
12/9/1950,11600
12/10/1950,9240
12/11/1950,9470
12/12/1950,8310
12/13/1950,6180
12/14/1950,8340
12/15/1950,8260
12/16/1950,6530
12/17/1950,5060
12/18/1950,4180
12/19/1950,3730
12/20/1950,3430
12/21/1950,3020
12/22/1950,2730
12/23/1950,2520
12/24/1950,2370
12/25/1950,2240
12/26/1950,2090
12/27/1950,1940
12/28/1950,1820
12/29/1950,1840
12/30/1950,1740
12/31/1950,1630
1/1/1951,1530
1/2/1951,1480
1/3/1951,1470
1/4/1951,1430
1/5/1951,1380
1/6/1951,1290
1/7/1951,1240
1/8/1951,1230
1/9/1951,1210
1/10/1951,1380
1/11/1951,1520
1/12/1951,1540
1/13/1951,1420
1/14/1951,1400
1/15/1951,1590
1/16/1951,1720
1/17/1951,1990
1/18/1951,3300
1/19/1951,2620
1/20/1951,2140
1/21/1951,2020
1/22/1951,1910
1/23/1951,1870
1/24/1951,2050
1/25/1951,2090
1/26/1951,2120
1/27/1951,2170
1/28/1951,2140
1/29/1951,2030
1/30/1951,1840
1/31/1951,1760
2/1/1951,1640
2/2/1951,1610
2/3/1951,1650
2/4/1951,6240
2/5/1951,8110
2/6/1951,5540
2/7/1951,5500
2/8/1951,6340
2/9/1951,5460
2/10/1951,6130
2/11/1951,10300
2/12/1951,8470
2/13/1951,8640
2/14/1951,5150
2/15/1951,4440
2/16/1951,3970
2/17/1951,3620
2/18/1951,3260
2/19/1951,2930
2/20/1951,2750
2/21/1951,2600
2/22/1951,2430
2/23/1951,2260
2/24/1951,2130
2/25/1951,2010
2/26/1951,1920
2/27/1951,1820
2/28/1951,1730
3/1/1951,1660
3/2/1951,1590
3/3/1951,1500
3/4/1951,1540
3/5/1951,1480
3/6/1951,1460
3/7/1951,1430
3/8/1951,1440
3/9/1951,1660
3/10/1951,1510
3/11/1951,1440
3/12/1951,1420
3/13/1951,1480
3/14/1951,1730
3/15/1951,2080
3/16/1951,2430
3/17/1951,2360
3/18/1951,2250
3/19/1951,2340
3/20/1951,2560
3/21/1951,3060
3/22/1951,3180
3/23/1951,2930
3/24/1951,2840
3/25/1951,3010
3/26/1951,2980
3/27/1951,2950
3/28/1951,2880
3/29/1951,2880
3/30/1951,2770
3/31/1951,2550
4/1/1951,2400
4/2/1951,2340
4/3/1951,2540
4/4/1951,2980
4/5/1951,3610
4/6/1951,4040
4/7/1951,4230
4/8/1951,4450
4/9/1951,4680
4/10/1951,5440
4/11/1951,5220
4/12/1951,4970
4/13/1951,5260
4/14/1951,5540
4/15/1951,5240
4/16/1951,5090
4/17/1951,5800
4/18/1951,4770
4/19/1951,4450
4/20/1951,3990
4/21/1951,3720
4/22/1951,3490
4/23/1951,3400
4/24/1951,3260
4/25/1951,2800
4/26/1951,2660
4/27/1951,2620
4/28/1951,3370
4/29/1951,2800
4/30/1951,2410
5/1/1951,2220
5/2/1951,2260
5/3/1951,3760
5/4/1951,5480
5/5/1951,5260
5/6/1951,4640
5/7/1951,4230
5/8/1951,3810
5/9/1951,4050
5/10/1951,4550
5/11/1951,4730
5/12/1951,3830
5/13/1951,3260
5/14/1951,2930
5/15/1951,2930
5/16/1951,3370
5/17/1951,4120
5/18/1951,4480
5/19/1951,4230
5/20/1951,4150
5/21/1951,4150
5/22/1951,4040
5/23/1951,3960
5/24/1951,3670
5/25/1951,3560
5/26/1951,3910
5/27/1951,3890
5/28/1951,3300
5/29/1951,2700
5/30/1951,2440
5/31/1951,2160
6/1/1951,1990
6/2/1951,1880
6/3/1951,1820
6/4/1951,1810
6/5/1951,1840
6/6/1951,1690
6/7/1951,1580
6/8/1951,1470
6/9/1951,1410
6/10/1951,1460
6/11/1951,1490
6/12/1951,1490
6/13/1951,1550
6/14/1951,1530
6/15/1951,1650
6/16/1951,1660
6/17/1951,1510
6/18/1951,1310
6/19/1951,1180
6/20/1951,1110
6/21/1951,1090
6/22/1951,1140
6/23/1951,973
6/24/1951,904
6/25/1951,862
6/26/1951,820
6/27/1951,796
6/28/1951,760
6/29/1951,736
6/30/1951,710
7/1/1951,680
7/2/1951,635
7/3/1951,600
7/4/1951,605
7/5/1951,560
7/6/1951,530
7/7/1951,499
7/8/1951,481
7/9/1951,457
7/10/1951,448
7/11/1951,432
7/12/1951,418
7/13/1951,412
7/14/1951,400
7/15/1951,388
7/16/1951,377
7/17/1951,365
7/18/1951,352
7/19/1951,341
7/20/1951,328
7/21/1951,315
7/22/1951,309
7/23/1951,297
7/24/1951,289
7/25/1951,279
7/26/1951,269
7/27/1951,255
7/28/1951,247
7/29/1951,239
7/30/1951,232
7/31/1951,228
8/1/1951,220
8/2/1951,211
8/3/1951,209
8/4/1951,207
8/5/1951,200
8/6/1951,196
8/7/1951,193
8/8/1951,189
8/9/1951,184
8/10/1951,177
8/11/1951,168
8/12/1951,171
8/13/1951,171
8/14/1951,168
8/15/1951,168
8/16/1951,163
8/17/1951,160
8/18/1951,158
8/19/1951,158
8/20/1951,157
8/21/1951,158
8/22/1951,164
8/23/1951,260
8/24/1951,271
8/25/1951,245
8/26/1951,213
8/27/1951,198
8/28/1951,184
8/29/1951,174
8/30/1951,174
8/31/1951,177
9/1/1951,172
9/2/1951,171
9/3/1951,168
9/4/1951,161
9/5/1951,154
9/6/1951,154
9/7/1951,151
9/8/1951,147
9/9/1951,145
9/10/1951,145
9/11/1951,141
9/12/1951,138
9/13/1951,134
9/14/1951,130
9/15/1951,127
9/16/1951,125
9/17/1951,125
9/18/1951,126
9/19/1951,127
9/20/1951,126
9/21/1951,125
9/22/1951,124
9/23/1951,124
9/24/1951,125
9/25/1951,122
9/26/1951,122
9/27/1951,122
9/28/1951,122
9/29/1951,125
9/30/1951,140
10/1/1951,347
10/2/1951,748
10/3/1951,556
10/4/1951,377
10/5/1951,305
10/6/1951,271
10/7/1951,251
10/8/1951,232
10/9/1951,215
10/10/1951,207
10/11/1951,211
10/12/1951,253
10/13/1951,245
10/14/1951,228
10/15/1951,218
10/16/1951,230
10/17/1951,215
10/18/1951,211
10/19/1951,209
10/20/1951,207
10/21/1951,202
10/22/1951,198
10/23/1951,278
10/24/1951,620
10/25/1951,484
10/26/1951,388
10/27/1951,343
10/28/1951,318
10/29/1951,303
10/30/1951,289
10/31/1951,273
11/1/1951,261
11/2/1951,255
11/3/1951,247
11/4/1951,243
11/5/1951,239
11/6/1951,234
11/7/1951,228
11/8/1951,224
11/9/1951,220
11/10/1951,290
11/11/1951,720
11/12/1951,820
11/13/1951,710
11/14/1951,695
11/15/1951,695
11/16/1951,552
11/17/1951,478
11/18/1951,430
11/19/1951,469
11/20/1951,1190
11/21/1951,924
11/22/1951,680
11/23/1951,560
11/24/1951,502
11/25/1951,508
11/26/1951,938
11/27/1951,1020
11/28/1951,2630
11/29/1951,2360
11/30/1951,7760
12/1/1951,13900
12/2/1951,6570
12/3/1951,4040
12/4/1951,3460
12/5/1951,3270
12/6/1951,2240
12/7/1951,1720
12/8/1951,1440
12/9/1951,1230
12/10/1951,1110
12/11/1951,1070
12/12/1951,1150
12/13/1951,1200
12/14/1951,1160
12/15/1951,1100
12/16/1951,1040
12/17/1951,987
12/18/1951,1010
12/19/1951,973
12/20/1951,886
12/21/1951,844
12/22/1951,826
12/23/1951,910
12/24/1951,1240
12/25/1951,1160
12/26/1951,2210
12/27/1951,10000
12/28/1951,6120
12/29/1951,4340
12/30/1951,3800
12/31/1951,2810
1/1/1952,2230
1/2/1952,1860
1/3/1952,1610
1/4/1952,1450
1/5/1952,1340
1/6/1952,1340
1/7/1952,1190
1/8/1952,1110
1/9/1952,1030
1/10/1952,1050
1/11/1952,1040
1/12/1952,966
1/13/1952,917
1/14/1952,980
1/15/1952,959
1/16/1952,904
1/17/1952,862
1/18/1952,838
1/19/1952,826
1/20/1952,910
1/21/1952,880
1/22/1952,862
1/23/1952,856
1/24/1952,1180
1/25/1952,1380
1/26/1952,1490
1/27/1952,1570
1/28/1952,1490
1/29/1952,1510
1/30/1952,1830
1/31/1952,2980
2/1/1952,11900
2/2/1952,14400
2/3/1952,7760
2/4/1952,5240
2/5/1952,4180
2/6/1952,3580
2/7/1952,3230
2/8/1952,3050
2/9/1952,2930
2/10/1952,2840
2/11/1952,3050
2/12/1952,2990
2/13/1952,2710
2/14/1952,2470
2/15/1952,2350
2/16/1952,3500
2/17/1952,3560
2/18/1952,3050
2/19/1952,2670
2/20/1952,2400
2/21/1952,2130
2/22/1952,2000
2/23/1952,1880
2/24/1952,1770
2/25/1952,1720
2/26/1952,1760
2/27/1952,1790
2/28/1952,1940
2/29/1952,2110
3/1/1952,2260
3/2/1952,2200
3/3/1952,2100
3/4/1952,1980
3/5/1952,1820
3/6/1952,1820
3/7/1952,1690
3/8/1952,1630
3/9/1952,1710
3/10/1952,1930
3/11/1952,1930
3/12/1952,1890
3/13/1952,1740
3/14/1952,1760
3/15/1952,1710
3/16/1952,1600
3/17/1952,1660
3/18/1952,2050
3/19/1952,2050
3/20/1952,1830
3/21/1952,1690
3/22/1952,1620
3/23/1952,1620
3/24/1952,2210
3/25/1952,7130
3/26/1952,9610
3/27/1952,7870
3/28/1952,7060
3/29/1952,6730
3/30/1952,5880
3/31/1952,5080
4/1/1952,4590
4/2/1952,4360
4/3/1952,4480
4/4/1952,5150
4/5/1952,6640
4/6/1952,7870
4/7/1952,7850
4/8/1952,6880
4/9/1952,6000
4/10/1952,5360
4/11/1952,5560
4/12/1952,5980
4/13/1952,6470
4/14/1952,6040
4/15/1952,4910
4/16/1952,4630
4/17/1952,5130
4/18/1952,6420
4/19/1952,7680
4/20/1952,6060
4/21/1952,5580
4/22/1952,5940
4/23/1952,6930
4/24/1952,7790
4/25/1952,7760
4/26/1952,7460
4/27/1952,8970
4/28/1952,9160
4/29/1952,7130
4/30/1952,6530
5/1/1952,5760
5/2/1952,4970
5/3/1952,4640
5/4/1952,4360
5/5/1952,4370
5/6/1952,4470
5/7/1952,6630
5/8/1952,7050
5/9/1952,5500
5/10/1952,5360
5/11/1952,6100
5/12/1952,6660
5/13/1952,6880
5/14/1952,6730
5/15/1952,6200
5/16/1952,6260
5/17/1952,7130
5/18/1952,8130
5/19/1952,9020
5/20/1952,8710
5/21/1952,7300
5/22/1952,6660
5/23/1952,7240
5/24/1952,8230
5/25/1952,8280
5/26/1952,8010
5/27/1952,8230
5/28/1952,8400
5/29/1952,7320
5/30/1952,6060
5/31/1952,5920
6/1/1952,5280
6/2/1952,5040
6/3/1952,5090
6/4/1952,5560
6/5/1952,5960
6/6/1952,5940
6/7/1952,5280
6/8/1952,5380
6/9/1952,5380
6/10/1952,4140
6/11/1952,3350
6/12/1952,2780
6/13/1952,2450
6/14/1952,2320
6/15/1952,2210
6/16/1952,2160
6/17/1952,2370
6/18/1952,2670
6/19/1952,2670
6/20/1952,2540
6/21/1952,2280
6/22/1952,2200
6/23/1952,2520
6/24/1952,2360
6/25/1952,2070
6/26/1952,1910
6/27/1952,1950
6/28/1952,2630
6/29/1952,3410
6/30/1952,2510
7/1/1952,2170
7/2/1952,2100
7/3/1952,2130
7/4/1952,2230
7/5/1952,2130
7/6/1952,1900
7/7/1952,1870
7/8/1952,1810
7/9/1952,1770
7/10/1952,1690
7/11/1952,1660
7/12/1952,1590
7/13/1952,1430
7/14/1952,1390
7/15/1952,1280
7/16/1952,1180
7/17/1952,1120
7/18/1952,1040
7/19/1952,962
7/20/1952,876
7/21/1952,820
7/22/1952,772
7/23/1952,735
7/24/1952,701
7/25/1952,661
7/26/1952,653
7/27/1952,637
7/28/1952,641
7/29/1952,625
7/30/1952,688
7/31/1952,665
8/1/1952,730
8/2/1952,653
8/3/1952,593
8/4/1952,520
8/5/1952,496
8/6/1952,451
8/7/1952,427
8/8/1952,418
8/9/1952,405
8/10/1952,392
8/11/1952,385
8/12/1952,373
8/13/1952,362
8/14/1952,346
8/15/1952,340
8/16/1952,331
8/17/1952,320
8/18/1952,302
8/19/1952,292
8/20/1952,284
8/21/1952,278
8/22/1952,274
8/23/1952,272
8/24/1952,266
8/25/1952,260
8/26/1952,256
8/27/1952,254
8/28/1952,248
8/29/1952,242
8/30/1952,229
8/31/1952,224
9/1/1952,224
9/2/1952,222
9/3/1952,220
9/4/1952,213
9/5/1952,236
9/6/1952,262
9/7/1952,250
9/8/1952,242
9/9/1952,235
9/10/1952,231
9/11/1952,233
9/12/1952,235
9/13/1952,227
9/14/1952,220
9/15/1952,217
9/16/1952,213
9/17/1952,208
9/18/1952,200
9/19/1952,193
9/20/1952,188
9/21/1952,184
9/22/1952,183
9/23/1952,181
9/24/1952,179
9/25/1952,178
9/26/1952,178
9/27/1952,176
9/28/1952,176
9/29/1952,178
9/30/1952,171
10/1/1952,166
10/2/1952,167
10/3/1952,163
10/4/1952,161
10/5/1952,161
10/6/1952,163
10/7/1952,158
10/8/1952,155
10/9/1952,156
10/10/1952,161
10/11/1952,164
10/12/1952,161
10/13/1952,159
10/14/1952,158
10/15/1952,155
10/16/1952,158
10/17/1952,159
10/18/1952,181
10/19/1952,215
10/20/1952,222
10/21/1952,209
10/22/1952,200
10/23/1952,191
10/24/1952,184
10/25/1952,190
10/26/1952,186
10/27/1952,184
10/28/1952,183
10/29/1952,181
10/30/1952,181
10/31/1952,183
11/1/1952,183
11/2/1952,183
11/3/1952,183
11/4/1952,183
11/5/1952,181
11/6/1952,181
11/7/1952,181
11/8/1952,179
11/9/1952,179
11/10/1952,178
11/11/1952,179
11/12/1952,191
11/13/1952,264
11/14/1952,392
11/15/1952,390
11/16/1952,355
11/17/1952,307
11/18/1952,280
11/19/1952,272
11/20/1952,276
11/21/1952,272
11/22/1952,264
11/23/1952,254
11/24/1952,242
11/25/1952,236
11/26/1952,233
11/27/1952,229
11/28/1952,226
11/29/1952,224
11/30/1952,227
12/1/1952,473
12/2/1952,674
12/3/1952,489
12/4/1952,415
12/5/1952,534
12/6/1952,1030
12/7/1952,1890
12/8/1952,2550
12/9/1952,2270
12/10/1952,1920
12/11/1952,1590
12/12/1952,1280
12/13/1952,1000
12/14/1952,802
12/15/1952,706
12/16/1952,645
12/17/1952,597
12/18/1952,557
12/19/1952,573
12/20/1952,577
12/21/1952,538
12/22/1952,514
12/23/1952,496
12/24/1952,475
12/25/1952,472
12/26/1952,538
12/27/1952,876
12/28/1952,922
12/29/1952,1040
12/30/1952,2080
12/31/1952,1620
1/1/1953,1220
1/2/1953,1100
1/3/1953,994
1/4/1953,906
1/5/1953,834
1/6/1953,814
1/7/1953,1390
1/8/1953,2640
1/9/1953,13900
1/10/1953,8080
1/11/1953,5200
1/12/1953,11000
1/13/1953,14300
1/14/1953,8660
1/15/1953,4970
1/16/1953,3660
1/17/1953,5320
1/18/1953,13200
1/19/1953,13300
1/20/1953,14100
1/21/1953,10200
1/22/1953,6260
1/23/1953,4460
1/24/1953,3690
1/25/1953,3220
1/26/1953,2810
1/27/1953,2490
1/28/1953,2280
1/29/1953,2130
1/30/1953,2010
1/31/1953,2010
2/1/1953,2220
2/2/1953,2390
2/3/1953,2770
2/4/1953,3800
2/5/1953,3740
2/6/1953,3960
2/7/1953,4250
2/8/1953,4480
2/9/1953,3770
2/10/1953,3220
2/11/1953,2900
2/12/1953,2700
2/13/1953,2580
2/14/1953,2510
2/15/1953,2440
2/16/1953,2320
2/17/1953,2210
2/18/1953,2110
2/19/1953,1950
2/20/1953,1840
2/21/1953,1760
2/22/1953,1700
2/23/1953,1650
2/24/1953,1600
2/25/1953,1550
2/26/1953,1550
2/27/1953,1660
2/28/1953,1940
3/1/1953,1940
3/2/1953,1790
3/3/1953,1660
3/4/1953,1590
3/5/1953,1630
3/6/1953,1760
3/7/1953,1940
3/8/1953,2170
3/9/1953,2420
3/10/1953,2790
3/11/1953,2790
3/12/1953,2830
3/13/1953,2530
3/14/1953,2260
3/15/1953,2070
3/16/1953,2030
3/17/1953,1940
3/18/1953,1870
3/19/1953,2170
3/20/1953,2270
3/21/1953,2050
3/22/1953,2100
3/23/1953,2350
3/24/1953,2960
3/25/1953,3770
3/26/1953,3690
3/27/1953,3450
3/28/1953,3390
3/29/1953,3090
3/30/1953,2850
3/31/1953,2750
4/1/1953,2710
4/2/1953,2750
4/3/1953,3030
4/4/1953,3430
4/5/1953,3950
4/6/1953,4100
4/7/1953,3490
4/8/1953,3000
4/9/1953,2660
4/10/1953,2440
4/11/1953,2230
4/12/1953,2080
4/13/1953,2040
4/14/1953,1980
4/15/1953,2010
4/16/1953,2170
4/17/1953,2250
4/18/1953,2200
4/19/1953,2360
4/20/1953,2770
4/21/1953,4420
4/22/1953,6600
4/23/1953,7430
4/24/1953,5980
4/25/1953,6040
4/26/1953,8320
4/27/1953,12900
4/28/1953,8460
4/29/1953,6200
4/30/1953,4780
5/1/1953,3980
5/2/1953,3480
5/3/1953,3280
5/4/1953,3770
5/5/1953,5000
5/6/1953,6510
5/7/1953,5720
5/8/1953,4400
5/9/1953,3670
5/10/1953,3310
5/11/1953,3250
5/12/1953,3450
5/13/1953,3730
5/14/1953,4060
5/15/1953,4180
5/16/1953,4480
5/17/1953,5020
5/18/1953,5700
5/19/1953,7320
5/20/1953,6550
5/21/1953,4810
5/22/1953,3820
5/23/1953,3900
5/24/1953,3490
5/25/1953,3220
5/26/1953,3070
5/27/1953,2850
5/28/1953,2890
5/29/1953,3310
5/30/1953,3520
5/31/1953,3960
6/1/1953,3980
6/2/1953,3710
6/3/1953,3820
6/4/1953,3980
6/5/1953,4100
6/6/1953,5150
6/7/1953,6240
6/8/1953,4680
6/9/1953,4340
6/10/1953,3770
6/11/1953,3710
6/12/1953,4040
6/13/1953,3780
6/14/1953,3840
6/15/1953,4620
6/16/1953,5780
6/17/1953,6080
6/18/1953,6380
6/19/1953,5760
6/20/1953,4570
6/21/1953,4320
6/22/1953,4220
6/23/1953,4250
6/24/1953,3890
6/25/1953,3550
6/26/1953,3420
6/27/1953,3340
6/28/1953,3080
6/29/1953,2890
6/30/1953,2880
7/1/1953,2810
7/2/1953,2910
7/3/1953,3090
7/4/1953,3210
7/5/1953,3110
7/6/1953,2890
7/7/1953,2660
7/8/1953,2470
7/9/1953,2170
7/10/1953,2120
7/11/1953,2040
7/12/1953,2010
7/13/1953,1860
7/14/1953,1780
7/15/1953,1630
7/16/1953,1590
7/17/1953,1530
7/18/1953,1490
7/19/1953,1400
7/20/1953,1250
7/21/1953,1130
7/22/1953,1070
7/23/1953,978
7/24/1953,862
7/25/1953,820
7/26/1953,755
7/27/1953,720
7/28/1953,701
7/29/1953,683
7/30/1953,665
7/31/1953,653
8/1/1953,629
8/2/1953,597
8/3/1953,565
8/4/1953,549
8/5/1953,534
8/6/1953,534
8/7/1953,520
8/8/1953,506
8/9/1953,486
8/10/1953,463
8/11/1953,445
8/12/1953,424
8/13/1953,402
8/14/1953,398
8/15/1953,392
8/16/1953,376
8/17/1953,366
8/18/1953,357
8/19/1953,355
8/20/1953,344
8/21/1953,337
8/22/1953,331
8/23/1953,322
8/24/1953,315
8/25/1953,304
8/26/1953,335
8/27/1953,424
8/28/1953,380
8/29/1953,445
8/30/1953,478
8/31/1953,408
9/1/1953,371
9/2/1953,346
9/3/1953,329
9/4/1953,311
9/5/1953,300
9/6/1953,284
9/7/1953,280
9/8/1953,272
9/9/1953,268
9/10/1953,260
9/11/1953,256
9/12/1953,256
9/13/1953,250
9/14/1953,246
9/15/1953,242
9/16/1953,246
9/17/1953,242
9/18/1953,229
9/19/1953,226
9/20/1953,222
9/21/1953,222
9/22/1953,229
9/23/1953,235
9/24/1953,233
9/25/1953,224
9/26/1953,217
9/27/1953,209
9/28/1953,202
9/29/1953,204
9/30/1953,202
10/1/1953,210
10/2/1953,210
10/3/1953,214
10/4/1953,216
10/5/1953,208
10/6/1953,205
10/7/1953,203
10/8/1953,199
10/9/1953,196
10/10/1953,221
10/11/1953,270
10/12/1953,261
10/13/1953,242
10/14/1953,242
10/15/1953,259
10/16/1953,261
10/17/1953,257
10/18/1953,798
10/19/1953,706
10/20/1953,470
10/21/1953,378
10/22/1953,340
10/23/1953,318
10/24/1953,305
10/25/1953,296
10/26/1953,290
10/27/1953,281
10/28/1953,274
10/29/1953,270
10/30/1953,268
10/31/1953,263
11/1/1953,259
11/2/1953,257
11/3/1953,265
11/4/1953,265
11/5/1953,265
11/6/1953,301
11/7/1953,292
11/8/1953,283
11/9/1953,276
11/10/1953,317
11/11/1953,881
11/12/1953,1410
11/13/1953,972
11/14/1953,6460
11/15/1953,2940
11/16/1953,1770
11/17/1953,1640
11/18/1953,1190
11/19/1953,1010
11/20/1953,922
11/21/1953,832
11/22/1953,1470
11/23/1953,5220
11/24/1953,8130
11/25/1953,4110
11/26/1953,2730
11/27/1953,2180
11/28/1953,1760
11/29/1953,1480
11/30/1953,1330
12/1/1953,1190
12/2/1953,1080
12/3/1953,1040
12/4/1953,1260
12/5/1953,1070
12/6/1953,1120
12/7/1953,1320
12/8/1953,1140
12/9/1953,1080
12/10/1953,1040
12/11/1953,957
12/12/1953,908
12/13/1953,874
12/14/1953,874
12/15/1953,880
12/16/1953,868
12/17/1953,868
12/18/1953,943
12/19/1953,1550
12/20/1953,2900
12/21/1953,2150
12/22/1953,1730
12/23/1953,1490
12/24/1953,1340
12/25/1953,1200
12/26/1953,1090
12/27/1953,1080
12/28/1953,1040
12/29/1953,957
12/30/1953,887
12/31/1953,844
1/1/1954,809
1/2/1954,782
1/3/1954,832
1/4/1954,804
1/5/1954,776
1/6/1954,755
1/7/1954,894
1/8/1954,880
1/9/1954,826
1/10/1954,804
1/11/1954,787
1/12/1954,760
1/13/1954,720
1/14/1954,715
1/15/1954,765
1/16/1954,2770
1/17/1954,5360
1/18/1954,2980
1/19/1954,2080
1/20/1954,1610
1/21/1954,1400
1/22/1954,1480
1/23/1954,2600
1/24/1954,2360
1/25/1954,1800
1/26/1954,1590
1/27/1954,1680
1/28/1954,2460
1/29/1954,3230
1/30/1954,3830
1/31/1954,3190
2/1/1954,2870
2/2/1954,2900
2/3/1954,3150
2/4/1954,3250
2/5/1954,3190
2/6/1954,3050
2/7/1954,3030
2/8/1954,3190
2/9/1954,3420
2/10/1954,3360
2/11/1954,3320
2/12/1954,10600
2/13/1954,10900
2/14/1954,6660
2/15/1954,4780
2/16/1954,3940
2/17/1954,5270
2/18/1954,5210
2/19/1954,3990
2/20/1954,3330
2/21/1954,3070
2/22/1954,2910
2/23/1954,2920
2/24/1954,3280
2/25/1954,3700
2/26/1954,4020
2/27/1954,3760
2/28/1954,3510
3/1/1954,3450
3/2/1954,3330
3/3/1954,3180
3/4/1954,3120
3/5/1954,3220
3/6/1954,3390
3/7/1954,3660
3/8/1954,9160
3/9/1954,18900
3/10/1954,13400
3/11/1954,8030
3/12/1954,5750
3/13/1954,4540
3/14/1954,3870
3/15/1954,3510
3/16/1954,3460
3/17/1954,3070
3/18/1954,2810
3/19/1954,2740
3/20/1954,2570
3/21/1954,2500
3/22/1954,2430
3/23/1954,2380
3/24/1954,2360
3/25/1954,2250
3/26/1954,2180
3/27/1954,2200
3/28/1954,2260
3/29/1954,2340
3/30/1954,2360
3/31/1954,2360
4/1/1954,2420
4/2/1954,2500
4/3/1954,3220
4/4/1954,7580
4/5/1954,10800
4/6/1954,7570
4/7/1954,5680
4/8/1954,4880
4/9/1954,4190
4/10/1954,3740
4/11/1954,3580
4/12/1954,3780
4/13/1954,4720
4/14/1954,5820
4/15/1954,5540
4/16/1954,6740
4/17/1954,8060
4/18/1954,8580
4/19/1954,8210
4/20/1954,7400
4/21/1954,7120
4/22/1954,7400
4/23/1954,7790
4/24/1954,8280
4/25/1954,8170
4/26/1954,7260
4/27/1954,7660
4/28/1954,6900
4/29/1954,6140
4/30/1954,5070
5/1/1954,4180
5/2/1954,3830
5/3/1954,4070
5/4/1954,4730
5/5/1954,5410
5/6/1954,5590
5/7/1954,6130
5/8/1954,6410
5/9/1954,6180
5/10/1954,4920
5/11/1954,5070
5/12/1954,4870
5/13/1954,4610
5/14/1954,4990
5/15/1954,5270
5/16/1954,5390
5/17/1954,5960
5/18/1954,6200
5/19/1954,6050
5/20/1954,5590
5/21/1954,4150
5/22/1954,3400
5/23/1954,3230
5/24/1954,3300
5/25/1954,2900
5/26/1954,2610
5/27/1954,2380
5/28/1954,2270
5/29/1954,2310
5/30/1954,2120
5/31/1954,2040
6/1/1954,1990
6/2/1954,1890
6/3/1954,2020
6/4/1954,1840
6/5/1954,1690
6/6/1954,1520
6/7/1954,1420
6/8/1954,1570
6/9/1954,1750
6/10/1954,1640
6/11/1954,1530
6/12/1954,1740
6/13/1954,1760
6/14/1954,1730
6/15/1954,2100
6/16/1954,2200
6/17/1954,1700
6/18/1954,1500
6/19/1954,1460
6/20/1954,1610
6/21/1954,1760
6/22/1954,1670
6/23/1954,1700
6/24/1954,1550
6/25/1954,1410
6/26/1954,1320
6/27/1954,1170
6/28/1954,1080
6/29/1954,1010
6/30/1954,971
7/1/1954,957
7/2/1954,901
7/3/1954,856
7/4/1954,850
7/5/1954,809
7/6/1954,770
7/7/1954,735
7/8/1954,730
7/9/1954,706
7/10/1954,684
7/11/1954,662
7/12/1954,666
7/13/1954,666
7/14/1954,650
7/15/1954,618
7/16/1954,583
7/17/1954,555
7/18/1954,520
7/19/1954,493
7/20/1954,476
7/21/1954,454
7/22/1954,432
7/23/1954,413
7/24/1954,398
7/25/1954,392
7/26/1954,389
7/27/1954,370
7/28/1954,355
7/29/1954,338
7/30/1954,328
7/31/1954,321
8/1/1954,309
8/2/1954,298
8/3/1954,285
8/4/1954,274
8/5/1954,279
8/6/1954,270
8/7/1954,252
8/8/1954,242
8/9/1954,236
8/10/1954,232
8/11/1954,225
8/12/1954,219
8/13/1954,221
8/14/1954,236
8/15/1954,259
8/16/1954,254
8/17/1954,248
8/18/1954,236
8/19/1954,226
8/20/1954,225
8/21/1954,223
8/22/1954,219
8/23/1954,207
8/24/1954,196
8/25/1954,201
8/26/1954,228
8/27/1954,268
8/28/1954,1300
8/29/1954,1210
8/30/1954,618
8/31/1954,480
9/1/1954,407
9/2/1954,360
9/3/1954,328
9/4/1954,309
9/5/1954,296
9/6/1954,287
9/7/1954,276
9/8/1954,265
9/9/1954,250
9/10/1954,246
9/11/1954,292
9/12/1954,287
9/13/1954,270
9/14/1954,272
9/15/1954,292
9/16/1954,294
9/17/1954,283
9/18/1954,268
9/19/1954,259
9/20/1954,248
9/21/1954,238
9/22/1954,228
9/23/1954,228
9/24/1954,225
9/25/1954,216
9/26/1954,210
9/27/1954,207
9/28/1954,198
9/29/1954,192
9/30/1954,194
10/1/1954,200
10/2/1954,200
10/3/1954,198
10/4/1954,200
10/5/1954,200
10/6/1954,198
10/7/1954,276
10/8/1954,392
10/9/1954,309
10/10/1954,274
10/11/1954,256
10/12/1954,244
10/13/1954,238
10/14/1954,236
10/15/1954,230
10/16/1954,225
10/17/1954,228
10/18/1954,234
10/19/1954,283
10/20/1954,345
10/21/1954,301
10/22/1954,272
10/23/1954,256
10/24/1954,244
10/25/1954,238
10/26/1954,236
10/27/1954,234
10/28/1954,232
10/29/1954,225
10/30/1954,223
10/31/1954,219
11/1/1954,218
11/2/1954,219
11/3/1954,219
11/4/1954,218
11/5/1954,218
11/6/1954,216
11/7/1954,214
11/8/1954,805
11/9/1954,2600
11/10/1954,1420
11/11/1954,1340
11/12/1954,3190
11/13/1954,1500
11/14/1954,1440
11/15/1954,3920
11/16/1954,3220
11/17/1954,1890
11/18/1954,1400
11/19/1954,1140
11/20/1954,1030
11/21/1954,950
11/22/1954,964
11/23/1954,992
11/24/1954,943
11/25/1954,880
11/26/1954,887
11/27/1954,820
11/28/1954,760
11/29/1954,706
11/30/1954,650
12/1/1954,658
12/2/1954,735
12/3/1954,770
12/4/1954,832
12/5/1954,1610
12/6/1954,5540
12/7/1954,3150
12/8/1954,2040
12/9/1954,1780
12/10/1954,1530
12/11/1954,1270
12/12/1954,1120
12/13/1954,1100
12/14/1954,1010
12/15/1954,943
12/16/1954,880
12/17/1954,832
12/18/1954,798
12/19/1954,782
12/20/1954,776
12/21/1954,787
12/22/1954,856
12/23/1954,964
12/24/1954,1030
12/25/1954,978
12/26/1954,894
12/27/1954,814
12/28/1954,814
12/29/1954,782
12/30/1954,798
12/31/1954,1060
1/1/1955,1060
1/2/1955,971
1/3/1955,874
1/4/1955,820
1/5/1955,798
1/6/1955,750
1/7/1955,706
1/8/1955,692
1/9/1955,692
1/10/1955,670
1/11/1955,642
1/12/1955,626
1/13/1955,622
1/14/1955,602
1/15/1955,618
1/16/1955,622
1/17/1955,598
1/18/1955,610
1/19/1955,654
1/20/1955,618
1/21/1955,583
1/22/1955,583
1/23/1955,606
1/24/1955,626
1/25/1955,642
1/26/1955,646
1/27/1955,650
1/28/1955,670
1/29/1955,692
1/30/1955,838
1/31/1955,1010
2/1/1955,1090
2/2/1955,1010
2/3/1955,922
2/4/1955,856
2/5/1955,826
2/6/1955,798
2/7/1955,782
2/8/1955,770
2/9/1955,787
2/10/1955,798
2/11/1955,804
2/12/1955,814
2/13/1955,844
2/14/1955,915
2/15/1955,971
2/16/1955,1060
2/17/1955,1300
2/18/1955,1310
2/19/1955,1200
2/20/1955,1120
2/21/1955,1030
2/22/1955,971
2/23/1955,922
2/24/1955,874
2/25/1955,862
2/26/1955,862
2/27/1955,862
2/28/1955,787
3/1/1955,765
3/2/1955,745
3/3/1955,740
3/4/1955,715
3/5/1955,688
3/6/1955,679
3/7/1955,702
3/8/1955,770
3/9/1955,844
3/10/1955,936
3/11/1955,964
3/12/1955,1010
3/13/1955,1040
3/14/1955,992
3/15/1955,929
3/16/1955,880
3/17/1955,850
3/18/1955,838
3/19/1955,850
3/20/1955,850
3/21/1955,832
3/22/1955,820
3/23/1955,832
3/24/1955,880
3/25/1955,1040
3/26/1955,1190
3/27/1955,1360
3/28/1955,1780
3/29/1955,2250
3/30/1955,2010
3/31/1955,1680
4/1/1955,1660
4/2/1955,1550
4/3/1955,1390
4/4/1955,1270
4/5/1955,1160
4/6/1955,1130
4/7/1955,1210
4/8/1955,1390
4/9/1955,1680
4/10/1955,1820
4/11/1955,1660
4/12/1955,1520
4/13/1955,1520
4/14/1955,1540
4/15/1955,1410
4/16/1955,1370
4/17/1955,1320
4/18/1955,1220
4/19/1955,1200
4/20/1955,1320
4/21/1955,1850
4/22/1955,1820
4/23/1955,1720
4/24/1955,1790
4/25/1955,1880
4/26/1955,1890
4/27/1955,1710
4/28/1955,1630
4/29/1955,1600
4/30/1955,1580
5/1/1955,1700
5/2/1955,1920
5/3/1955,2060
5/4/1955,2020
5/5/1955,2310
5/6/1955,3230
5/7/1955,4270
5/8/1955,4770
5/9/1955,4440
5/10/1955,4380
5/11/1955,4460
5/12/1955,4530
5/13/1955,3920
5/14/1955,3050
5/15/1955,2570
5/16/1955,2310
5/17/1955,2360
5/18/1955,2900
5/19/1955,3940
5/20/1955,5250
5/21/1955,5570
5/22/1955,4230
5/23/1955,3540
5/24/1955,3330
5/25/1955,2910
5/26/1955,2640
5/27/1955,2540
5/28/1955,2480
5/29/1955,2780
5/30/1955,2850
5/31/1955,2340
6/1/1955,2000
6/2/1955,1950
6/3/1955,2160
6/4/1955,2560
6/5/1955,2860
6/6/1955,2650
6/7/1955,2560
6/8/1955,2540
6/9/1955,2340
6/10/1955,2200
6/11/1955,2100
6/12/1955,1850
6/13/1955,1640
6/14/1955,1440
6/15/1955,1190
6/16/1955,1030
6/17/1955,950
6/18/1955,922
6/19/1955,880
6/20/1955,850
6/21/1955,809
6/22/1955,760
6/23/1955,715
6/24/1955,679
6/25/1955,650
6/26/1955,630
6/27/1955,606
6/28/1955,583
6/29/1955,580
6/30/1955,558
7/1/1955,513
7/2/1955,503
7/3/1955,513
7/4/1955,576
7/5/1955,538
7/6/1955,489
7/7/1955,470
7/8/1955,441
7/9/1955,425
7/10/1955,441
7/11/1955,425
7/12/1955,401
7/13/1955,378
7/14/1955,362
7/15/1955,340
7/16/1955,328
7/17/1955,318
7/18/1955,407
7/19/1955,296
7/20/1955,281
7/21/1955,274
7/22/1955,264
7/23/1955,254
7/24/1955,240
7/25/1955,228
7/26/1955,238
7/27/1955,238
7/28/1955,234
7/29/1955,230
7/30/1955,223
7/31/1955,214
8/1/1955,205
8/2/1955,198
8/3/1955,193
8/4/1955,185
8/5/1955,176
8/6/1955,177
8/7/1955,174
8/8/1955,170
8/9/1955,164
8/10/1955,159
8/11/1955,154
8/12/1955,150
8/13/1955,148
8/14/1955,144
8/15/1955,143
8/16/1955,143
8/17/1955,142
8/18/1955,139
8/19/1955,137
8/20/1955,136
8/21/1955,137
8/22/1955,137
8/23/1955,134
8/24/1955,131
8/25/1955,132
8/26/1955,131
8/27/1955,128
8/28/1955,128
8/29/1955,126
8/30/1955,123
8/31/1955,120
9/1/1955,122
9/2/1955,119
9/3/1955,115
9/4/1955,115
9/5/1955,113
9/6/1955,113
9/7/1955,113
9/8/1955,114
9/9/1955,115
9/10/1955,115
9/11/1955,115
9/12/1955,114
9/13/1955,113
9/14/1955,133
9/15/1955,198
9/16/1955,193
9/17/1955,183
9/18/1955,182
9/19/1955,176
9/20/1955,164
9/21/1955,157
9/22/1955,152
9/23/1955,148
9/24/1955,144
9/25/1955,139
9/26/1955,134
9/27/1955,134
9/28/1955,133
9/29/1955,131
9/30/1955,131
10/1/1955,136
10/2/1955,131
10/3/1955,128
10/4/1955,131
10/5/1955,133
10/6/1955,134
10/7/1955,136
10/8/1955,130
10/9/1955,127
10/10/1955,146
10/11/1955,219
10/12/1955,200
10/13/1955,172
10/14/1955,171
10/15/1955,164
10/16/1955,161
10/17/1955,157
10/18/1955,154
10/19/1955,154
10/20/1955,151
10/21/1955,152
10/22/1955,154
10/23/1955,154
10/24/1955,150
10/25/1955,148
10/26/1955,152
10/27/1955,170
10/28/1955,166
10/29/1955,164
10/30/1955,159
10/31/1955,155
11/1/1955,154
11/2/1955,154
11/3/1955,155
11/4/1955,161
11/5/1955,186
11/6/1955,191
11/7/1955,186
11/8/1955,180
11/9/1955,174
11/10/1955,171
11/11/1955,165
11/12/1955,162
11/13/1955,177
11/14/1955,190
11/15/1955,186
11/16/1955,200
11/17/1955,214
11/18/1955,232
11/19/1955,776
11/20/1955,3700
11/21/1955,2200
11/22/1955,1030
11/23/1955,765
11/24/1955,650
11/25/1955,590
11/26/1955,562
11/27/1955,679
11/28/1955,715
11/29/1955,679
11/30/1955,646
12/1/1955,755
12/2/1955,770
12/3/1955,658
12/4/1955,576
12/5/1955,562
12/6/1955,654
12/7/1955,674
12/8/1955,610
12/9/1955,782
12/10/1955,720
12/11/1955,832
12/12/1955,1120
12/13/1955,1080
12/14/1955,1010
12/15/1955,992
12/16/1955,1180
12/17/1955,1400
12/18/1955,4140
12/19/1955,12900
12/20/1955,14100
12/21/1955,29100
12/22/1955,38700
12/23/1955,14700
12/24/1955,8560
12/25/1955,6040
12/26/1955,4780
12/27/1955,4240
12/28/1955,3890
12/29/1955,3470
12/30/1955,3120
12/31/1955,2770
1/1/1956,2630
1/2/1956,2320
1/3/1956,2260
1/4/1956,3370
1/5/1956,4020
1/6/1956,4180
1/7/1956,7840
1/8/1956,5530
1/9/1956,4060
1/10/1956,4520
1/11/1956,5720
1/12/1956,4810
1/13/1956,5310
1/14/1956,8430
1/15/1956,21000
1/16/1956,16200
1/17/1956,9470
1/18/1956,6740
1/19/1956,5500
1/20/1956,5590
1/21/1956,5280
1/22/1956,5550
1/23/1956,6990
1/24/1956,5500
1/25/1956,4680
1/26/1956,4280
1/27/1956,3950
1/28/1956,3460
1/29/1956,3080
1/30/1956,2840
1/31/1956,2630
2/1/1956,2420
2/2/1956,2260
2/3/1956,2150
2/4/1956,2070
2/5/1956,2010
2/6/1956,1920
2/7/1956,1840
2/8/1956,1820
2/9/1956,1810
2/10/1956,1800
2/11/1956,1800
2/12/1956,1860
2/13/1956,1910
2/14/1956,1890
2/15/1956,1830
2/16/1956,1740
2/17/1956,1740
2/18/1956,1650
2/19/1956,1680
2/20/1956,1900
2/21/1956,8020
2/22/1956,8390
2/23/1956,5820
2/24/1956,4140
2/25/1956,3460
2/26/1956,2910
2/27/1956,2580
2/28/1956,2380
2/29/1956,2290
3/1/1956,2180
3/2/1956,2150
3/3/1956,2230
3/4/1956,2330
3/5/1956,2340
3/6/1956,2150
3/7/1956,1990
3/8/1956,1900
3/9/1956,1960
3/10/1956,2000
3/11/1956,2010
3/12/1956,1940
3/13/1956,1960
3/14/1956,2110
3/15/1956,2160
3/16/1956,2280
3/17/1956,2550
3/18/1956,2930
3/19/1956,3160
3/20/1956,3180
3/21/1956,3250
3/22/1956,3330
3/23/1956,3540
3/24/1956,3960
3/25/1956,4480
3/26/1956,4560
3/27/1956,3950
3/28/1956,3510
3/29/1956,3470
3/30/1956,3690
3/31/1956,3620
4/1/1956,3310
4/2/1956,3040
4/3/1956,2810
4/4/1956,2820
4/5/1956,3200
4/6/1956,3340
4/7/1956,3830
4/8/1956,4030
4/9/1956,4370
4/10/1956,5150
4/11/1956,5190
4/12/1956,4280
4/13/1956,3930
4/14/1956,4000
4/15/1956,4310
4/16/1956,4100
4/17/1956,4380
4/18/1956,4520
4/19/1956,5300
4/20/1956,6790
4/21/1956,8130
4/22/1956,8620
4/23/1956,9120
4/24/1956,9320
4/25/1956,6920
4/26/1956,5690
4/27/1956,4840
4/28/1956,4590
4/29/1956,4730
4/30/1956,4890
5/1/1956,5260
5/2/1956,5920
5/3/1956,6260
5/4/1956,6920
5/5/1956,6770
5/6/1956,5920
5/7/1956,5410
5/8/1956,4810
5/9/1956,4590
5/10/1956,4730
5/11/1956,4360
5/12/1956,3860
5/13/1956,3580
5/14/1956,3710
5/15/1956,4210
5/16/1956,5740
5/17/1956,7340
5/18/1956,8340
5/19/1956,9570
5/20/1956,9400
5/21/1956,8660
5/22/1956,9090
5/23/1956,9990
5/24/1956,8270
5/25/1956,7290
5/26/1956,6900
5/27/1956,6330
5/28/1956,5330
5/29/1956,5660
5/30/1956,6640
5/31/1956,6990
6/1/1956,6060
6/2/1956,5350
6/3/1956,5720
6/4/1956,5240
6/5/1956,4030
6/6/1956,3650
6/7/1956,3740
6/8/1956,4030
6/9/1956,4370
6/10/1956,4480
6/11/1956,3970
6/12/1956,3650
6/13/1956,3650
6/14/1956,3550
6/15/1956,3390
6/16/1956,2910
6/17/1956,2780
6/18/1956,2790
6/19/1956,3580
6/20/1956,2960
6/21/1956,2610
6/22/1956,2550
6/23/1956,2610
6/24/1956,2490
6/25/1956,2250
6/26/1956,2240
6/27/1956,2320
6/28/1956,2380
6/29/1956,2150
6/30/1956,1890
7/1/1956,1670
7/2/1956,1500
7/3/1956,1360
7/4/1956,1290
7/5/1956,1250
7/6/1956,1190
7/7/1956,1160
7/8/1956,1200
7/9/1956,1180
7/10/1956,1100
7/11/1956,1020
7/12/1956,1080
7/13/1956,960
7/14/1956,894
7/15/1956,858
7/16/1956,810
7/17/1956,780
7/18/1956,770
7/19/1956,735
7/20/1956,730
7/21/1956,690
7/22/1956,650
7/23/1956,622
7/24/1956,614
7/25/1956,586
7/26/1956,570
7/27/1956,549
7/28/1956,521
7/29/1956,504
7/30/1956,470
7/31/1956,440
8/1/1956,410
8/2/1956,407
8/3/1956,396
8/4/1956,378
8/5/1956,367
8/6/1956,380
8/7/1956,378
8/8/1956,356
8/9/1956,338
8/10/1956,334
8/11/1956,324
8/12/1956,308
8/13/1956,299
8/14/1956,290
8/15/1956,284
8/16/1956,280
8/17/1956,280
8/18/1956,276
8/19/1956,271
8/20/1956,263
8/21/1956,261
8/22/1956,255
8/23/1956,253
8/24/1956,249
8/25/1956,247
8/26/1956,243
8/27/1956,236
8/28/1956,226
8/29/1956,221
8/30/1956,216
8/31/1956,211
9/1/1956,207
9/2/1956,204
9/3/1956,203
9/4/1956,198
9/5/1956,192
9/6/1956,192
9/7/1956,188
9/8/1956,186
9/9/1956,187
9/10/1956,192
9/11/1956,196
9/12/1956,195
9/13/1956,193
9/14/1956,192
9/15/1956,188
9/16/1956,186
9/17/1956,178
9/18/1956,175
9/19/1956,184
9/20/1956,193
9/21/1956,203
9/22/1956,193
9/23/1956,186
9/24/1956,181
9/25/1956,178
9/26/1956,178
9/27/1956,178
9/28/1956,177
9/29/1956,175
9/30/1956,175
10/1/1956,175
10/2/1956,175
10/3/1956,175
10/4/1956,172
10/5/1956,172
10/6/1956,171
10/7/1956,170
10/8/1956,170
10/9/1956,174
10/10/1956,198
10/11/1956,255
10/12/1956,273
10/13/1956,249
10/14/1956,236
10/15/1956,224
10/16/1956,216
10/17/1956,209
10/18/1956,206
10/19/1956,206
10/20/1956,207
10/21/1956,206
10/22/1956,203
10/23/1956,207
10/24/1956,218
10/25/1956,223
10/26/1956,474
10/27/1956,507
10/28/1956,380
10/29/1956,341
10/30/1956,785
10/31/1956,646
11/1/1956,510
11/2/1956,461
11/3/1956,446
11/4/1956,507
11/5/1956,528
11/6/1956,538
11/7/1956,570
11/8/1956,610
11/9/1956,556
11/10/1956,542
11/11/1956,528
11/12/1956,488
11/13/1956,440
11/14/1956,407
11/15/1956,380
11/16/1956,359
11/17/1956,356
11/18/1956,402
11/19/1956,386
11/20/1956,348
11/21/1956,331
11/22/1956,324
11/23/1956,308
11/24/1956,301
11/25/1956,293
11/26/1956,286
11/27/1956,284
11/28/1956,276
11/29/1956,269
11/30/1956,265
12/1/1956,263
12/2/1956,259
12/3/1956,255
12/4/1956,255
12/5/1956,259
12/6/1956,265
12/7/1956,257
12/8/1956,239
12/9/1956,247
12/10/1956,259
12/11/1956,1020
12/12/1956,1420
12/13/1956,1220
12/14/1956,918
12/15/1956,650
12/16/1956,546
12/17/1956,488
12/18/1956,449
12/19/1956,416
12/20/1956,388
12/21/1956,370
12/22/1956,346
12/23/1956,338
12/24/1956,338
12/25/1956,322
12/26/1956,304
12/27/1956,293
12/28/1956,288
12/29/1956,286
12/30/1956,284
12/31/1956,282
1/1/1957,280
1/2/1957,273
1/3/1957,269
1/4/1957,263
1/5/1957,251
1/6/1957,243
1/7/1957,241
1/8/1957,259
1/9/1957,261
1/10/1957,243
1/11/1957,257
1/12/1957,326
1/13/1957,706
1/14/1957,858
1/15/1957,960
1/16/1957,740
1/17/1957,582
1/18/1957,494
1/19/1957,461
1/20/1957,449
1/21/1957,464
1/22/1957,405
1/23/1957,383
1/24/1957,386
1/25/1957,351
1/26/1957,329
1/27/1957,286
1/28/1957,324
1/29/1957,304
1/30/1957,301
1/31/1957,317
2/1/1957,322
2/2/1957,320
2/3/1957,308
2/4/1957,295
2/5/1957,297
2/6/1957,301
2/7/1957,308
2/8/1957,338
2/9/1957,356
2/10/1957,351
2/11/1957,348
2/12/1957,351
2/13/1957,375
2/14/1957,676
2/15/1957,846
2/16/1957,912
2/17/1957,1010
2/18/1957,1090
2/19/1957,1030
2/20/1957,1020
2/21/1957,1530
2/22/1957,1730
2/23/1957,7400
2/24/1957,18700
2/25/1957,14200
2/26/1957,17900
2/27/1957,11500
2/28/1957,6340
3/1/1957,4460
3/2/1957,3830
3/3/1957,3260
3/4/1957,3160
3/5/1957,4510
3/6/1957,4310
3/7/1957,4340
3/8/1957,3900
3/9/1957,6120
3/10/1957,4540
3/11/1957,3950
3/12/1957,5230
3/13/1957,4200
3/14/1957,3480
3/15/1957,3180
3/16/1957,2950
3/17/1957,2770
3/18/1957,2550
3/19/1957,2470
3/20/1957,2460
3/21/1957,2360
3/22/1957,2140
3/23/1957,1950
3/24/1957,1820
3/25/1957,1940
3/26/1957,2240
3/27/1957,2200
3/28/1957,2290
3/29/1957,2700
3/30/1957,2590
3/31/1957,2350
4/1/1957,2160
4/2/1957,2010
4/3/1957,2230
4/4/1957,2630
4/5/1957,2940
4/6/1957,3400
4/7/1957,2830
4/8/1957,2580
4/9/1957,2580
4/10/1957,2640
4/11/1957,2760
4/12/1957,2750
4/13/1957,2550
4/14/1957,3820
4/15/1957,3050
4/16/1957,2630
4/17/1957,2580
4/18/1957,2830
4/19/1957,2720
4/20/1957,2550
4/21/1957,2380
4/22/1957,2270
4/23/1957,2280
4/24/1957,2290
4/25/1957,2240
4/26/1957,2240
4/27/1957,2350
4/28/1957,2780
4/29/1957,3550
4/30/1957,4240
5/1/1957,4570
5/2/1957,5300
5/3/1957,3860
5/4/1957,3430
5/5/1957,3740
5/6/1957,4340
5/7/1957,4760
5/8/1957,4830
5/9/1957,4840
5/10/1957,4170
5/11/1957,3680
5/12/1957,3470
5/13/1957,3710
5/14/1957,3740
5/15/1957,3310
5/16/1957,3260
5/17/1957,3710
5/18/1957,13200
5/19/1957,8760
5/20/1957,5530
5/21/1957,4490
5/22/1957,3960
5/23/1957,3540
5/24/1957,3440
5/25/1957,3620
5/26/1957,3890
5/27/1957,4250
5/28/1957,4510
5/29/1957,5000
5/30/1957,4650
5/31/1957,4600
6/1/1957,4460
6/2/1957,4140
6/3/1957,3830
6/4/1957,3670
6/5/1957,3460
6/6/1957,3050
6/7/1957,2710
6/8/1957,2590
6/9/1957,2340
6/10/1957,2140
6/11/1957,2030
6/12/1957,2010
6/13/1957,1840
6/14/1957,1620
6/15/1957,1470
6/16/1957,1350
6/17/1957,1300
6/18/1957,1340
6/19/1957,1350
6/20/1957,1320
6/21/1957,1260
6/22/1957,1180
6/23/1957,1140
6/24/1957,1130
6/25/1957,1080
6/26/1957,1070
6/27/1957,1040
6/28/1957,1040
6/29/1957,981
6/30/1957,918
7/1/1957,858
7/2/1957,810
7/3/1957,760
7/4/1957,710
7/5/1957,674
7/6/1957,630
7/7/1957,594
7/8/1957,518
7/9/1957,510
7/10/1957,491
7/11/1957,479
7/12/1957,464
7/13/1957,458
7/14/1957,491
7/15/1957,482
7/16/1957,449
7/17/1957,425
7/18/1957,399
7/19/1957,383
7/20/1957,364
7/21/1957,356
7/22/1957,351
7/23/1957,338
7/24/1957,329
7/25/1957,315
7/26/1957,304
7/27/1957,290
7/28/1957,290
7/29/1957,273
7/30/1957,271
7/31/1957,253
8/1/1957,247
8/2/1957,245
8/3/1957,245
8/4/1957,236
8/5/1957,228
8/6/1957,228
8/7/1957,234
8/8/1957,232
8/9/1957,226
8/10/1957,223
8/11/1957,216
8/12/1957,214
8/13/1957,211
8/14/1957,207
8/15/1957,203
8/16/1957,186
8/17/1957,182
8/18/1957,181
8/19/1957,178
8/20/1957,177
8/21/1957,174
8/22/1957,171
8/23/1957,170
8/24/1957,175
8/25/1957,171
8/26/1957,164
8/27/1957,164
8/28/1957,167
8/29/1957,165
8/30/1957,168
8/31/1957,171
9/1/1957,172
9/2/1957,168
9/3/1957,165
9/4/1957,163
9/5/1957,156
9/6/1957,150
9/7/1957,149
9/8/1957,147
9/9/1957,146
9/10/1957,145
9/11/1957,140
9/12/1957,138
9/13/1957,137
9/14/1957,137
9/15/1957,137
9/16/1957,138
9/17/1957,144
9/18/1957,150
9/19/1957,151
9/20/1957,146
9/21/1957,143
9/22/1957,135
9/23/1957,130
9/24/1957,128
9/25/1957,128
9/26/1957,146
9/27/1957,1090
9/28/1957,852
9/29/1957,670
9/30/1957,622
10/1/1957,546
10/2/1957,488
10/3/1957,455
10/4/1957,440
10/5/1957,467
10/6/1957,476
10/7/1957,535
10/8/1957,524
10/9/1957,1750
10/10/1957,8220
10/11/1957,5550
10/12/1957,2690
10/13/1957,5070
10/14/1957,3200
10/15/1957,2070
10/16/1957,1590
10/17/1957,1280
10/18/1957,1110
10/19/1957,981
10/20/1957,888
10/21/1957,830
10/22/1957,790
10/23/1957,2260
10/24/1957,4580
10/25/1957,3160
10/26/1957,2400
10/27/1957,1820
10/28/1957,1490
10/29/1957,1280
10/30/1957,1140
10/31/1957,1040
11/1/1957,960
11/2/1957,888
11/3/1957,835
11/4/1957,795
11/5/1957,760
11/6/1957,725
11/7/1957,695
11/8/1957,695
11/9/1957,674
11/10/1957,700
11/11/1957,765
11/12/1957,735
11/13/1957,4900
11/14/1957,9170
11/15/1957,4300
11/16/1957,2830
11/17/1957,2280
11/18/1957,1890
11/19/1957,1720
11/20/1957,1570
11/21/1957,1500
11/22/1957,1340
11/23/1957,1260
11/24/1957,1210
11/25/1957,1160
11/26/1957,1110
11/27/1957,1030
11/28/1957,967
11/29/1957,930
11/30/1957,882
12/1/1957,840
12/2/1957,810
12/3/1957,780
12/4/1957,760
12/5/1957,780
12/6/1957,755
12/7/1957,750
12/8/1957,740
12/9/1957,735
12/10/1957,682
12/11/1957,666
12/12/1957,650
12/13/1957,642
12/14/1957,634
12/15/1957,755
12/16/1957,2330
12/17/1957,3240
12/18/1957,3780
12/19/1957,2180
12/20/1957,2550
12/21/1957,7190
12/22/1957,5660
12/23/1957,5280
12/24/1957,2700
12/25/1957,2230
12/26/1957,2150
12/27/1957,2000
12/28/1957,2260
12/29/1957,2210
12/30/1957,1940
12/31/1957,1730
1/1/1958,1610
1/2/1958,2160
1/3/1958,2040
1/4/1958,1860
1/5/1958,1670
1/6/1958,1550
1/7/1958,1470
1/8/1958,1380
1/9/1958,1340
1/10/1958,1800
1/11/1958,1940
1/12/1958,3080
1/13/1958,3610
1/14/1958,2650
1/15/1958,2300
1/16/1958,2160
1/17/1958,2030
1/18/1958,1940
1/19/1958,1820
1/20/1958,1710
1/21/1958,1560
1/22/1958,1450
1/23/1958,1420
1/24/1958,1450
1/25/1958,1470
1/26/1958,2290
1/27/1958,2400
1/28/1958,4740
1/29/1958,14400
1/30/1958,11500
1/31/1958,6550
2/1/1958,4730
2/2/1958,5210
2/3/1958,7670
2/4/1958,10100
2/5/1958,9330
2/6/1958,7600
2/7/1958,12800
2/8/1958,11500
2/9/1958,8940
2/10/1958,7120
2/11/1958,6000
2/12/1958,11300
2/13/1958,8400
2/14/1958,6900
2/15/1958,9520
2/16/1958,15800
2/17/1958,14400
2/18/1958,21900
2/19/1958,26100
2/20/1958,16100
2/21/1958,11200
2/22/1958,8850
2/23/1958,7790
2/24/1958,24400
2/25/1958,23400
2/26/1958,13300
2/27/1958,9180
2/28/1958,7340
3/1/1958,5920
3/2/1958,5100
3/3/1958,4590
3/4/1958,4160
3/5/1958,3850
3/6/1958,3580
3/7/1958,3340
3/8/1958,3140
3/9/1958,3020
3/10/1958,2870
3/11/1958,2750
3/12/1958,2630
3/13/1958,2540
3/14/1958,2440
3/15/1958,2370
3/16/1958,2260
3/17/1958,2200
3/18/1958,2120
3/19/1958,2070
3/20/1958,2690
3/21/1958,5320
3/22/1958,5510
3/23/1958,6060
3/24/1958,6640
3/25/1958,5240
3/26/1958,4380
3/27/1958,3890
3/28/1958,3550
3/29/1958,3710
3/30/1958,4380
3/31/1958,3970
4/1/1958,4840
4/2/1958,5620
4/3/1958,5330
4/4/1958,4460
4/5/1958,4130
4/6/1958,5040
4/7/1958,4560
4/8/1958,4090
4/9/1958,3810
4/10/1958,3950
4/11/1958,4430
4/12/1958,4750
4/13/1958,5070
4/14/1958,5860
4/15/1958,5960
4/16/1958,6060
4/17/1958,6500
4/18/1958,6680
4/19/1958,6020
4/20/1958,6350
4/21/1958,7010
4/22/1958,7380
4/23/1958,5640
4/24/1958,4860
4/25/1958,4400
4/26/1958,4250
4/27/1958,4210
4/28/1958,4320
4/29/1958,4680
4/30/1958,5020
5/1/1958,5600
5/2/1958,6530
5/3/1958,7650
5/4/1958,7740
5/5/1958,8510
5/6/1958,8800
5/7/1958,7840
5/8/1958,8270
5/9/1958,9380
5/10/1958,10900
5/11/1958,13000
5/12/1958,10700
5/13/1958,7790
5/14/1958,7120
5/15/1958,7550
5/16/1958,8820
5/17/1958,10600
5/18/1958,12000
5/19/1958,12900
5/20/1958,10900
5/21/1958,10700
5/22/1958,11000
5/23/1958,11700
5/24/1958,9700
5/25/1958,8850
5/26/1958,8920
5/27/1958,8660
5/28/1958,7720
5/29/1958,7140
5/30/1958,6860
5/31/1958,7080
6/1/1958,6640
6/2/1958,9750
6/3/1958,7340
6/4/1958,6020
6/5/1958,5720
6/6/1958,5700
6/7/1958,5500
6/8/1958,5240
6/9/1958,5150
6/10/1958,5120
6/11/1958,4880
6/12/1958,5050
6/13/1958,4480
6/14/1958,4600
6/15/1958,5070
6/16/1958,5410
6/17/1958,5500
6/18/1958,5440
6/19/1958,5460
6/20/1958,5510
6/21/1958,4720
6/22/1958,4810
6/23/1958,4490
6/24/1958,4100
6/25/1958,3480
6/26/1958,3380
6/27/1958,3260
6/28/1958,2760
6/29/1958,2600
6/30/1958,2390
7/1/1958,2180
7/2/1958,2200
7/3/1958,2070
7/4/1958,2110
7/5/1958,2110
7/6/1958,2070
7/7/1958,2060
7/8/1958,2000
7/9/1958,1860
7/10/1958,1710
7/11/1958,1680
7/12/1958,1670
7/13/1958,1620
7/14/1958,1500
7/15/1958,1460
7/16/1958,1360
7/17/1958,1280
7/18/1958,1290
7/19/1958,1230
7/20/1958,1190
7/21/1958,1150
7/22/1958,1200
7/23/1958,1330
7/24/1958,1580
7/25/1958,1330
7/26/1958,1150
7/27/1958,1040
7/28/1958,967
7/29/1958,930
7/30/1958,882
7/31/1958,825
8/1/1958,790
8/2/1958,765
8/3/1958,805
8/4/1958,735
8/5/1958,690
8/6/1958,662
8/7/1958,638
8/8/1958,630
8/9/1958,606
8/10/1958,586
8/11/1958,566
8/12/1958,552
8/13/1958,538
8/14/1958,524
8/15/1958,510
8/16/1958,497
8/17/1958,497
8/18/1958,500
8/19/1958,494
8/20/1958,488
8/21/1958,482
8/22/1958,476
8/23/1958,458
8/24/1958,434
8/25/1958,402
8/26/1958,407
8/27/1958,370
8/28/1958,338
8/29/1958,320
8/30/1958,304
8/31/1958,293
9/1/1958,284
9/2/1958,271
9/3/1958,263
9/4/1958,259
9/5/1958,259
9/6/1958,255
9/7/1958,249
9/8/1958,263
9/9/1958,290
9/10/1958,284
9/11/1958,271
9/12/1958,263
9/13/1958,265
9/14/1958,269
9/15/1958,263
9/16/1958,251
9/17/1958,247
9/18/1958,239
9/19/1958,234
9/20/1958,226
9/21/1958,221
9/22/1958,224
9/23/1958,245
9/24/1958,259
9/25/1958,249
9/26/1958,223
9/27/1958,237
9/28/1958,230
9/29/1958,224
9/30/1958,221
10/1/1958,206
10/2/1958,204
10/3/1958,204
10/4/1958,206
10/5/1958,204
10/6/1958,199
10/7/1958,201
10/8/1958,201
10/9/1958,206
10/10/1958,206
10/11/1958,204
10/12/1958,204
10/13/1958,199
10/14/1958,195
10/15/1958,193
10/16/1958,190
10/17/1958,190
10/18/1958,206
10/19/1958,252
10/20/1958,279
10/21/1958,252
10/22/1958,229
10/23/1958,220
10/24/1958,217
10/25/1958,217
10/26/1958,214
10/27/1958,214
10/28/1958,214
10/29/1958,212
10/30/1958,212
10/31/1958,209
11/1/1958,223
11/2/1958,241
11/3/1958,249
11/4/1958,235
11/5/1958,235
11/6/1958,232
11/7/1958,229
11/8/1958,229
11/9/1958,235
11/10/1958,311
11/11/1958,308
11/12/1958,279
11/13/1958,437
11/14/1958,502
11/15/1958,429
11/16/1958,346
11/17/1958,314
11/18/1958,308
11/19/1958,394
11/20/1958,493
11/21/1958,442
11/22/1958,394
11/23/1958,369
11/24/1958,343
11/25/1958,331
11/26/1958,319
11/27/1958,308
11/28/1958,299
11/29/1958,287
11/30/1958,279
12/1/1958,270
12/2/1958,279
12/3/1958,293
12/4/1958,296
12/5/1958,287
12/6/1958,276
12/7/1958,270
12/8/1958,270
12/9/1958,281
12/10/1958,279
12/11/1958,279
12/12/1958,279
12/13/1958,276
12/14/1958,264
12/15/1958,258
12/16/1958,252
12/17/1958,249
12/18/1958,247
12/19/1958,244
12/20/1958,252
12/21/1958,328
12/22/1958,325
12/23/1958,293
12/24/1958,293
12/25/1958,346
12/26/1958,390
12/27/1958,728
12/28/1958,594
12/29/1958,476
12/30/1958,420
12/31/1958,429
1/1/1959,416
1/2/1959,399
1/3/1959,356
1/4/1959,322
1/5/1959,346
1/6/1959,319
1/7/1959,515
1/8/1959,2770
1/9/1959,5220
1/10/1959,5840
1/11/1959,6620
1/12/1959,19000
1/13/1959,16000
1/14/1959,5420
1/15/1959,3370
1/16/1959,2780
1/17/1959,2570
1/18/1959,2400
1/19/1959,2150
1/20/1959,1890
1/21/1959,1670
1/22/1959,1500
1/23/1959,1350
1/24/1959,1520
1/25/1959,1750
1/26/1959,1870
1/27/1959,2340
1/28/1959,3500
1/29/1959,2780
1/30/1959,2270
1/31/1959,1920
2/1/1959,1690
2/2/1959,1520
2/3/1959,1390
2/4/1959,1300
2/5/1959,1270
2/6/1959,1240
2/7/1959,1190
2/8/1959,1130
2/9/1959,1110
2/10/1959,1140
2/11/1959,1070
2/12/1959,978
2/13/1959,950
2/14/1959,1060
2/15/1959,1390
2/16/1959,4380
2/17/1959,5310
2/18/1959,4810
2/19/1959,4300
2/20/1959,3800
2/21/1959,3650
2/22/1959,3040
2/23/1959,2580
2/24/1959,2290
2/25/1959,2140
2/26/1959,2120
2/27/1959,2110
2/28/1959,2390
3/1/1959,3000
3/2/1959,3280
3/3/1959,3450
3/4/1959,3280
3/5/1959,3140
3/6/1959,3100
3/7/1959,3030
3/8/1959,2890
3/9/1959,2730
3/10/1959,2560
3/11/1959,2400
3/12/1959,2460
3/13/1959,2640
3/14/1959,2520
3/15/1959,2320
3/16/1959,2290
3/17/1959,2500
3/18/1959,2520
3/19/1959,2350
3/20/1959,2170
3/21/1959,2210
3/22/1959,2280
3/23/1959,2330
3/24/1959,2100
3/25/1959,1980
3/26/1959,2090
3/27/1959,1920
3/28/1959,1840
3/29/1959,1840
3/30/1959,2310
3/31/1959,2330
4/1/1959,2410
4/2/1959,3120
4/3/1959,3780
4/4/1959,4590
4/5/1959,5330
4/6/1959,5430
4/7/1959,4590
4/8/1959,3970
4/9/1959,3730
4/10/1959,3680
4/11/1959,3870
4/12/1959,4180
4/13/1959,4020
4/14/1959,3650
4/15/1959,3480
4/16/1959,3180
4/17/1959,3080
4/18/1959,2890
4/19/1959,2820
4/20/1959,2910
4/21/1959,3180
4/22/1959,3470
4/23/1959,3610
4/24/1959,4220
4/25/1959,4740
4/26/1959,4500
4/27/1959,3660
4/28/1959,3190
4/29/1959,3480
4/30/1959,3610
5/1/1959,3440
5/2/1959,2970
5/3/1959,2580
5/4/1959,2320
5/5/1959,2240
5/6/1959,2280
5/7/1959,2520
5/8/1959,2850
5/9/1959,2970
5/10/1959,3040
5/11/1959,3220
5/12/1959,3680
5/13/1959,4600
5/14/1959,4620
5/15/1959,3810
5/16/1959,3060
5/17/1959,2730
5/18/1959,2490
5/19/1959,2230
5/20/1959,2110
5/21/1959,2130
5/22/1959,2160
5/23/1959,2190
5/24/1959,2530
5/25/1959,2490
5/26/1959,2410
5/27/1959,2080
5/28/1959,1930
5/29/1959,1820
5/30/1959,1840
5/31/1959,1930
6/1/1959,2060
6/2/1959,2270
6/3/1959,2150
6/4/1959,2100
6/5/1959,2120
6/6/1959,2050
6/7/1959,1770
6/8/1959,1620
6/9/1959,1550
6/10/1959,1400
6/11/1959,1420
6/12/1959,1510
6/13/1959,1560
6/14/1959,1410
6/15/1959,1260
6/16/1959,1190
6/17/1959,1130
6/18/1959,1200
6/19/1959,1290
6/20/1959,1330
6/21/1959,1260
6/22/1959,1110
6/23/1959,1010
6/24/1959,943
6/25/1959,874
6/26/1959,823
6/27/1959,773
6/28/1959,700
6/29/1959,639
6/30/1959,594
7/1/1959,562
7/2/1959,549
7/3/1959,519
7/4/1959,503
7/5/1959,489
7/6/1959,476
7/7/1959,446
7/8/1959,424
7/9/1959,407
7/10/1959,399
7/11/1959,381
7/12/1959,373
7/13/1959,364
7/14/1959,349
7/15/1959,331
7/16/1959,319
7/17/1959,311
7/18/1959,302
7/19/1959,293
7/20/1959,281
7/21/1959,270
7/22/1959,255
7/23/1959,244
7/24/1959,235
7/25/1959,226
7/26/1959,220
7/27/1959,209
7/28/1959,430
7/29/1959,217
7/30/1959,206
7/31/1959,197
8/1/1959,190
8/2/1959,182
8/3/1959,175
8/4/1959,153
8/5/1959,166
8/6/1959,173
8/7/1959,168
8/8/1959,166
8/9/1959,164
8/10/1959,162
8/11/1959,155
8/12/1959,153
8/13/1959,155
8/14/1959,157
8/15/1959,155
8/16/1959,151
8/17/1959,149
8/18/1959,144
8/19/1959,146
8/20/1959,153
8/21/1959,166
8/22/1959,184
8/23/1959,179
8/24/1959,171
8/25/1959,160
8/26/1959,157
8/27/1959,144
8/28/1959,151
8/29/1959,151
8/30/1959,140
8/31/1959,140
9/1/1959,144
9/2/1959,144
9/3/1959,135
9/4/1959,131
9/5/1959,131
9/6/1959,133
9/7/1959,133
9/8/1959,131
9/9/1959,129
9/10/1959,122
9/11/1959,120
9/12/1959,124
9/13/1959,120
9/14/1959,120
9/15/1959,127
9/16/1959,138
9/17/1959,144
9/18/1959,336
9/19/1959,784
9/20/1959,515
9/21/1959,360
9/22/1959,287
9/23/1959,264
9/24/1959,241
9/25/1959,223
9/26/1959,206
9/27/1959,201
9/28/1959,195
9/29/1959,188
9/30/1959,184
10/1/1959,184
10/2/1959,172
10/3/1959,177
10/4/1959,172
10/5/1959,170
10/6/1959,172
10/7/1959,162
10/8/1959,167
10/9/1959,186
10/10/1959,201
10/11/1959,196
10/12/1959,184
10/13/1959,177
10/14/1959,186
10/15/1959,174
10/16/1959,165
10/17/1959,158
10/18/1959,158
10/19/1959,153
10/20/1959,153
10/21/1959,153
10/22/1959,165
10/23/1959,179
10/24/1959,174
10/25/1959,172
10/26/1959,172
10/27/1959,167
10/28/1959,165
10/29/1959,158
10/30/1959,158
10/31/1959,160
11/1/1959,160
11/2/1959,158
11/3/1959,160
11/4/1959,167
11/5/1959,170
11/6/1959,167
11/7/1959,167
11/8/1959,165
11/9/1959,162
11/10/1959,162
11/11/1959,162
11/12/1959,162
11/13/1959,162
11/14/1959,162
11/15/1959,160
11/16/1959,158
11/17/1959,160
11/18/1959,160
11/19/1959,160
11/20/1959,160
11/21/1959,160
11/22/1959,160
11/23/1959,162
11/24/1959,162
11/25/1959,162
11/26/1959,162
11/27/1959,160
11/28/1959,156
11/29/1959,151
11/30/1959,151
12/1/1959,177
12/2/1959,156
12/3/1959,172
12/4/1959,172
12/5/1959,156
12/6/1959,156
12/7/1959,153
12/8/1959,156
12/9/1959,156
12/10/1959,156
12/11/1959,156
12/12/1959,165
12/13/1959,172
12/14/1959,172
12/15/1959,174
12/16/1959,174
12/17/1959,172
12/18/1959,172
12/19/1959,172
12/20/1959,167
12/21/1959,165
12/22/1959,165
12/23/1959,197
12/24/1959,435
12/25/1959,543
12/26/1959,361
12/27/1959,272
12/28/1959,244
12/29/1959,231
12/30/1959,218
12/31/1959,205
1/1/1960,191
1/2/1960,179
1/3/1960,172
1/4/1960,177
1/5/1960,172
1/6/1960,177
1/7/1960,191
1/8/1960,250
1/9/1960,281
1/10/1960,260
1/11/1960,281
1/12/1960,314
1/13/1960,278
1/14/1960,250
1/15/1960,244
1/16/1960,224
1/17/1960,224
1/18/1960,221
1/19/1960,224
1/20/1960,224
1/21/1960,257
1/22/1960,348
1/23/1960,451
1/24/1960,506
1/25/1960,1210
1/26/1960,1920
1/27/1960,1220
1/28/1960,1420
1/29/1960,1590
1/30/1960,1820
1/31/1960,1300
2/1/1960,2250
2/2/1960,4030
2/3/1960,2210
2/4/1960,1720
2/5/1960,2080
2/6/1960,2030
2/7/1960,6550
2/8/1960,15800
2/9/1960,13700
2/10/1960,6060
2/11/1960,3880
2/12/1960,2800
2/13/1960,2250
2/14/1960,1870
2/15/1960,1650
2/16/1960,1500
2/17/1960,1390
2/18/1960,1310
2/19/1960,1210
2/20/1960,1100
2/21/1960,1040
2/22/1960,1010
2/23/1960,974
2/24/1960,941
2/25/1960,928
2/26/1960,928
2/27/1960,896
2/28/1960,856
2/29/1960,820
3/1/1960,802
3/2/1960,778
3/3/1960,826
3/4/1960,980
3/5/1960,2010
3/6/1960,5220
3/7/1960,8840
3/8/1960,8600
3/9/1960,5030
3/10/1960,3580
3/11/1960,2910
3/12/1960,2910
3/13/1960,3110
3/14/1960,2790
3/15/1960,2490
3/16/1960,2230
3/17/1960,2290
3/18/1960,2590
3/19/1960,2930
3/20/1960,3250
3/21/1960,3470
3/22/1960,3900
3/23/1960,4120
3/24/1960,4280
3/25/1960,4520
3/26/1960,4460
3/27/1960,4400
3/28/1960,4200
3/29/1960,3250
3/30/1960,4120
3/31/1960,3680
4/1/1960,3090
4/2/1960,3040
4/3/1960,3210
4/4/1960,3800
4/5/1960,4570
4/6/1960,4570
4/7/1960,4700
4/8/1960,4320
4/9/1960,4090
4/10/1960,3870
4/11/1960,3550
4/12/1960,3050
4/13/1960,2700
4/14/1960,2790
4/15/1960,2530
4/16/1960,2280
4/17/1960,2230
4/18/1960,2140
4/19/1960,2140
4/20/1960,2140
4/21/1960,2340
4/22/1960,2170
4/23/1960,2000
4/24/1960,1800
4/25/1960,1690
4/26/1960,1630
4/27/1960,2160
4/28/1960,2030
4/29/1960,1830
4/30/1960,1910
5/1/1960,2020
5/2/1960,2280
5/3/1960,2390
5/4/1960,2450
5/5/1960,2310
5/6/1960,2450
5/7/1960,3290
5/8/1960,3720
5/9/1960,3600
5/10/1960,4270
5/11/1960,5150
5/12/1960,5480
5/13/1960,4080
5/14/1960,3460
5/15/1960,3400
5/16/1960,3400
5/17/1960,3080
5/18/1960,2720
5/19/1960,2550
5/20/1960,2830
5/21/1960,2770
5/22/1960,2290
5/23/1960,2160
5/24/1960,2290
5/25/1960,2680
5/26/1960,3770
5/27/1960,4500
5/28/1960,4680
5/29/1960,5070
5/30/1960,5400
5/31/1960,5320
6/1/1960,5760
6/2/1960,5960
6/3/1960,5760
6/4/1960,5440
6/5/1960,4820
6/6/1960,4340
6/7/1960,3850
6/8/1960,3350
6/9/1960,2980
6/10/1960,2810
6/11/1960,2800
6/12/1960,2720
6/13/1960,2710
6/14/1960,2490
6/15/1960,2350
6/16/1960,2250
6/17/1960,1990
6/18/1960,1710
6/19/1960,1590
6/20/1960,1370
6/21/1960,1220
6/22/1960,1170
6/23/1960,1160
6/24/1960,1120
6/25/1960,1080
6/26/1960,1070
6/27/1960,994
6/28/1960,941
6/29/1960,896
6/30/1960,844
7/1/1960,808
7/2/1960,760
7/3/1960,742
7/4/1960,730
7/5/1960,692
7/6/1960,670
7/7/1960,680
7/8/1960,653
7/9/1960,590
7/10/1960,540
7/11/1960,511
7/12/1960,480
7/13/1960,459
7/14/1960,447
7/15/1960,435
7/16/1960,419
7/17/1960,395
7/18/1960,379
7/19/1960,351
7/20/1960,341
7/21/1960,330
7/22/1960,314
7/23/1960,302
7/24/1960,296
7/25/1960,284
7/26/1960,281
7/27/1960,275
7/28/1960,269
7/29/1960,260
7/30/1960,260
7/31/1960,253
8/1/1960,250
8/2/1960,244
8/3/1960,239
8/4/1960,231
8/5/1960,224
8/6/1960,216
8/7/1960,211
8/8/1960,203
8/9/1960,196
8/10/1960,191
8/11/1960,189
8/12/1960,186
8/13/1960,182
8/14/1960,177
8/15/1960,177
8/16/1960,174
8/17/1960,174
8/18/1960,170
8/19/1960,167
8/20/1960,160
8/21/1960,156
8/22/1960,153
8/23/1960,158
8/24/1960,165
8/25/1960,167
8/26/1960,162
8/27/1960,158
8/28/1960,158
8/29/1960,153
8/30/1960,151
8/31/1960,147
9/1/1960,145
9/2/1960,147
9/3/1960,145
9/4/1960,147
9/5/1960,149
9/6/1960,147
9/7/1960,142
9/8/1960,130
9/9/1960,102
9/10/1960,101
9/11/1960,136
9/12/1960,147
9/13/1960,138
9/14/1960,97
9/15/1960,120
9/16/1960,126
9/17/1960,124
9/18/1960,107
9/19/1960,113
9/20/1960,116
9/21/1960,105
9/22/1960,107
9/23/1960,118
9/24/1960,122
9/25/1960,118
9/26/1960,120
9/27/1960,118
9/28/1960,118
9/29/1960,116
9/30/1960,147
10/1/1960,180
10/2/1960,113
10/3/1960,120
10/4/1960,109
10/5/1960,111
10/6/1960,151
10/7/1960,367
10/8/1960,383
10/9/1960,317
10/10/1960,239
10/11/1960,206
10/12/1960,189
10/13/1960,179
10/14/1960,174
10/15/1960,156
10/16/1960,160
10/17/1960,158
10/18/1960,156
10/19/1960,156
10/20/1960,153
10/21/1960,151
10/22/1960,151
10/23/1960,151
10/24/1960,149
10/25/1960,149
10/26/1960,151
10/27/1960,156
10/28/1960,162
10/29/1960,160
10/30/1960,160
10/31/1960,156
11/1/1960,151
11/2/1960,151
11/3/1960,149
11/4/1960,142
11/5/1960,142
11/6/1960,142
11/7/1960,149
11/8/1960,156
11/9/1960,156
11/10/1960,156
11/11/1960,184
11/12/1960,263
11/13/1960,327
11/14/1960,260
11/15/1960,296
11/16/1960,320
11/17/1960,330
11/18/1960,338
11/19/1960,231
11/20/1960,213
11/21/1960,403
11/22/1960,395
11/23/1960,311
11/24/1960,383
11/25/1960,396
11/26/1960,166
11/27/1960,320
11/28/1960,395
11/29/1960,423
11/30/1960,475
12/1/1960,686
12/2/1960,876
12/3/1960,896
12/4/1960,896
12/5/1960,902
12/6/1960,896
12/7/1960,896
12/8/1960,896
12/9/1960,889
12/10/1960,882
12/11/1960,876
12/12/1960,863
12/13/1960,856
12/14/1960,850
12/15/1960,844
12/16/1960,896
12/17/1960,1080
12/18/1960,1110
12/19/1960,1150
12/20/1960,1190
12/21/1960,1190
12/22/1960,1190
12/23/1960,1190
12/24/1960,1190
12/25/1960,1190
12/26/1960,1190
12/27/1960,1190
12/28/1960,1190
12/29/1960,1180
12/30/1960,1180
12/31/1960,1170
1/1/1961,1170
1/2/1961,1150
1/3/1961,1150
1/4/1961,1140
1/5/1961,1140
1/6/1961,1120
1/7/1961,1110
1/8/1961,1110
1/9/1961,1100
1/10/1961,1090
1/11/1961,1080
1/12/1961,954
1/13/1961,920
1/14/1961,371
1/15/1961,363
1/16/1961,317
1/17/1961,242
1/18/1961,239
1/19/1961,224
1/20/1961,224
1/21/1961,224
1/22/1961,224
1/23/1961,226
1/24/1961,226
1/25/1961,229
1/26/1961,231
1/27/1961,234
1/28/1961,234
1/29/1961,252
1/30/1961,263
1/31/1961,394
2/1/1961,321
2/2/1961,370
2/3/1961,361
2/4/1961,309
2/5/1961,293
2/6/1961,273
2/7/1961,238
2/8/1961,206
2/9/1961,338
2/10/1961,366
2/11/1961,400
2/12/1961,348
2/13/1961,309
2/14/1961,293
2/15/1961,293
2/16/1961,273
2/17/1961,253
2/18/1961,231
2/19/1961,220
2/20/1961,206
2/21/1961,200
2/22/1961,192
2/23/1961,189
2/24/1961,182
2/25/1961,182
2/26/1961,182
2/27/1961,182
2/28/1961,178
3/1/1961,172
3/2/1961,172
3/3/1961,175
3/4/1961,166
3/5/1961,175
3/6/1961,175
3/7/1961,169
3/8/1961,175
3/9/1961,175
3/10/1961,178
3/11/1961,192
3/12/1961,196
3/13/1961,200
3/14/1961,210
3/15/1961,396
3/16/1961,380
3/17/1961,425
3/18/1961,395
3/19/1961,343
3/20/1961,297
3/21/1961,269
3/22/1961,253
3/23/1961,231
3/24/1961,234
3/25/1961,231
3/26/1961,249
3/27/1961,242
3/28/1961,220
3/29/1961,214
3/30/1961,196
3/31/1961,186
4/1/1961,186
4/2/1961,172
4/3/1961,166
4/4/1961,166
4/5/1961,166
4/6/1961,166
4/7/1961,166
4/8/1961,166
4/9/1961,166
4/10/1961,166
4/11/1961,166
4/12/1961,166
4/13/1961,166
4/14/1961,166
4/15/1961,166
4/16/1961,166
4/17/1961,166
4/18/1961,166
4/19/1961,172
4/20/1961,178
4/21/1961,178
4/22/1961,192
4/23/1961,192
4/24/1961,182
4/25/1961,182
4/26/1961,178
4/27/1961,178
4/28/1961,178
4/29/1961,182
4/30/1961,175
5/1/1961,175
5/2/1961,172
5/3/1961,172
5/4/1961,178
5/5/1961,178
5/6/1961,178
5/7/1961,178
5/8/1961,175
5/9/1961,186
5/10/1961,192
5/11/1961,192
5/12/1961,189
5/13/1961,182
5/14/1961,182
5/15/1961,178
5/16/1961,186
5/17/1961,186
5/18/1961,192
5/19/1961,189
5/20/1961,186
5/21/1961,182
5/22/1961,182
5/23/1961,182
5/24/1961,186
5/25/1961,175
5/26/1961,189
5/27/1961,189
5/28/1961,186
5/29/1961,182
5/30/1961,189
5/31/1961,206
6/1/1961,210
6/2/1961,203
6/3/1961,192
6/4/1961,192
6/5/1961,189
6/6/1961,203
6/7/1961,196
6/8/1961,192
6/9/1961,189
6/10/1961,186
6/11/1961,182
6/12/1961,182
6/13/1961,178
6/14/1961,175
6/15/1961,182
6/16/1961,175
6/17/1961,175
6/18/1961,175
6/19/1961,178
6/20/1961,178
6/21/1961,178
6/22/1961,178
6/23/1961,182
6/24/1961,182
6/25/1961,182
6/26/1961,182
6/27/1961,182
6/28/1961,182
6/29/1961,182
6/30/1961,182
7/1/1961,182
7/2/1961,182
7/3/1961,182
7/4/1961,182
7/5/1961,186
7/6/1961,186
7/7/1961,186
7/8/1961,182
7/9/1961,182
7/10/1961,182
7/11/1961,182
7/12/1961,196
7/13/1961,269
7/14/1961,273
7/15/1961,269
7/16/1961,273
7/17/1961,269
7/18/1961,261
7/19/1961,261
7/20/1961,261
7/21/1961,238
7/22/1961,175
7/23/1961,175
7/24/1961,175
7/25/1961,172
7/26/1961,175
7/27/1961,175
7/28/1961,175
7/29/1961,178
7/30/1961,178
7/31/1961,178
8/1/1961,178
8/2/1961,178
8/3/1961,178
8/4/1961,178
8/5/1961,178
8/6/1961,178
8/7/1961,182
8/8/1961,186
8/9/1961,182
8/10/1961,182
8/11/1961,182
8/12/1961,186
8/13/1961,186
8/14/1961,182
8/15/1961,182
8/16/1961,182
8/17/1961,182
8/18/1961,182
8/19/1961,182
8/20/1961,182
8/21/1961,182
8/22/1961,178
8/23/1961,182
8/24/1961,182
8/25/1961,182
8/26/1961,182
8/27/1961,182
8/28/1961,182
8/29/1961,182
8/30/1961,182
8/31/1961,178
9/1/1961,182
9/2/1961,182
9/3/1961,182
9/4/1961,182
9/5/1961,182
9/6/1961,182
9/7/1961,182
9/8/1961,178
9/9/1961,178
9/10/1961,182
9/11/1961,182
9/12/1961,182
9/13/1961,182
9/14/1961,186
9/15/1961,186
9/16/1961,203
9/17/1961,192
9/18/1961,186
9/19/1961,186
9/20/1961,186
9/21/1961,186
9/22/1961,186
9/23/1961,186
9/24/1961,186
9/25/1961,186
9/26/1961,186
9/27/1961,182
9/28/1961,178
9/29/1961,178
