10/1/1967,40.0
10/2/1967,68.0
10/3/1967,127.0
10/4/1967,58.0
10/5/1967,52.0
10/6/1967,51.0
10/7/1967,48.0
10/8/1967,47.0
10/9/1967,45.0
10/10/1967,44.0
10/11/1967,44.0
10/12/1967,44.0
10/13/1967,44.0
10/14/1967,42.0
10/15/1967,41.0
10/16/1967,40.0
10/17/1967,40.0
10/18/1967,50.0
10/19/1967,63.0
10/20/1967,56.0
10/21/1967,44.0
10/22/1967,44.0
10/23/1967,44.0
10/24/1967,44.0
10/25/1967,43.0
10/26/1967,44.0
10/27/1967,42.0
10/28/1967,42.0
10/29/1967,42.0
10/30/1967,41.0
10/31/1967,40.0
11/1/1967,39.0
11/2/1967,38.0
11/3/1967,38.0
11/4/1967,36.0
11/5/1967,37.0
11/6/1967,37.0
11/7/1967,37.0
11/8/1967,36.0
11/9/1967,36.0
11/10/1967,36.0
11/11/1967,36.0
11/12/1967,36.0
11/13/1967,36.0
11/14/1967,57.0
11/15/1967,50.0
11/16/1967,43.0
11/17/1967,40.0
11/18/1967,44.0
11/19/1967,85.0
11/20/1967,58.0
11/21/1967,45.0
11/22/1967,40.0
11/23/1967,38.0
11/24/1967,38.0
11/25/1967,38.0
11/26/1967,37.0
11/27/1967,40.0
11/28/1967,45.0
11/29/1967,55.0
11/30/1967,64.0
12/1/1967,55.0
12/2/1967,50.0
12/3/1967,70.0
12/4/1967,135.0
12/5/1967,354.0
12/6/1967,102.0
12/7/1967,153.0
12/8/1967,104.0
12/9/1967,77.0
12/10/1967,71.0
12/11/1967,69.0
12/12/1967,66.0
12/13/1967,37.0
12/14/1967,28.0
12/15/1967,44.0
12/16/1967,57.0
12/17/1967,54.0
12/18/1967,61.0
12/19/1967,61.0
12/20/1967,55.0
12/21/1967,51.0
12/22/1967,50.0
12/23/1967,60.0
12/24/1967,85.0
12/25/1967,108.0
12/26/1967,143.0
12/27/1967,193.0
12/28/1967,157.0
12/29/1967,118.0
12/30/1967,96.0
12/31/1967,86.0
1/1/1968,78.0
1/2/1968,74.0
1/3/1968,68.0
1/4/1968,64.0
1/5/1968,62.0
1/6/1968,60.0
1/7/1968,62.0
1/8/1968,57.0
1/9/1968,63.0
1/10/1968,186.0
1/11/1968,120.0
1/12/1968,94.0
1/13/1968,86.0
1/14/1968,109.0
1/15/1968,1240.0
1/16/1968,729.0
1/17/1968,348.0
1/18/1968,238.0
1/19/1968,187.0
1/20/1968,161.0
1/21/1968,155.0
1/22/1968,155.0
1/23/1968,157.0
1/24/1968,153.0
1/25/1968,145.0
1/26/1968,137.0
1/27/1968,135.0
1/28/1968,124.0
1/29/1968,120.0
1/30/1968,108.0
1/31/1968,133.0
2/1/1968,119.0
2/2/1968,224.0
2/3/1968,463.0
2/4/1968,342.0
2/5/1968,330.0
2/6/1968,348.0
2/7/1968,362.0
2/8/1968,345.0
2/9/1968,423.0
2/10/1968,495.0
2/11/1968,373.0
2/12/1968,336.0
2/13/1968,408.0
2/14/1968,345.0
2/15/1968,297.0
2/16/1968,305.0
2/17/1968,991.0
2/18/1968,1000.0
2/19/1968,1150.0
2/20/1968,2560.0
2/21/1968,2760.0
2/22/1968,1990.0
2/23/1968,2400.0
2/24/1968,1740.0
2/25/1968,1230.0
2/26/1968,992.0
2/27/1968,835.0
2/28/1968,725.0
2/29/1968,650.0
3/1/1968,589.0
3/2/1968,527.0
3/3/1968,483.0
3/4/1968,447.0
3/5/1968,419.0
3/6/1968,401.0
3/7/1968,398.0
3/8/1968,423.0
3/9/1968,362.0
3/10/1968,309.0
3/11/1968,297.0
3/12/1968,294.0
3/13/1968,342.0
3/14/1968,370.0
3/15/1968,356.0
3/16/1968,495.0
3/17/1968,519.0
3/18/1968,431.0
3/19/1968,370.0
3/20/1968,342.0
3/21/1968,333.0
3/22/1968,333.0
3/23/1968,336.0
3/24/1968,345.0
3/25/1968,408.0
3/26/1968,439.0
3/27/1968,404.0
3/28/1968,415.0
3/29/1968,479.0
3/30/1968,527.0
3/31/1968,540.0
4/1/1968,548.0
4/2/1968,483.0
4/3/1968,431.0
4/4/1968,398.0
4/5/1968,390.0
4/6/1968,359.0
4/7/1968,339.0
4/8/1968,330.0
4/9/1968,336.0
4/10/1968,362.0
4/11/1968,404.0
4/12/1968,415.0
4/13/1968,380.0
4/14/1968,366.0
4/15/1968,370.0
4/16/1968,356.0
4/17/1968,315.0
4/18/1968,285.0
4/19/1968,270.0
4/20/1968,261.0
4/21/1968,250.0
4/22/1968,238.0
4/23/1968,225.0
4/24/1968,225.0
4/25/1968,228.0
4/26/1968,240.0
4/27/1968,264.0
4/28/1968,270.0
4/29/1968,297.0
4/30/1968,327.0
5/1/1968,339.0
5/2/1968,336.0
5/3/1968,356.0
5/4/1968,370.0
5/5/1968,352.0
5/6/1968,309.0
5/7/1968,276.0
5/8/1968,270.0
5/9/1968,261.0
5/10/1968,230.0
5/11/1968,250.0
5/12/1968,235.0
5/13/1968,245.0
5/14/1968,220.0
5/15/1968,203.0
5/16/1968,193.0
5/17/1968,189.0
5/18/1968,191.0
5/19/1968,205.0
5/20/1968,232.0
5/21/1968,232.0
5/22/1968,212.0
5/23/1968,197.0
5/24/1968,181.0
5/25/1968,181.0
5/26/1968,177.0
5/27/1968,175.0
5/28/1968,175.0
5/29/1968,173.0
5/30/1968,167.0
5/31/1968,157.0
6/1/1968,149.0
6/2/1968,141.0
6/3/1968,141.0
6/4/1968,131.0
6/5/1968,131.0
6/6/1968,127.0
6/7/1968,151.0
6/8/1968,122.0
6/9/1968,112.0
6/10/1968,106.0
6/11/1968,100.0
6/12/1968,92.0
6/13/1968,92.0
6/14/1968,88.0
6/15/1968,85.0
6/16/1968,81.0
6/17/1968,78.0
6/18/1968,77.0
6/19/1968,72.0
6/20/1968,70.0
6/21/1968,67.0
6/22/1968,64.0
6/23/1968,63.0
6/24/1968,59.0
6/25/1968,57.0
6/26/1968,55.0
6/27/1968,54.0
6/28/1968,52.0
6/29/1968,52.0
6/30/1968,51.0
7/1/1968,49.0
7/2/1968,49.0
7/3/1968,49.0
7/4/1968,48.0
7/5/1968,47.0
7/6/1968,45.0
7/7/1968,46.0
7/8/1968,44.0
7/9/1968,43.0
7/10/1968,43.0
7/11/1968,42.0
7/12/1968,41.0
7/13/1968,40.0
7/14/1968,40.0
7/15/1968,40.0
7/16/1968,40.0
7/17/1968,38.0
7/18/1968,38.0
7/19/1968,38.0
7/20/1968,38.0
7/21/1968,38.0
7/22/1968,36.0
7/23/1968,35.0
7/24/1968,34.0
7/25/1968,34.0
7/26/1968,33.0
7/27/1968,33.0
7/28/1968,32.0
7/29/1968,30.0
7/30/1968,30.0
7/31/1968,31.0
8/1/1968,33.0
8/2/1968,33.0
8/3/1968,30.0
8/4/1968,30.0
8/5/1968,29.0
8/6/1968,28.0
8/7/1968,27.0
8/8/1968,28.0
8/9/1968,28.0
8/10/1968,28.0
8/11/1968,30.0
8/12/1968,30.0
8/13/1968,30.0
8/14/1968,30.0
8/15/1968,30.0
8/16/1968,30.0
8/17/1968,40.0
8/18/1968,34.0
8/19/1968,77.0
8/20/1968,94.0
8/21/1968,45.0
8/22/1968,39.0
8/23/1968,36.0
8/24/1968,34.0
8/25/1968,34.0
8/26/1968,33.0
8/27/1968,32.0
8/28/1968,32.0
8/29/1968,33.0
8/30/1968,32.0
8/31/1968,31.0
9/1/1968,30.0
9/2/1968,30.0
9/3/1968,30.0
9/4/1968,29.0
9/5/1968,29.0
9/6/1968,29.0
9/7/1968,28.0
9/8/1968,27.0
9/9/1968,27.0
9/10/1968,27.0
9/11/1968,27.0
9/12/1968,26.0
9/13/1968,26.0
9/14/1968,26.0
9/15/1968,26.0
9/16/1968,26.0
9/17/1968,26.0
9/18/1968,26.0
9/19/1968,26.0
9/20/1968,26.0
9/21/1968,26.0
9/22/1968,26.0
9/23/1968,26.0
9/24/1968,26.0
9/25/1968,26.0
9/26/1968,26.0
9/27/1968,26.0
9/28/1968,25.0
9/29/1968,24.0
9/30/1968,24.0
10/1/1968,25.0
10/2/1968,25.0
10/3/1968,25.0
10/4/1968,25.0
10/5/1968,25.0
10/6/1968,26.0
10/7/1968,26.0
10/8/1968,26.0
10/9/1968,25.0
10/10/1968,25.0
10/11/1968,28.0
10/12/1968,116.0
10/13/1968,119.0
10/14/1968,88.0
10/15/1968,65.0
10/16/1968,50.0
10/17/1968,44.0
10/18/1968,41.0
10/19/1968,39.0
10/20/1968,37.0
10/21/1968,37.0
10/22/1968,36.0
10/23/1968,35.0
10/24/1968,34.0
10/25/1968,33.0
10/26/1968,32.0
10/27/1968,32.0
10/28/1968,31.0
10/29/1968,37.0
10/30/1968,54.0
10/31/1968,41.0
11/1/1968,36.0
11/2/1968,83.0
11/3/1968,336.0
11/4/1968,181.0
11/5/1968,97.0
11/6/1968,71.0
11/7/1968,60.0
11/8/1968,54.0
11/9/1968,51.0
11/10/1968,49.0
11/11/1968,53.0
11/12/1968,303.0
11/13/1968,145.0
11/14/1968,103.0
11/15/1968,114.0
11/16/1968,105.0
11/17/1968,95.0
11/18/1968,129.0
11/19/1968,185.0
11/20/1968,134.0
11/21/1968,108.0
11/22/1968,95.0
11/23/1968,90.0
11/24/1968,108.0
11/25/1968,113.0
11/26/1968,98.0
11/27/1968,87.0
11/28/1968,81.0
11/29/1968,77.0
11/30/1968,90.0
12/1/1968,101.0
12/2/1968,94.0
12/3/1968,84.0
12/4/1968,81.0
12/5/1968,79.0
12/6/1968,78.0
12/7/1968,76.0
12/8/1968,76.0
12/9/1968,77.0
12/10/1968,162.0
12/11/1968,325.0
12/12/1968,176.0
12/13/1968,146.0
12/14/1968,227.0
12/15/1968,479.0
12/16/1968,357.0
12/17/1968,215.0
12/18/1968,170.0
12/19/1968,154.0
12/20/1968,130.0
12/21/1968,113.0
12/22/1968,110.0
12/23/1968,135.0
12/24/1968,417.0
12/25/1968,633.0
12/26/1968,350.0
12/27/1968,235.0
12/28/1968,214.0
12/29/1968,200.0
12/30/1968,174.0
12/31/1968,155.0
1/1/1969,145.0
1/2/1969,140.0
1/3/1969,147.0
1/4/1969,198.0
1/5/1969,226.0
1/6/1969,234.0
1/7/1969,233.0
1/8/1969,219.0
1/9/1969,192.0
1/10/1969,170.0
1/11/1969,272.0
1/12/1969,492.0
1/13/1969,1690.0
1/14/1969,1610.0
1/15/1969,803.0
1/16/1969,536.0
1/17/1969,401.0
1/18/1969,380.0
1/19/1969,3130.0
1/20/1969,8470.0
1/21/1969,8400.0
1/22/1969,3780.0
1/23/1969,2070.0
1/24/1969,1480.0
1/25/1969,3380.0
1/26/1969,5500.0
1/27/1969,2520.0
1/28/1969,1700.0
1/29/1969,1210.0
1/30/1969,963.0
1/31/1969,786.0
2/1/1969,725.0
2/2/1969,630.0
2/3/1969,582.0
2/4/1969,558.0
2/5/1969,562.0
2/6/1969,538.0
2/7/1969,489.0
2/8/1969,450.0
2/9/1969,542.0
2/10/1969,582.0
2/11/1969,755.0
2/12/1969,918.0
2/13/1969,690.0
2/14/1969,650.0
2/15/1969,912.0
2/16/1969,834.0
2/17/1969,715.0
2/18/1969,622.0
2/19/1969,570.0
2/20/1969,522.0
2/21/1969,486.0
2/22/1969,440.0
2/23/1969,431.0
2/24/1969,447.0
2/25/1969,428.0
2/26/1969,386.0
2/27/1969,359.0
2/28/1969,454.0
3/1/1969,437.0
3/2/1969,401.0
3/3/1969,371.0
3/4/1969,347.0
3/5/1969,341.0
3/6/1969,341.0
3/7/1969,323.0
3/8/1969,310.0
3/9/1969,300.0
3/10/1969,290.0
3/11/1969,282.0
3/12/1969,278.0
3/13/1969,268.0
3/14/1969,268.0
3/15/1969,280.0
3/16/1969,312.0
3/17/1969,380.0
3/18/1969,437.0
3/19/1969,431.0
3/20/1969,437.0
3/21/1969,489.0
3/22/1969,486.0
3/23/1969,526.0
3/24/1969,530.0
3/25/1969,542.0
3/26/1969,598.0
3/27/1969,680.0
3/28/1969,828.0
3/29/1969,942.0
3/30/1969,1080.0
3/31/1969,1250.0
4/1/1969,1240.0
4/2/1969,1130.0
4/3/1969,952.0
4/4/1969,838.0
4/5/1969,1140.0
4/6/1969,998.0
4/7/1969,853.0
4/8/1969,777.0
4/9/1969,736.0
4/10/1969,709.0
4/11/1969,802.0
4/12/1969,934.0
4/13/1969,976.0
4/14/1969,918.0
4/15/1969,803.0
4/16/1969,745.0
4/17/1969,783.0
4/18/1969,1040.0
4/19/1969,999.0
4/20/1969,1020.0
4/21/1969,1140.0
4/22/1969,1310.0
4/23/1969,1390.0
4/24/1969,1120.0
4/25/1969,904.0
4/26/1969,807.0
4/27/1969,758.0
4/28/1969,790.0
4/29/1969,907.0
4/30/1969,954.0
5/1/1969,948.0
5/2/1969,910.0
5/3/1969,859.0
5/4/1969,762.0
5/5/1969,806.0
5/6/1969,1020.0
5/7/1969,1350.0
5/8/1969,1620.0
5/9/1969,2020.0
5/10/1969,2210.0
5/11/1969,2270.0
5/12/1969,2400.0
5/13/1969,2280.0
5/14/1969,2110.0
5/15/1969,1800.0
5/16/1969,1680.0
5/17/1969,1800.0
5/18/1969,2020.0
5/19/1969,1960.0
5/20/1969,1670.0
5/21/1969,1570.0
5/22/1969,1680.0
5/23/1969,1870.0
5/24/1969,1960.0
5/25/1969,1820.0
5/26/1969,1730.0
5/27/1969,1660.0
5/28/1969,1560.0
5/29/1969,1430.0
5/30/1969,1430.0
5/31/1969,816.0
6/1/1969,780.0
6/2/1969,727.0
6/3/1969,737.0
6/4/1969,715.0
6/5/1969,644.0
6/6/1969,597.0
6/7/1969,539.0
6/8/1969,494.0
6/9/1969,634.0
6/10/1969,653.0
6/11/1969,614.0
6/12/1969,604.0
6/13/1969,613.0
6/14/1969,683.0
6/15/1969,691.0
6/16/1969,670.0
6/17/1969,625.0
6/18/1969,600.0
6/19/1969,615.0
6/20/1969,535.0
6/21/1969,443.0
6/22/1969,368.0
6/23/1969,326.0
6/24/1969,288.0
6/25/1969,215.0
6/26/1969,192.0
6/27/1969,180.0
6/28/1969,171.0
6/29/1969,160.0
6/30/1969,152.0
7/1/1969,144.0
7/2/1969,138.0
7/3/1969,134.0
7/4/1969,128.0
7/5/1969,123.0
7/6/1969,118.0
7/7/1969,107.0
7/8/1969,108.0
7/9/1969,100.0
7/10/1969,96.0
7/11/1969,92.0
7/12/1969,88.0
7/13/1969,85.0
7/14/1969,82.0
7/15/1969,79.0
7/16/1969,76.0
7/17/1969,73.0
7/18/1969,70.0
7/19/1969,68.0
7/20/1969,66.0
7/21/1969,64.0
7/22/1969,63.0
7/23/1969,62.0
7/24/1969,61.0
7/25/1969,59.0
7/26/1969,61.0
7/27/1969,63.0
7/28/1969,62.0
7/29/1969,61.0
7/30/1969,60.0
7/31/1969,58.0
8/1/1969,57.0
8/2/1969,56.0
8/3/1969,55.0
8/4/1969,54.0
8/5/1969,53.0
8/6/1969,52.0
8/7/1969,52.0
8/8/1969,51.0
8/9/1969,50.0
8/10/1969,50.0
8/11/1969,50.0
8/12/1969,48.0
8/13/1969,109.0
8/14/1969,92.0
8/15/1969,47.0
8/16/1969,45.0
8/17/1969,44.0
8/18/1969,44.0
8/19/1969,43.0
8/20/1969,42.0
8/21/1969,42.0
8/22/1969,41.0
8/23/1969,41.0
8/24/1969,41.0
8/25/1969,40.0
8/26/1969,40.0
8/27/1969,40.0
8/28/1969,39.0
8/29/1969,39.0
8/30/1969,39.0
8/31/1969,39.0
9/1/1969,38.0
9/2/1969,38.0
9/3/1969,37.0
9/4/1969,37.0
9/5/1969,36.0
9/6/1969,36.0
9/7/1969,36.0
9/8/1969,38.0
9/9/1969,37.0
9/10/1969,36.0
9/11/1969,35.0
9/12/1969,35.0
9/13/1969,35.0
9/14/1969,35.0
9/15/1969,34.0
9/16/1969,35.0
9/17/1969,35.0
9/18/1969,35.0
9/19/1969,36.0
9/20/1969,36.0
9/21/1969,35.0
9/22/1969,35.0
9/23/1969,35.0
9/24/1969,34.0
9/25/1969,34.0
9/26/1969,34.0
9/27/1969,33.0
9/28/1969,33.0
9/29/1969,33.0
9/30/1969,32.0
10/1/1969,33.0
10/2/1969,32.0
10/3/1969,32.0
10/4/1969,33.0
10/5/1969,33.0
10/6/1969,33.0
10/7/1969,33.0
10/8/1969,41.0
10/9/1969,45.0
10/10/1969,38.0
10/11/1969,36.0
10/12/1969,35.0
10/13/1969,35.0
10/14/1969,39.0
10/15/1969,90.0
10/16/1969,190.0
10/17/1969,129.0
10/18/1969,85.0
10/19/1969,57.0
10/20/1969,50.0
10/21/1969,47.0
10/22/1969,45.0
10/23/1969,44.0
10/24/1969,43.0
10/25/1969,42.0
10/26/1969,42.0
10/27/1969,41.0
10/28/1969,41.0
10/29/1969,40.0
10/30/1969,40.0
10/31/1969,39.0
11/1/1969,39.0
11/2/1969,39.0
11/3/1969,39.0
11/4/1969,39.0
11/5/1969,97.0
11/6/1969,137.0
11/7/1969,106.0
11/8/1969,94.0
11/9/1969,74.0
11/10/1969,65.0
11/11/1969,59.0
11/12/1969,57.0
11/13/1969,56.0
11/14/1969,55.0
11/15/1969,53.0
11/16/1969,61.0
11/17/1969,60.0
11/18/1969,55.0
11/19/1969,51.0
11/20/1969,50.0
11/21/1969,48.0
11/22/1969,47.0
11/23/1969,46.0
11/24/1969,45.0
11/25/1969,43.0
11/26/1969,43.0
11/27/1969,42.0
11/28/1969,42.0
11/29/1969,41.0
11/30/1969,40.0
12/1/1969,38.0
12/2/1969,38.0
12/3/1969,37.0
12/4/1969,37.0
12/5/1969,36.0
12/6/1969,36.0
12/7/1969,36.0
12/8/1969,45.0
12/9/1969,45.0
12/10/1969,57.0
12/11/1969,123.0
12/12/1969,105.0
12/13/1969,178.0
12/14/1969,105.0
12/15/1969,78.0
12/16/1969,67.0
12/17/1969,60.0
12/18/1969,58.0
12/19/1969,266.0
12/20/1969,1180.0
12/21/1969,2530.0
12/22/1969,1080.0
12/23/1969,1130.0
12/24/1969,2060.0
12/25/1969,2460.0
12/26/1969,1310.0
12/27/1969,780.0
12/28/1969,610.0
12/29/1969,477.0
12/30/1969,369.0
12/31/1969,309.0
1/1/1970,266.0
1/2/1970,235.0
1/3/1970,208.0
1/4/1970,197.0
1/5/1970,178.0
1/6/1970,168.0
1/7/1970,164.0
1/8/1970,176.0
1/9/1970,520.0
1/10/1970,1050.0
1/11/1970,653.0
1/12/1970,695.0
1/13/1970,1580.0
1/14/1970,3340.0
1/15/1970,2160.0
1/16/1970,5880.0
1/17/1970,3970.0
1/18/1970,2530.0
1/19/1970,2000.0
1/20/1970,2310.0
1/21/1970,7040.0
1/22/1970,6710.0
1/23/1970,3400.0
1/24/1970,4290.0
1/25/1970,2450.0
1/26/1970,1710.0
1/27/1970,2950.0
1/28/1970,1840.0
1/29/1970,1370.0
1/30/1970,1050.0
1/31/1970,855.0
2/1/1970,760.0
2/2/1970,660.0
2/3/1970,590.0
2/4/1970,546.0
2/5/1970,503.0
2/6/1970,464.0
2/7/1970,434.0
2/8/1970,410.0
2/9/1970,389.0
2/10/1970,371.0
2/11/1970,362.0
2/12/1970,434.0
2/13/1970,503.0
2/14/1970,482.0
2/15/1970,444.0
2/16/1970,484.0
2/17/1970,715.0
2/18/1970,550.0
2/19/1970,486.0
2/20/1970,440.0
2/21/1970,410.0
2/22/1970,389.0
2/23/1970,368.0
2/24/1970,350.0
2/25/1970,335.0
2/26/1970,323.0
2/27/1970,318.0
2/28/1970,503.0
3/1/1970,680.0
3/2/1970,554.0
3/3/1970,468.0
3/4/1970,437.0
3/5/1970,416.0
3/6/1970,398.0
3/7/1970,389.0
3/8/1970,522.0
3/9/1970,472.0
3/10/1970,461.0
3/11/1970,431.0
3/12/1970,410.0
3/13/1970,413.0
3/14/1970,472.0
3/15/1970,489.0
3/16/1970,450.0
3/17/1970,437.0
3/18/1970,401.0
3/19/1970,377.0
3/20/1970,353.0
3/21/1970,338.0
3/22/1970,323.0
3/23/1970,320.0
3/24/1970,320.0
3/25/1970,320.0
3/26/1970,315.0
3/27/1970,302.0
3/28/1970,290.0
3/29/1970,288.0
3/30/1970,278.0
3/31/1970,265.0
4/1/1970,250.0
4/2/1970,248.0
4/3/1970,241.0
4/4/1970,233.0
4/5/1970,231.0
4/6/1970,233.0
4/7/1970,235.0
4/8/1970,231.0
4/9/1970,231.0
4/10/1970,235.0
4/11/1970,262.0
4/12/1970,248.0
4/13/1970,243.0
4/14/1970,250.0
4/15/1970,233.0
4/16/1970,235.0
4/17/1970,221.0
4/18/1970,213.0
4/19/1970,243.0
4/20/1970,227.0
4/21/1970,213.0
4/22/1970,205.0
4/23/1970,199.0
4/24/1970,191.0
4/25/1970,187.0
4/26/1970,207.0
4/27/1970,207.0
4/28/1970,197.0
4/29/1970,193.0
4/30/1970,199.0
5/1/1970,215.0
5/2/1970,225.0
5/3/1970,235.0
5/4/1970,252.0
5/5/1970,272.0
5/6/1970,298.0
5/7/1970,280.0
5/8/1970,272.0
5/9/1970,290.0
5/10/1970,300.0
5/11/1970,275.0
5/12/1970,258.0
5/13/1970,245.0
5/14/1970,250.0
5/15/1970,272.0
5/16/1970,383.0
5/17/1970,550.0
5/18/1970,640.0
5/19/1970,482.0
5/20/1970,510.0
5/21/1970,437.0
5/22/1970,389.0
5/23/1970,386.0
5/24/1970,392.0
5/25/1970,386.0
5/26/1970,398.0
5/27/1970,413.0
5/28/1970,566.0
5/29/1970,506.0
5/30/1970,461.0
5/31/1970,431.0
6/1/1970,389.0
6/2/1970,380.0
6/3/1970,371.0
6/4/1970,356.0
6/5/1970,338.0
6/6/1970,310.0
6/7/1970,278.0
6/8/1970,161.0
6/9/1970,163.0
6/10/1970,233.0
6/11/1970,209.0
6/12/1970,167.0
6/13/1970,146.0
6/14/1970,139.0
6/15/1970,125.0
6/16/1970,118.0
6/17/1970,113.0
6/18/1970,106.0
6/19/1970,101.0
6/20/1970,98.0
6/21/1970,95.0
6/22/1970,91.0
6/23/1970,82.0
6/24/1970,77.0
6/25/1970,76.0
6/26/1970,77.0
6/27/1970,78.0
6/28/1970,74.0
6/29/1970,73.0
6/30/1970,69.0
7/1/1970,65.0
7/2/1970,61.0
7/3/1970,58.0
7/4/1970,56.0
7/5/1970,52.0
7/6/1970,51.0
7/7/1970,49.0
7/8/1970,48.0
7/9/1970,47.0
7/10/1970,47.0
7/11/1970,47.0
7/12/1970,46.0
7/13/1970,45.0
7/14/1970,44.0
7/15/1970,43.0
7/16/1970,42.0
7/17/1970,43.0
7/18/1970,43.0
7/19/1970,43.0
7/20/1970,42.0
7/21/1970,42.0
7/22/1970,42.0
7/23/1970,41.0
7/24/1970,41.0
7/25/1970,41.0
7/26/1970,42.0
7/27/1970,39.0
7/28/1970,39.0
7/29/1970,38.0
7/30/1970,38.0
7/31/1970,38.0
8/1/1970,37.0
8/2/1970,36.0
8/3/1970,36.0
8/4/1970,36.0
8/5/1970,35.0
8/6/1970,35.0
8/7/1970,35.0
8/8/1970,35.0
8/9/1970,35.0
8/10/1970,34.0
8/11/1970,34.0
8/12/1970,33.0
8/13/1970,34.0
8/14/1970,33.0
8/15/1970,33.0
8/16/1970,33.0
8/17/1970,33.0
8/18/1970,34.0
8/19/1970,42.0
8/20/1970,41.0
8/21/1970,35.0
8/22/1970,33.0
8/23/1970,33.0
8/24/1970,33.0
8/25/1970,33.0
8/26/1970,33.0
8/27/1970,34.0
8/28/1970,35.0
8/29/1970,35.0
8/30/1970,35.0
8/31/1970,35.0
9/1/1970,34.0
9/2/1970,34.0
9/3/1970,33.0
9/4/1970,33.0
9/5/1970,34.0
9/6/1970,33.0
9/7/1970,32.0
9/8/1970,30.0
9/9/1970,30.0
9/10/1970,29.0
9/11/1970,28.0
9/12/1970,27.0
9/13/1970,27.0
9/14/1970,28.0
9/15/1970,28.0
9/16/1970,27.0
9/17/1970,27.0
9/18/1970,27.0
9/19/1970,27.0
9/20/1970,27.0
9/21/1970,27.0
9/22/1970,27.0
9/23/1970,26.0
9/24/1970,26.0
9/25/1970,26.0
9/26/1970,28.0
9/27/1970,29.0
9/28/1970,28.0
9/29/1970,28.0
9/30/1970,28.0
10/1/1970,28.0
10/2/1970,27.0
10/3/1970,27.0
10/4/1970,26.0
10/5/1970,27.0
10/6/1970,27.0
10/7/1970,28.0
10/8/1970,28.0
10/9/1970,28.0
10/10/1970,28.0
10/11/1970,28.0
10/12/1970,26.0
10/13/1970,22.0
10/14/1970,22.0
10/15/1970,22.0
10/16/1970,22.0
10/17/1970,21.0
10/18/1970,22.0
10/19/1970,22.0
10/20/1970,33.0
10/21/1970,36.0
10/22/1970,42.0
10/23/1970,64.0
10/24/1970,87.0
10/25/1970,52.0
10/26/1970,39.0
10/27/1970,35.0
10/28/1970,35.0
10/29/1970,33.0
10/30/1970,32.0
10/31/1970,32.0
11/1/1970,32.0
11/2/1970,32.0
11/3/1970,32.0
11/4/1970,45.0
11/5/1970,194.0
11/6/1970,308.0
11/7/1970,189.0
11/8/1970,109.0
11/9/1970,143.0
11/10/1970,318.0
11/11/1970,194.0
11/12/1970,339.0
11/13/1970,185.0
11/14/1970,128.0
11/15/1970,103.0
11/16/1970,88.0
11/17/1970,78.0
11/18/1970,72.0
11/19/1970,67.0
11/20/1970,64.0
11/21/1970,60.0
11/22/1970,58.0
11/23/1970,57.0
11/24/1970,69.0
11/25/1970,786.0
11/26/1970,832.0
11/27/1970,392.0
11/28/1970,486.0
11/29/1970,630.0
11/30/1970,566.0
12/1/1970,670.0
12/2/1970,911.0
12/3/1970,492.0
12/4/1970,894.0
12/5/1970,660.0
12/6/1970,550.0
12/7/1970,492.0
12/8/1970,538.0
12/9/1970,626.0
12/10/1970,475.0
12/11/1970,401.0
12/12/1970,350.0
12/13/1970,315.0
12/14/1970,285.0
12/15/1970,260.0
12/16/1970,315.0
12/17/1970,288.0
12/18/1970,255.0
12/19/1970,231.0
12/20/1970,225.0
12/21/1970,231.0
12/22/1970,215.0
12/23/1970,203.0
12/24/1970,195.0
12/25/1970,187.0
12/26/1970,183.0
12/27/1970,187.0
12/28/1970,203.0
12/29/1970,335.0
12/30/1970,310.0
12/31/1970,258.0
1/1/1971,239.0
1/2/1971,229.0
1/3/1971,205.0
1/4/1971,195.0
1/5/1971,185.0
1/6/1971,173.0
1/7/1971,167.0
1/8/1971,163.0
1/9/1971,163.0
1/10/1971,205.0
1/11/1971,410.0
1/12/1971,404.0
1/13/1971,335.0
1/14/1971,308.0
1/15/1971,290.0
1/16/1971,298.0
1/17/1971,763.0
1/18/1971,1240.0
1/19/1971,1230.0
1/20/1971,1120.0
1/21/1971,942.0
1/22/1971,735.0
1/23/1971,635.0
1/24/1971,550.0
1/25/1971,482.0
1/26/1971,437.0
1/27/1971,416.0
1/28/1971,413.0
1/29/1971,410.0
1/30/1971,425.0
1/31/1971,440.0
2/1/1971,450.0
2/2/1971,458.0
2/3/1971,447.0
2/4/1971,422.0
2/5/1971,395.0
2/6/1971,356.0
2/7/1971,320.0
2/8/1971,312.0
2/9/1971,310.0
2/10/1971,318.0
2/11/1971,386.0
2/12/1971,468.0
2/13/1971,496.0
2/14/1971,500.0
2/15/1971,500.0
2/16/1971,486.0
2/17/1971,440.0
2/18/1971,395.0
2/19/1971,383.0
2/20/1971,344.0
2/21/1971,320.0
2/22/1971,302.0
2/23/1971,285.0
2/24/1971,268.0
2/25/1971,260.0
2/26/1971,245.0
2/27/1971,243.0
2/28/1971,243.0
3/1/1971,231.0
3/2/1971,221.0
3/3/1971,221.0
3/4/1971,221.0
3/5/1971,215.0
3/6/1971,207.0
3/7/1971,205.0
3/8/1971,203.0
3/9/1971,203.0
3/10/1971,203.0
3/11/1971,213.0
3/12/1971,684.0
3/13/1971,822.0
3/14/1971,562.0
3/15/1971,482.0
3/16/1971,440.0
3/17/1971,422.0
3/18/1971,407.0
3/19/1971,389.0
3/20/1971,380.0
3/21/1971,374.0
3/22/1971,371.0
3/23/1971,512.0
3/24/1971,765.0
3/25/1971,885.0
3/26/1971,3090.0
3/27/1971,1800.0
3/28/1971,1210.0
3/29/1971,988.0
3/30/1971,918.0
3/31/1971,810.0
4/1/1971,725.0
4/2/1971,670.0
4/3/1971,630.0
4/4/1971,626.0
4/5/1971,645.0
4/6/1971,675.0
4/7/1971,670.0
4/8/1971,590.0
4/9/1971,566.0
4/10/1971,745.0
4/11/1971,614.0
4/12/1971,574.0
4/13/1971,566.0
4/14/1971,570.0
4/15/1971,626.0
4/16/1971,655.0
4/17/1971,675.0
4/18/1971,566.0
4/19/1971,506.0
4/20/1971,503.0
4/21/1971,461.0
4/22/1971,425.0
4/23/1971,395.0
4/24/1971,380.0
4/25/1971,356.0
4/26/1971,344.0
4/27/1971,326.0
4/28/1971,335.0
4/29/1971,368.0
4/30/1971,422.0
5/1/1971,478.0
5/2/1971,534.0
5/3/1971,534.0
5/4/1971,558.0
5/5/1971,518.0
5/6/1971,534.0
5/7/1971,542.0
5/8/1971,770.0
5/9/1971,690.0
5/10/1971,760.0
5/11/1971,834.0
5/12/1971,798.0
5/13/1971,846.0
5/14/1971,852.0
5/15/1971,858.0
5/16/1971,828.0
5/17/1971,695.0
5/18/1971,614.0
5/19/1971,606.0
5/20/1971,626.0
5/21/1971,660.0
5/22/1971,538.0
5/23/1971,574.0
5/24/1971,725.0
5/25/1971,1020.0
5/26/1971,1240.0
5/27/1971,1150.0
5/28/1971,960.0
5/29/1971,780.0
5/30/1971,715.0
5/31/1971,606.0
6/1/1971,506.0
6/2/1971,410.0
6/3/1971,365.0
6/4/1971,368.0
6/5/1971,410.0
6/6/1971,570.0
6/7/1971,780.0
6/8/1971,967.0
6/9/1971,1060.0
6/10/1971,1250.0
6/11/1971,1240.0
6/12/1971,1240.0
6/13/1971,1220.0
6/14/1971,1170.0
6/15/1971,1140.0
6/16/1971,1190.0
6/17/1971,1220.0
6/18/1971,1140.0
6/19/1971,1080.0
6/20/1971,1040.0
6/21/1971,995.0
6/22/1971,924.0
6/23/1971,870.0
6/24/1971,798.0
6/25/1971,730.0
6/26/1971,996.0
6/27/1971,1220.0
6/28/1971,900.0
6/29/1971,705.0
6/30/1971,586.0
7/1/1971,526.0
7/2/1971,486.0
7/3/1971,437.0
7/4/1971,401.0
7/5/1971,342.0
7/6/1971,312.0
7/7/1971,285.0
7/8/1971,188.0
7/9/1971,164.0
7/10/1971,157.0
7/11/1971,152.0
7/12/1971,143.0
7/13/1971,137.0
7/14/1971,132.0
7/15/1971,127.0
7/16/1971,122.0
7/17/1971,118.0
7/18/1971,118.0
7/19/1971,111.0
7/20/1971,106.0
7/21/1971,100.0
7/22/1971,97.0
7/23/1971,92.0
7/24/1971,89.0
7/25/1971,87.0
7/26/1971,86.0
7/27/1971,85.0
7/28/1971,83.0
7/29/1971,80.0
7/30/1971,78.0
7/31/1971,78.0
8/1/1971,76.0
8/2/1971,73.0
8/3/1971,71.0
8/4/1971,68.0
8/5/1971,68.0
8/6/1971,66.0
8/7/1971,66.0
8/8/1971,64.0
8/9/1971,63.0
8/10/1971,64.0
8/11/1971,63.0
8/12/1971,59.0
8/13/1971,58.0
8/14/1971,57.0
8/15/1971,55.0
8/16/1971,54.0
8/17/1971,54.0
8/18/1971,52.0
8/19/1971,51.0
8/20/1971,48.0
8/21/1971,48.0
8/22/1971,46.0
8/23/1971,46.0
8/24/1971,45.0
8/25/1971,44.0
8/26/1971,43.0
8/27/1971,42.0
8/28/1971,41.0
8/29/1971,41.0
8/30/1971,39.0
8/31/1971,40.0
9/1/1971,41.0
9/2/1971,40.0
9/3/1971,40.0
9/4/1971,39.0
9/5/1971,38.0
9/6/1971,38.0
9/7/1971,39.0
9/8/1971,39.0
9/9/1971,38.0
9/10/1971,40.0
9/11/1971,40.0
9/12/1971,39.0
9/13/1971,38.0
9/14/1971,38.0
9/15/1971,37.0
9/16/1971,36.0
9/17/1971,37.0
9/18/1971,36.0
9/19/1971,36.0
9/20/1971,37.0
9/21/1971,38.0
9/22/1971,37.0
9/23/1971,38.0
9/24/1971,39.0
9/25/1971,39.0
9/26/1971,41.0
9/27/1971,43.0
9/28/1971,44.0
9/29/1971,48.0
9/30/1971,79.0
10/1/1971,54.0
10/2/1971,47.0
10/3/1971,45.0
10/4/1971,44.0
10/5/1971,43.0
10/6/1971,42.0
10/7/1971,41.0
10/8/1971,41.0
10/9/1971,40.0
10/10/1971,40.0
10/11/1971,40.0
10/12/1971,38.0
10/13/1971,38.0
10/14/1971,37.0
10/15/1971,39.0
10/16/1971,45.0
10/17/1971,47.0
10/18/1971,45.0
10/19/1971,44.0
10/20/1971,44.0
10/21/1971,44.0
10/22/1971,42.0
10/23/1971,44.0
10/24/1971,44.0
10/25/1971,42.0
10/26/1971,40.0
10/27/1971,40.0
10/28/1971,41.0
10/29/1971,40.0
10/30/1971,39.0
10/31/1971,39.0
11/1/1971,39.0
11/2/1971,40.0
11/3/1971,41.0
11/4/1971,42.0
11/5/1971,40.0
11/6/1971,40.0
11/7/1971,38.0
11/8/1971,37.0
11/9/1971,39.0
11/10/1971,39.0
11/11/1971,62.0
11/12/1971,126.0
11/13/1971,103.0
11/14/1971,97.0
11/15/1971,59.0
11/16/1971,54.0
11/17/1971,44.0
11/18/1971,43.0
11/19/1971,46.0
11/20/1971,43.0
11/21/1971,43.0
11/22/1971,43.0
11/23/1971,45.0
11/24/1971,46.0
11/25/1971,51.0
11/26/1971,67.0
11/27/1971,175.0
11/28/1971,127.0
11/29/1971,111.0
11/30/1971,89.0
12/1/1971,69.0
12/2/1971,73.0
12/3/1971,73.0
12/4/1971,63.0
12/5/1971,62.0
12/6/1971,135.0
12/7/1971,105.0
12/8/1971,73.0
12/9/1971,78.0
12/10/1971,75.0
12/11/1971,68.0
12/12/1971,71.0
12/13/1971,64.0
12/14/1971,64.0
12/15/1971,59.0
12/16/1971,57.0
12/17/1971,58.0
12/18/1971,63.0
12/19/1971,63.0
12/20/1971,62.0
12/21/1971,61.0
12/22/1971,514.0
12/23/1971,423.0
12/24/1971,341.0
12/25/1971,307.0
12/26/1971,193.0
12/27/1971,168.0
12/28/1971,140.0
12/29/1971,127.0
12/30/1971,114.0
12/31/1971,105.0
1/1/1972,99.0
1/2/1972,103.0
1/3/1972,110.0
1/4/1972,106.0
1/5/1972,100.0
1/6/1972,97.0
1/7/1972,100.0
1/8/1972,99.0
1/9/1972,96.0
1/10/1972,94.0
1/11/1972,93.0
1/12/1972,92.0
1/13/1972,90.0
1/14/1972,94.0
1/15/1972,105.0
1/16/1972,111.0
1/17/1972,116.0
1/18/1972,121.0
1/19/1972,140.0
1/20/1972,155.0
1/21/1972,252.0
1/22/1972,682.0
1/23/1972,1550.0
1/24/1972,616.0
1/25/1972,422.0
1/26/1972,322.0
1/27/1972,270.0
1/28/1972,226.0
1/29/1972,198.0
1/30/1972,182.0
1/31/1972,173.0
2/1/1972,170.0
2/2/1972,155.0
2/3/1972,148.0
2/4/1972,143.0
2/5/1972,179.0
2/6/1972,213.0
2/7/1972,202.0
2/8/1972,188.0
2/9/1972,179.0
2/10/1972,173.0
2/11/1972,168.0
2/12/1972,168.0
2/13/1972,168.0
2/14/1972,168.0
2/15/1972,164.0
2/16/1972,161.0
2/17/1972,161.0
2/18/1972,164.0
2/19/1972,173.0
2/20/1972,202.0
2/21/1972,248.0
2/22/1972,378.0
2/23/1972,392.0
2/24/1972,892.0
2/25/1972,1020.0
2/26/1972,750.0
2/27/1972,598.0
2/28/1972,615.0
2/29/1972,1160.0
3/1/1972,764.0
3/2/1972,670.0
3/3/1972,1170.0
3/4/1972,1090.0
3/5/1972,953.0
3/6/1972,836.0
3/7/1972,758.0
3/8/1972,740.0
3/9/1972,758.0
3/10/1972,1010.0
3/11/1972,953.0
3/12/1972,806.0
3/13/1972,710.0
3/14/1972,660.0
3/15/1972,615.0
3/16/1972,620.0
3/17/1972,650.0
3/18/1972,655.0
3/19/1972,580.0
3/20/1972,528.0
3/21/1972,513.0
3/22/1972,570.0
3/23/1972,482.0
3/24/1972,432.0
3/25/1972,635.0
3/26/1972,552.0
3/27/1972,482.0
3/28/1972,426.0
3/29/1972,384.0
3/30/1972,350.0
3/31/1972,330.0
4/1/1972,312.0
4/2/1972,300.0
4/3/1972,302.0
4/4/1972,328.0
4/5/1972,667.0
4/6/1972,1050.0
4/7/1972,788.0
4/8/1972,635.0
4/9/1972,556.0
4/10/1972,502.0
4/11/1972,520.0
4/12/1972,625.0
4/13/1972,645.0
4/14/1972,532.0
4/15/1972,499.0
4/16/1972,499.0
4/17/1972,502.0
4/18/1972,492.0
4/19/1972,471.0
4/20/1972,443.0
4/21/1972,422.0
4/22/1972,412.0
4/23/1972,401.0
4/24/1972,415.0
4/25/1972,415.0
4/26/1972,398.0
4/27/1972,387.0
4/28/1972,384.0
4/29/1972,390.0
4/30/1972,390.0
5/1/1972,394.0
5/2/1972,401.0
5/3/1972,426.0
5/4/1972,446.0
5/5/1972,446.0
5/6/1972,464.0
5/7/1972,460.0
5/8/1972,412.0
5/9/1972,387.0
5/10/1972,371.0
5/11/1972,384.0
5/12/1972,394.0
5/13/1972,426.0
5/14/1972,457.0
5/15/1972,478.0
5/16/1972,460.0
5/17/1972,443.0
5/18/1972,398.0
5/19/1972,380.0
5/20/1972,362.0
5/21/1972,328.0
5/22/1972,295.0
5/23/1972,286.0
5/24/1972,281.0
5/25/1972,283.0
5/26/1972,308.0
5/27/1972,332.0
5/28/1972,359.0
5/29/1972,365.0
5/30/1972,342.0
5/31/1972,332.0
6/1/1972,320.0
6/2/1972,295.0
6/3/1972,265.0
6/4/1972,243.0
6/5/1972,232.0
6/6/1972,224.0
6/7/1972,214.0
6/8/1972,208.0
6/9/1972,200.0
6/10/1972,206.0
6/11/1972,182.0
6/12/1972,164.0
6/13/1972,152.0
6/14/1972,147.0
6/15/1972,141.0
6/16/1972,134.0
6/17/1972,129.0
6/18/1972,121.0
6/19/1972,114.0
6/20/1972,108.0
6/21/1972,105.0
6/22/1972,99.0
6/23/1972,132.0
6/24/1972,138.0
6/25/1972,130.0
6/26/1972,123.0
6/27/1972,114.0
6/28/1972,110.0
6/29/1972,103.0
6/30/1972,97.0
7/1/1972,93.0
7/2/1972,89.0
7/3/1972,83.0
7/4/1972,78.0
7/5/1972,74.0
7/6/1972,66.0
7/7/1972,58.0
7/8/1972,56.0
7/9/1972,54.0
7/10/1972,54.0
7/11/1972,53.0
7/12/1972,52.0
7/13/1972,51.0
7/14/1972,49.0
7/15/1972,48.0
7/16/1972,47.0
7/17/1972,46.0
7/18/1972,46.0
7/19/1972,45.0
7/20/1972,46.0
7/21/1972,46.0
7/22/1972,46.0
7/23/1972,46.0
7/24/1972,45.0
7/25/1972,43.0
7/26/1972,43.0
7/27/1972,42.0
7/28/1972,42.0
7/29/1972,41.0
7/30/1972,41.0
7/31/1972,41.0
8/1/1972,40.0
8/2/1972,40.0
8/3/1972,39.0
8/4/1972,38.0
8/5/1972,38.0
8/6/1972,37.0
8/7/1972,36.0
8/8/1972,35.0
8/9/1972,35.0
8/10/1972,35.0
8/11/1972,35.0
8/12/1972,35.0
8/13/1972,35.0
8/14/1972,35.0
8/15/1972,35.0
8/16/1972,35.0
8/17/1972,35.0
8/18/1972,36.0
8/19/1972,35.0
8/20/1972,35.0
8/21/1972,35.0
8/22/1972,33.0
8/23/1972,33.0
8/24/1972,32.0
8/25/1972,32.0
8/26/1972,31.0
8/27/1972,31.0
8/28/1972,30.0
8/29/1972,32.0
8/30/1972,33.0
8/31/1972,33.0
9/1/1972,32.0
9/2/1972,32.0
9/3/1972,33.0
9/4/1972,33.0
9/5/1972,35.0
9/6/1972,35.0
9/7/1972,36.0
9/8/1972,34.0
9/9/1972,33.0
9/10/1972,31.0
9/11/1972,31.0
9/12/1972,31.0
9/13/1972,32.0
9/14/1972,32.0
9/15/1972,31.0
9/16/1972,31.0
9/17/1972,31.0
9/18/1972,31.0
9/19/1972,31.0
9/20/1972,31.0
9/21/1972,31.0
9/22/1972,31.0
9/23/1972,31.0
9/24/1972,31.0
9/25/1972,31.0
9/26/1972,58.0
9/27/1972,103.0
9/28/1972,67.0
9/29/1972,46.0
9/30/1972,40.0
10/1/1972,38.0
10/2/1972,43.0
10/3/1972,41.0
10/4/1972,39.0
10/5/1972,37.0
10/6/1972,36.0
10/7/1972,39.0
10/8/1972,38.0
10/9/1972,40.0
10/10/1972,66.0
10/11/1972,192.0
10/12/1972,106.0
10/13/1972,61.0
10/14/1972,54.0
10/15/1972,66.0
10/16/1972,80.0
10/17/1972,82.0
10/18/1972,72.0
10/19/1972,65.0
10/20/1972,58.0
10/21/1972,55.0
10/22/1972,52.0
10/23/1972,49.0
10/24/1972,47.0
10/25/1972,45.0
10/26/1972,44.0
10/27/1972,43.0
10/28/1972,43.0
10/29/1972,43.0
10/30/1972,54.0
10/31/1972,42.0
11/1/1972,40.0
11/2/1972,40.0
11/3/1972,54.0
11/4/1972,381.0
11/5/1972,308.0
11/6/1972,152.0
11/7/1972,141.0
11/8/1972,185.0
11/9/1972,128.0
11/10/1972,144.0
11/11/1972,205.0
11/12/1972,156.0
11/13/1972,132.0
11/14/1972,336.0
11/15/1972,265.0
11/16/1972,357.0
11/17/1972,245.0
11/18/1972,185.0
11/19/1972,193.0
11/20/1972,177.0
11/21/1972,150.0
11/22/1972,139.0
11/23/1972,123.0
11/24/1972,113.0
11/25/1972,106.0
11/26/1972,108.0
11/27/1972,113.0
11/28/1972,111.0
11/29/1972,106.0
11/30/1972,103.0
12/1/1972,98.0
12/2/1972,95.0
12/3/1972,113.0
12/4/1972,157.0
12/5/1972,116.0
12/6/1972,116.0
12/7/1972,114.0
12/8/1972,101.0
12/9/1972,106.0
12/10/1972,111.0
12/11/1972,146.0
12/12/1972,109.0
12/13/1972,98.0
12/14/1972,113.0
12/15/1972,89.0
12/16/1972,99.0
12/17/1972,768.0
12/18/1972,885.0
12/19/1972,1510.0
12/20/1972,867.0
12/21/1972,623.0
12/22/1972,936.0
12/23/1972,665.0
12/24/1972,534.0
12/25/1972,425.0
12/26/1972,362.0
12/27/1972,315.0
12/28/1972,290.0
12/29/1972,243.0
12/30/1972,221.0
12/31/1972,205.0
1/1/1973,185.0
1/2/1973,177.0
1/3/1973,173.0
1/4/1973,146.0
1/5/1973,137.0
1/6/1973,135.0
1/7/1973,125.0
1/8/1973,144.0
1/9/1973,245.0
1/10/1973,320.0
1/11/1973,1010.0
1/12/1973,3240.0
1/13/1973,1770.0
1/14/1973,1120.0
1/15/1973,917.0
1/16/1973,2640.0
1/17/1973,1710.0
1/18/1973,1620.0
1/19/1973,1160.0
1/20/1973,870.0
1/21/1973,710.0
1/22/1973,590.0
1/23/1973,503.0
1/24/1973,447.0
1/25/1973,431.0
1/26/1973,386.0
1/27/1973,356.0
1/28/1973,326.0
1/29/1973,326.0
1/30/1973,341.0
1/31/1973,353.0
2/1/1973,332.0
2/2/1973,308.0
2/3/1973,320.0
2/4/1973,510.0
2/5/1973,518.0
2/6/1973,514.0
2/7/1973,574.0
2/8/1973,510.0
2/9/1973,482.0
2/10/1973,838.0
2/11/1973,828.0
2/12/1973,755.0
2/13/1973,606.0
2/14/1973,578.0
2/15/1973,514.0
2/16/1973,461.0
2/17/1973,431.0
2/18/1973,410.0
2/19/1973,386.0
2/20/1973,371.0
2/21/1973,359.0
2/22/1973,350.0
2/23/1973,341.0
2/24/1973,410.0
2/25/1973,510.0
2/26/1973,542.0
2/27/1973,839.0
2/28/1973,1010.0
3/1/1973,918.0
3/2/1973,876.0
3/3/1973,786.0
3/4/1973,730.0
3/5/1973,660.0
3/6/1973,626.0
3/7/1973,570.0
3/8/1973,526.0
3/9/1973,486.0
3/10/1973,510.0
3/11/1973,590.0
3/12/1973,518.0
3/13/1973,478.0
3/14/1973,440.0
3/15/1973,416.0
3/16/1973,407.0
3/17/1973,416.0
3/18/1973,395.0
3/19/1973,392.0
3/20/1973,416.0
3/21/1973,386.0
3/22/1973,365.0
3/23/1973,356.0
3/24/1973,350.0
3/25/1973,359.0
3/26/1973,371.0
3/27/1973,407.0
3/28/1973,407.0
3/29/1973,392.0
3/30/1973,389.0
3/31/1973,431.0
4/1/1973,410.0
4/2/1973,383.0
4/3/1973,365.0
4/4/1973,356.0
4/5/1973,386.0
4/6/1973,444.0
4/7/1973,503.0
4/8/1973,486.0
4/9/1973,542.0
4/10/1973,582.0
4/11/1973,618.0
4/12/1973,670.0
4/13/1973,685.0
4/14/1973,590.0
4/15/1973,558.0
4/16/1973,518.0
4/17/1973,538.0
4/18/1973,530.0
4/19/1973,489.0
4/20/1973,454.0
4/21/1973,437.0
4/22/1973,447.0
4/23/1973,510.0
4/24/1973,562.0
4/25/1973,598.0
4/26/1973,670.0
4/27/1973,750.0
4/28/1973,765.0
4/29/1973,715.0
4/30/1973,626.0
5/1/1973,566.0
5/2/1973,554.0
5/3/1973,566.0
5/4/1973,590.0
5/5/1973,500.0
5/6/1973,444.0
5/7/1973,440.0
5/8/1973,482.0
5/9/1973,514.0
5/10/1973,554.0
5/11/1973,606.0
5/12/1973,670.0
5/13/1973,740.0
5/14/1973,775.0
5/15/1973,792.0
5/16/1973,765.0
5/17/1973,755.0
5/18/1973,740.0
5/19/1973,675.0
5/20/1973,606.0
5/21/1973,538.0
5/22/1973,478.0
5/23/1973,450.0
5/24/1973,464.0
5/25/1973,475.0
5/26/1973,740.0
5/27/1973,705.0
5/28/1973,665.0
5/29/1973,690.0
5/30/1973,720.0
5/31/1973,725.0
6/1/1973,810.0
6/2/1973,730.0
6/3/1973,645.0
6/4/1973,594.0
6/5/1973,578.0
6/6/1973,518.0
6/7/1973,231.0
6/8/1973,237.0
6/9/1973,302.0
6/10/1973,335.0
6/11/1973,326.0
6/12/1973,302.0
6/13/1973,292.0
6/14/1973,275.0
6/15/1973,255.0
6/16/1973,235.0
6/17/1973,217.0
6/18/1973,199.0
6/19/1973,195.0
6/20/1973,173.0
6/21/1973,120.0
6/22/1973,98.0
6/23/1973,95.0
6/24/1973,92.0
6/25/1973,88.0
6/26/1973,87.0
6/27/1973,82.0
6/28/1973,78.0
6/29/1973,78.0
6/30/1973,81.0
7/1/1973,76.0
7/2/1973,72.0
7/3/1973,69.0
7/4/1973,68.0
7/5/1973,67.0
7/6/1973,64.0
7/7/1973,62.0
7/8/1973,62.0
7/9/1973,60.0
7/10/1973,59.0
7/11/1973,57.0
7/12/1973,57.0
7/13/1973,56.0
7/14/1973,58.0
7/15/1973,59.0
7/16/1973,57.0
7/17/1973,55.0
7/18/1973,54.0
7/19/1973,53.0
7/20/1973,51.0
7/21/1973,51.0
7/22/1973,51.0
7/23/1973,50.0
7/24/1973,49.0
7/25/1973,47.0
7/26/1973,45.0
7/27/1973,44.0
7/28/1973,43.0
7/29/1973,43.0
7/30/1973,42.0
7/31/1973,41.0
8/1/1973,41.0
8/2/1973,40.0
8/3/1973,39.0
8/4/1973,39.0
8/5/1973,39.0
8/6/1973,39.0
8/7/1973,38.0
8/8/1973,37.0
8/9/1973,37.0
8/10/1973,37.0
8/11/1973,36.0
8/12/1973,37.0
8/13/1973,36.0
8/14/1973,35.0
8/15/1973,35.0
8/16/1973,35.0
8/17/1973,34.0
8/18/1973,34.0
8/19/1973,34.0
8/20/1973,34.0
8/21/1973,34.0
8/22/1973,33.0
8/23/1973,33.0
8/24/1973,34.0
8/25/1973,34.0
8/26/1973,49.0
8/27/1973,51.0
8/28/1973,49.0
8/29/1973,43.0
8/30/1973,42.0
8/31/1973,40.0
9/1/1973,40.0
9/2/1973,40.0
9/3/1973,39.0
9/4/1973,39.0
9/5/1973,38.0
9/6/1973,38.0
9/7/1973,36.0
9/8/1973,36.0
9/9/1973,35.0
9/10/1973,36.0
9/11/1973,36.0
9/12/1973,36.0
9/13/1973,36.0
9/14/1973,35.0
9/15/1973,35.0
9/16/1973,35.0
9/17/1973,35.0
9/18/1973,35.0
9/19/1973,35.0
9/20/1973,67.0
9/21/1973,57.0
9/22/1973,41.0
9/23/1973,45.0
9/24/1973,51.0
9/25/1973,48.0
9/26/1973,42.0
9/27/1973,39.0
9/28/1973,37.0
9/29/1973,36.0
9/30/1973,36.0
10/1/1973,35.0
10/2/1973,35.0
10/3/1973,35.0
10/4/1973,35.0
10/5/1973,35.0
10/6/1973,35.0
10/7/1973,65.0
10/8/1973,86.0
10/9/1973,63.0
10/10/1973,48.0
10/11/1973,43.0
10/12/1973,41.0
10/13/1973,41.0
10/14/1973,40.0
10/15/1973,39.0
10/16/1973,38.0
10/17/1973,38.0
10/18/1973,38.0
10/19/1973,37.0
10/20/1973,39.0
10/21/1973,40.0
10/22/1973,77.0
10/23/1973,234.0
10/24/1973,97.0
10/25/1973,71.0
10/26/1973,62.0
10/27/1973,57.0
10/28/1973,54.0
10/29/1973,51.0
10/30/1973,49.0
10/31/1973,47.0
11/1/1973,47.0
11/2/1973,47.0
11/3/1973,47.0
11/4/1973,46.0
11/5/1973,67.0
11/6/1973,235.0
11/7/1973,957.0
11/8/1973,527.0
11/9/1973,427.0
11/10/1973,1350.0
11/11/1973,3280.0
11/12/1973,3390.0
11/13/1973,1640.0
11/14/1973,1070.0
11/15/1973,740.0
11/16/1973,989.0
11/17/1973,1780.0
11/18/1973,1580.0
11/19/1973,948.0
11/20/1973,725.0
11/21/1973,590.0
11/22/1973,492.0
11/23/1973,419.0
11/24/1973,389.0
11/25/1973,353.0
11/26/1973,326.0
11/27/1973,292.0
11/28/1973,275.0
11/29/1973,308.0
11/30/1973,518.0
12/1/1973,1090.0
12/2/1973,610.0
12/3/1973,482.0
12/4/1973,416.0
12/5/1973,368.0
12/6/1973,347.0
12/7/1973,338.0
12/8/1973,323.0
12/9/1973,312.0
12/10/1973,312.0
12/11/1973,356.0
12/12/1973,341.0
12/13/1973,534.0
12/14/1973,440.0
12/15/1973,386.0
12/16/1973,356.0
12/17/1973,558.0
12/18/1973,542.0
12/19/1973,454.0
12/20/1973,407.0
12/21/1973,458.0
12/22/1973,496.0
12/23/1973,437.0
12/24/1973,395.0
12/25/1973,374.0
12/26/1973,392.0
12/27/1973,931.0
12/28/1973,1340.0
12/29/1973,2710.0
12/30/1973,1760.0
12/31/1973,1150.0
1/1/1974,870.0
1/2/1974,700.0
1/3/1974,602.0
1/4/1974,530.0
1/5/1974,482.0
1/6/1974,447.0
1/7/1974,404.0
1/8/1974,368.0
1/9/1974,344.0
1/10/1974,318.0
1/11/1974,302.0
1/12/1974,395.0
1/13/1974,602.0
1/14/1974,1030.0
1/15/1974,3330.0
1/16/1974,2420.0
1/17/1974,3300.0
1/18/1974,2640.0
1/19/1974,3140.0
1/20/1974,2160.0
1/21/1974,1500.0
1/22/1974,1170.0
1/23/1974,995.0
1/24/1974,930.0
1/25/1974,882.0
1/26/1974,816.0
1/27/1974,750.0
1/28/1974,690.0
1/29/1974,645.0
1/30/1974,602.0
1/31/1974,586.0
2/1/1974,602.0
2/2/1974,546.0
2/3/1974,499.0
2/4/1974,478.0
2/5/1974,447.0
2/6/1974,416.0
2/7/1974,404.0
2/8/1974,386.0
2/9/1974,374.0
2/10/1974,359.0
2/11/1974,350.0
2/12/1974,341.0
2/13/1974,335.0
2/14/1974,320.0
2/15/1974,308.0
2/16/1974,353.0
2/17/1974,329.0
2/18/1974,346.0
2/19/1974,587.0
2/20/1974,478.0
2/21/1974,425.0
2/22/1974,410.0
2/23/1974,368.0
2/24/1974,344.0
2/25/1974,335.0
2/26/1974,350.0
2/27/1974,370.0
2/28/1974,450.0
3/1/1974,3000.0
3/2/1974,2000.0
3/3/1974,1500.0
3/4/1974,1000.0
3/5/1974,850.0
3/6/1974,792.0
3/7/1974,808.0
3/8/1974,767.0
3/9/1974,706.0
3/10/1974,662.0
3/11/1974,652.0
3/12/1974,899.0
3/13/1974,821.0
3/14/1974,759.0
3/15/1974,785.0
3/16/1974,830.0
3/17/1974,859.0
3/18/1974,849.0
3/19/1974,821.0
3/20/1974,789.0
3/21/1974,771.0
3/22/1974,756.0
3/23/1974,745.0
3/24/1974,739.0
3/25/1974,783.0
3/26/1974,842.0
3/27/1974,1190.0
3/28/1974,1570.0
3/29/1974,2570.0
3/30/1974,4400.0
3/31/1974,2860.0
4/1/1974,2910.0
4/2/1974,2440.0
4/3/1974,1760.0
4/4/1974,1420.0
4/5/1974,1240.0
4/6/1974,1090.0
4/7/1974,987.0
4/8/1974,931.0
4/9/1974,930.0
4/10/1974,843.0
4/11/1974,783.0
4/12/1974,778.0
4/13/1974,754.0
4/14/1974,756.0
4/15/1974,798.0
4/16/1974,868.0
4/17/1974,904.0
4/18/1974,967.0
4/19/1974,888.0
4/20/1974,823.0
4/21/1974,805.0
4/22/1974,864.0
4/23/1974,958.0
4/24/1974,915.0
4/25/1974,801.0
4/26/1974,717.0
4/27/1974,641.0
4/28/1974,617.0
4/29/1974,626.0
4/30/1974,697.0
5/1/1974,840.0
5/2/1974,939.0
5/3/1974,668.0
5/4/1974,678.0
5/5/1974,709.0
5/6/1974,771.0
5/7/1974,882.0
5/8/1974,965.0
5/9/1974,958.0
5/10/1974,896.0
5/11/1974,830.0
5/12/1974,790.0
5/13/1974,736.0
5/14/1974,892.0
5/15/1974,1110.0
5/16/1974,1110.0
5/17/1974,993.0
5/18/1974,860.0
5/19/1974,741.0
5/20/1974,658.0
5/21/1974,614.0
5/22/1974,665.0
5/23/1974,783.0
5/24/1974,916.0
5/25/1974,1060.0
5/26/1974,1300.0
5/27/1974,1540.0
5/28/1974,1560.0
5/29/1974,1480.0
5/30/1974,1490.0
5/31/1974,1310.0
6/1/1974,1260.0
6/2/1974,1270.0
6/3/1974,1270.0
6/4/1974,1220.0
6/5/1974,1130.0
6/6/1974,1090.0
6/7/1974,1030.0
6/8/1974,935.0
6/9/1974,885.0
6/10/1974,875.0
6/11/1974,751.0
6/12/1974,342.0
6/13/1974,500.0
6/14/1974,778.0
6/15/1974,708.0
6/16/1974,646.0
6/17/1974,586.0
6/18/1974,538.0
6/19/1974,520.0
6/20/1974,490.0
6/21/1974,464.0
6/22/1974,203.0
6/23/1974,166.0
6/24/1974,179.0
6/25/1974,222.0
6/26/1974,229.0
6/27/1974,225.0
6/28/1974,216.0
6/29/1974,209.0
6/30/1974,206.0
7/1/1974,202.0
7/2/1974,193.0
7/3/1974,181.0
7/4/1974,166.0
7/5/1974,153.0
7/6/1974,138.0
7/7/1974,128.0
7/8/1974,270.0
7/9/1974,675.0
7/10/1974,685.0
7/11/1974,482.0
7/12/1974,359.0
7/13/1974,285.0
7/14/1974,235.0
7/15/1974,199.0
7/16/1974,175.0
7/17/1974,157.0
7/18/1974,144.0
7/19/1974,132.0
7/20/1974,123.0
7/21/1974,118.0
7/22/1974,109.0
7/23/1974,97.0
7/24/1974,95.0
7/25/1974,89.0
7/26/1974,85.0
7/27/1974,81.0
7/28/1974,76.0
7/29/1974,72.0
7/30/1974,68.0
7/31/1974,66.0
8/1/1974,65.0
8/2/1974,64.0
8/3/1974,63.0
8/4/1974,63.0
8/5/1974,61.0
8/6/1974,61.0
8/7/1974,60.0
8/8/1974,59.0
8/9/1974,59.0
8/10/1974,58.0
8/11/1974,56.0
8/12/1974,56.0
8/13/1974,55.0
8/14/1974,54.0
8/15/1974,54.0
8/16/1974,53.0
8/17/1974,53.0
8/18/1974,52.0
8/19/1974,51.0
8/20/1974,51.0
8/21/1974,50.0
8/22/1974,49.0
8/23/1974,48.0
8/24/1974,48.0
8/25/1974,46.0
8/26/1974,45.0
8/27/1974,45.0
8/28/1974,45.0
8/29/1974,44.0
8/30/1974,44.0
8/31/1974,44.0
9/1/1974,43.0
9/2/1974,43.0
9/3/1974,43.0
9/4/1974,42.0
9/5/1974,41.0
9/6/1974,39.0
9/7/1974,39.0
9/8/1974,39.0
9/9/1974,39.0
9/10/1974,38.0
9/11/1974,38.0
9/12/1974,38.0
9/13/1974,38.0
9/14/1974,37.0
9/15/1974,37.0
9/16/1974,36.0
9/17/1974,36.0
9/18/1974,36.0
9/19/1974,36.0
9/20/1974,36.0
9/21/1974,35.0
9/22/1974,35.0
9/23/1974,35.0
9/24/1974,35.0
9/25/1974,35.0
9/26/1974,35.0
9/27/1974,34.0
9/28/1974,34.0
9/29/1974,34.0
9/30/1974,35.0
10/1/1974,35.0
10/2/1974,34.0
10/3/1974,34.0
10/4/1974,34.0
10/5/1974,34.0
10/6/1974,34.0
10/7/1974,34.0
10/8/1974,34.0
10/9/1974,34.0
10/10/1974,35.0
10/11/1974,35.0
10/12/1974,35.0
10/13/1974,35.0
10/14/1974,34.0
10/15/1974,34.0
10/16/1974,34.0
10/17/1974,34.0
10/18/1974,33.0
10/19/1974,33.0
10/20/1974,33.0
10/21/1974,33.0
10/22/1974,33.0
10/23/1974,33.0
10/24/1974,33.0
10/25/1974,33.0
10/26/1974,33.0
10/27/1974,34.0
10/28/1974,72.0
10/29/1974,58.0
10/30/1974,42.0
10/31/1974,54.0
11/1/1974,53.0
11/2/1974,43.0
11/3/1974,40.0
11/4/1974,39.0
11/5/1974,38.0
11/6/1974,38.0
11/7/1974,41.0
11/8/1974,53.0
11/9/1974,44.0
11/10/1974,41.0
11/11/1974,40.0
11/12/1974,39.0
11/13/1974,38.0
11/14/1974,38.0
11/15/1974,38.0
11/16/1974,37.0
11/17/1974,37.0
11/18/1974,40.0
11/19/1974,43.0
11/20/1974,40.0
11/21/1974,66.0
11/22/1974,110.0
11/23/1974,64.0
11/24/1974,55.0
11/25/1974,64.0
11/26/1974,60.0
11/27/1974,54.0
11/28/1974,51.0
11/29/1974,49.0
11/30/1974,49.0
12/1/1974,48.0
12/2/1974,48.0
12/3/1974,126.0
12/4/1974,243.0
12/5/1974,101.0
12/6/1974,71.0
12/7/1974,61.0
12/8/1974,56.0
12/9/1974,53.0
12/10/1974,51.0
12/11/1974,50.0
12/12/1974,51.0
12/13/1974,70.0
12/14/1974,59.0
12/15/1974,55.0
12/16/1974,53.0
12/17/1974,52.0
12/18/1974,50.0
12/19/1974,48.0
12/20/1974,48.0
12/21/1974,48.0
12/22/1974,53.0
12/23/1974,48.0
12/24/1974,43.0
12/25/1974,46.0
12/26/1974,46.0
12/27/1974,64.0
12/28/1974,80.0
12/29/1974,57.0
12/30/1974,53.0
12/31/1974,49.0
1/1/1975,48.0
1/2/1975,50.0
1/3/1975,51.0
1/4/1975,56.0
1/5/1975,54.0
1/6/1975,240.0
1/7/1975,402.0
1/8/1975,633.0
1/9/1975,251.0
1/10/1975,167.0
1/11/1975,129.0
1/12/1975,110.0
1/13/1975,102.0
1/14/1975,97.0
1/15/1975,95.0
1/16/1975,94.0
1/17/1975,92.0
1/18/1975,92.0
1/19/1975,97.0
1/20/1975,98.0
1/21/1975,97.0
1/22/1975,95.0
1/23/1975,94.0
1/24/1975,92.0
1/25/1975,92.0
1/26/1975,99.0
1/27/1975,94.0
1/28/1975,81.0
1/29/1975,81.0
1/30/1975,74.0
1/31/1975,75.0
2/1/1975,118.0
2/2/1975,237.0
2/3/1975,164.0
2/4/1975,197.0
2/5/1975,146.0
2/6/1975,150.0
2/7/1975,207.0
2/8/1975,374.0
2/9/1975,1070.0
2/10/1975,698.0
2/11/1975,433.0
2/12/1975,573.0
2/13/1975,1290.0
2/14/1975,820.0
2/15/1975,610.0
2/16/1975,490.0
2/17/1975,380.0
2/18/1975,270.0
2/19/1975,360.0
2/20/1975,570.0
2/21/1975,450.0
2/22/1975,370.0
2/23/1975,300.0
2/24/1975,280.0
2/25/1975,283.0
2/26/1975,291.0
2/27/1975,311.0
2/28/1975,368.0
3/1/1975,427.0
3/2/1975,479.0
3/3/1975,457.0
3/4/1975,414.0
3/5/1975,418.0
3/6/1975,462.0
3/7/1975,662.0
3/8/1975,1160.0
3/9/1975,946.0
3/10/1975,721.0
3/11/1975,582.0
3/12/1975,486.0
3/13/1975,444.0
3/14/1975,408.0
3/15/1975,385.0
3/16/1975,445.0
3/17/1975,390.0
3/18/1975,405.0
3/19/1975,500.0
3/20/1975,650.0
3/21/1975,635.0
3/22/1975,700.0
3/23/1975,650.0
3/24/1975,950.0
3/25/1975,3100.0
3/26/1975,1350.0
3/27/1975,900.0
3/28/1975,730.0
3/29/1975,582.0
3/30/1975,542.0
3/31/1975,554.0
4/1/1975,503.0
4/2/1975,461.0
4/3/1975,444.0
4/4/1975,431.0
4/5/1975,415.0
4/6/1975,376.0
4/7/1975,354.0
4/8/1975,333.0
4/9/1975,329.0
4/10/1975,343.0
4/11/1975,345.0
4/12/1975,371.0
4/13/1975,407.0
4/14/1975,468.0
4/15/1975,432.0
4/16/1975,389.0
4/17/1975,358.0
4/18/1975,339.0
4/19/1975,327.0
4/20/1975,328.0
4/21/1975,373.0
4/22/1975,425.0
4/23/1975,432.0
4/24/1975,700.0
4/25/1975,943.0
4/26/1975,699.0
4/27/1975,599.0
4/28/1975,562.0
4/29/1975,550.0
4/30/1975,568.0
5/1/1975,566.0
5/2/1975,632.0
5/3/1975,787.0
5/4/1975,782.0
5/5/1975,654.0
5/6/1975,581.0
5/7/1975,579.0
5/8/1975,648.0
5/9/1975,756.0
5/10/1975,862.0
5/11/1975,972.0
5/12/1975,1070.0
5/13/1975,1140.0
5/14/1975,1250.0
5/15/1975,1210.0
5/16/1975,1070.0
5/17/1975,1120.0
5/18/1975,1230.0
5/19/1975,1260.0
5/20/1975,1080.0
5/21/1975,810.0
5/22/1975,741.0
5/23/1975,785.0
5/24/1975,915.0
5/25/1975,979.0
5/26/1975,957.0
5/27/1975,985.0
5/28/1975,1000.0
5/29/1975,1040.0
5/30/1975,1040.0
5/31/1975,1090.0
6/1/1975,1110.0
6/2/1975,1020.0
6/3/1975,951.0
6/4/1975,942.0
6/5/1975,945.0
6/6/1975,951.0
6/7/1975,868.0
6/8/1975,766.0
6/9/1975,735.0
6/10/1975,1160.0
6/11/1975,1140.0
6/12/1975,1130.0
6/13/1975,1190.0
6/14/1975,1260.0
6/15/1975,1300.0
6/16/1975,1250.0
6/17/1975,1150.0
6/18/1975,1020.0
6/19/1975,891.0
6/20/1975,807.0
6/21/1975,789.0
6/22/1975,769.0
6/23/1975,749.0
6/24/1975,758.0
6/25/1975,650.0
6/26/1975,265.0
6/27/1975,225.0
6/28/1975,215.0
6/29/1975,222.0
6/30/1975,266.0
7/1/1975,344.0
7/2/1975,359.0
7/3/1975,349.0
7/4/1975,324.0
7/5/1975,308.0
7/6/1975,301.0
7/7/1975,296.0
7/8/1975,297.0
7/9/1975,277.0
7/10/1975,256.0
7/11/1975,244.0
7/12/1975,231.0
7/13/1975,215.0
7/14/1975,198.0
7/15/1975,188.0
7/16/1975,190.0
7/17/1975,174.0
7/18/1975,162.0
7/19/1975,155.0
7/20/1975,146.0
7/21/1975,137.0
7/22/1975,128.0
7/23/1975,119.0
7/24/1975,113.0
7/25/1975,94.0
7/26/1975,78.0
7/27/1975,74.0
7/28/1975,72.0
7/29/1975,69.0
7/30/1975,69.0
7/31/1975,68.0
8/1/1975,67.0
8/2/1975,66.0
8/3/1975,66.0
8/4/1975,64.0
8/5/1975,62.0
8/6/1975,61.0
8/7/1975,61.0
8/8/1975,61.0
8/9/1975,61.0
8/10/1975,61.0
8/11/1975,60.0
8/12/1975,59.0
8/13/1975,59.0
8/14/1975,59.0
8/15/1975,58.0
8/16/1975,58.0
8/17/1975,58.0
8/18/1975,65.0
8/19/1975,100.0
8/20/1975,79.0
8/21/1975,74.0
8/22/1975,71.0
8/23/1975,66.0
8/24/1975,62.0
8/25/1975,60.0
8/26/1975,58.0
8/27/1975,57.0
8/28/1975,56.0
8/29/1975,56.0
8/30/1975,54.0
8/31/1975,50.0
9/1/1975,49.0
9/2/1975,49.0
9/3/1975,47.0
9/4/1975,47.0
9/5/1975,46.0
9/6/1975,45.0
9/7/1975,45.0
9/8/1975,45.0
9/9/1975,44.0
9/10/1975,46.0
9/11/1975,48.0
9/12/1975,46.0
9/13/1975,46.0
9/14/1975,43.0
9/15/1975,42.0
9/16/1975,42.0
9/17/1975,42.0
9/18/1975,42.0
9/19/1975,42.0
9/20/1975,42.0
9/21/1975,41.0
9/22/1975,40.0
9/23/1975,40.0
9/24/1975,39.0
9/25/1975,39.0
9/26/1975,37.0
9/27/1975,37.0
9/28/1975,37.0
9/29/1975,37.0
9/30/1975,37.0
10/1/1975,36.0
10/2/1975,37.0
10/3/1975,37.0
10/4/1975,37.0
10/5/1975,37.0
10/6/1975,42.0
10/7/1975,59.0
10/8/1975,48.0
10/9/1975,44.0
10/10/1975,139.0
10/11/1975,182.0
10/12/1975,85.0
10/13/1975,66.0
10/14/1975,59.0
10/15/1975,56.0
10/16/1975,54.0
10/17/1975,52.0
10/18/1975,51.0
10/19/1975,50.0
10/20/1975,49.0
10/21/1975,48.0
10/22/1975,50.0
10/23/1975,52.0
10/24/1975,50.0
10/25/1975,50.0
10/26/1975,531.0
10/27/1975,267.0
10/28/1975,139.0
10/29/1975,107.0
10/30/1975,176.0
10/31/1975,148.0
11/1/1975,113.0
11/2/1975,98.0
11/3/1975,89.0
11/4/1975,83.0
11/5/1975,76.0
11/6/1975,75.0
11/7/1975,100.0
11/8/1975,140.0
11/9/1975,100.0
11/10/1975,135.0
11/11/1975,120.0
11/12/1975,108.0
11/13/1975,103.0
11/14/1975,98.0
11/15/1975,111.0
11/16/1975,324.0
11/17/1975,212.0
11/18/1975,160.0
11/19/1975,136.0
11/20/1975,128.0
11/21/1975,118.0
11/22/1975,109.0
11/23/1975,103.0
11/24/1975,98.0
11/25/1975,93.0
11/26/1975,89.0
11/27/1975,96.0
11/28/1975,99.0
11/29/1975,86.0
11/30/1975,82.0
12/1/1975,82.0
12/2/1975,84.0
12/3/1975,85.0
12/4/1975,86.0
12/5/1975,123.0
12/6/1975,124.0
12/7/1975,108.0
12/8/1975,101.0
12/9/1975,96.0
12/10/1975,92.0
12/11/1975,89.0
12/12/1975,106.0
12/13/1975,98.0
12/14/1975,90.0
12/15/1975,85.0
12/16/1975,85.0
12/17/1975,85.0
12/18/1975,82.0
12/19/1975,81.0
12/20/1975,78.0
12/21/1975,77.0
12/22/1975,109.0
12/23/1975,98.0
12/24/1975,91.0
12/25/1975,91.0
12/26/1975,90.0
12/27/1975,90.0
12/28/1975,88.0
12/29/1975,88.0
12/30/1975,88.0
12/31/1975,84.0
1/1/1976,78.0
1/2/1976,75.0
1/3/1976,77.0
1/4/1976,76.0
1/5/1976,79.0
1/6/1976,81.0
1/7/1976,75.0
1/8/1976,74.0
1/9/1976,95.0
1/10/1976,88.0
1/11/1976,82.0
1/12/1976,82.0
1/13/1976,81.0
1/14/1976,80.0
1/15/1976,80.0
1/16/1976,80.0
1/17/1976,80.0
1/18/1976,80.0
1/19/1976,78.0
1/20/1976,74.0
1/21/1976,72.0
1/22/1976,70.0
1/23/1976,69.0
1/24/1976,69.0
1/25/1976,68.0
1/26/1976,65.0
1/27/1976,64.0
1/28/1976,65.0
1/29/1976,64.0
1/30/1976,63.0
1/31/1976,62.0
2/1/1976,62.0
2/2/1976,61.0
2/3/1976,61.0
2/4/1976,67.0
2/5/1976,66.0
2/6/1976,63.0
2/7/1976,61.0
2/8/1976,63.0
2/9/1976,66.0
2/10/1976,67.0
2/11/1976,64.0
2/12/1976,62.0
2/13/1976,68.0
2/14/1976,120.0
2/15/1976,113.0
2/16/1976,121.0
2/17/1976,134.0
2/18/1976,141.0
2/19/1976,233.0
2/20/1976,171.0
2/21/1976,144.0
2/22/1976,128.0
2/23/1976,117.0
2/24/1976,109.0
2/25/1976,105.0
2/26/1976,110.0
2/27/1976,109.0
2/28/1976,170.0
2/29/1976,637.0
3/1/1976,503.0
3/2/1976,328.0
3/3/1976,260.0
3/4/1976,222.0
3/5/1976,198.0
3/6/1976,184.0
3/7/1976,179.0
3/8/1976,178.0
3/9/1976,181.0
3/10/1976,185.0
3/11/1976,188.0
3/12/1976,179.0
3/13/1976,171.0
3/14/1976,168.0
3/15/1976,166.0
3/16/1976,171.0
3/17/1976,188.0
3/18/1976,220.0
3/19/1976,207.0
3/20/1976,188.0
3/21/1976,184.0
3/22/1976,182.0
3/23/1976,183.0
3/24/1976,183.0
3/25/1976,189.0
3/26/1976,173.0
3/27/1976,165.0
3/28/1976,158.0
3/29/1976,151.0
3/30/1976,146.0
3/31/1976,153.0
4/1/1976,151.0
4/2/1976,143.0
4/3/1976,140.0
4/4/1976,139.0
4/5/1976,143.0
4/6/1976,146.0
4/7/1976,141.0
4/8/1976,175.0
4/9/1976,163.0
4/10/1976,164.0
4/11/1976,170.0
4/12/1976,180.0
4/13/1976,177.0
4/14/1976,174.0
4/15/1976,184.0
4/16/1976,177.0
4/17/1976,165.0
4/18/1976,159.0
4/19/1976,159.0
4/20/1976,170.0
4/21/1976,186.0
4/22/1976,195.0
4/23/1976,207.0
4/24/1976,211.0
4/25/1976,224.0
4/26/1976,208.0
4/27/1976,193.0
4/28/1976,181.0
4/29/1976,174.0
4/30/1976,182.0
5/1/1976,205.0
5/2/1976,223.0
5/3/1976,216.0
5/4/1976,223.0
5/5/1976,219.0
5/6/1976,213.0
5/7/1976,206.0
5/8/1976,219.0
5/9/1976,216.0
5/10/1976,219.0
5/11/1976,207.0
5/12/1976,197.0
5/13/1976,191.0
5/14/1976,187.0
5/15/1976,168.0
5/16/1976,152.0
5/17/1976,141.0
5/18/1976,129.0
5/19/1976,119.0
5/20/1976,111.0
5/21/1976,105.0
5/22/1976,99.0
5/23/1976,94.0
5/24/1976,90.0
5/25/1976,86.0
5/26/1976,83.0
5/27/1976,78.0
5/28/1976,75.0
5/29/1976,73.0
5/30/1976,72.0
5/31/1976,70.0
6/1/1976,68.0
6/2/1976,65.0
6/3/1976,63.0
6/4/1976,61.0
6/5/1976,59.0
6/6/1976,57.0
6/7/1976,57.0
6/8/1976,57.0
6/9/1976,59.0
6/10/1976,68.0
6/11/1976,67.0
6/12/1976,62.0
6/13/1976,58.0
6/14/1976,54.0
6/15/1976,51.0
6/16/1976,49.0
6/17/1976,48.0
6/18/1976,46.0
6/19/1976,45.0
6/20/1976,44.0
6/21/1976,43.0
6/22/1976,43.0
6/23/1976,42.0
6/24/1976,40.0
6/25/1976,39.0
6/26/1976,38.0
6/27/1976,38.0
6/28/1976,37.0
6/29/1976,36.0
6/30/1976,35.0
7/1/1976,35.0
7/2/1976,35.0
7/3/1976,35.0
7/4/1976,35.0
7/5/1976,34.0
7/6/1976,33.0
7/7/1976,32.0
7/8/1976,32.0
7/9/1976,31.0
7/10/1976,30.0
7/11/1976,30.0
7/12/1976,29.0
7/13/1976,29.0
7/14/1976,28.0
7/15/1976,27.0
7/16/1976,27.0
7/17/1976,26.0
7/18/1976,26.0
7/19/1976,27.0
7/20/1976,26.0
7/21/1976,26.0
7/22/1976,26.0
7/23/1976,26.0
7/24/1976,26.0
7/25/1976,26.0
7/26/1976,26.0
7/27/1976,25.0
7/28/1976,24.0
7/29/1976,25.0
7/30/1976,25.0
7/31/1976,25.0
8/1/1976,25.0
8/2/1976,26.0
8/3/1976,26.0
8/4/1976,26.0
8/5/1976,26.0
8/6/1976,26.0
8/7/1976,26.0
8/8/1976,26.0
8/9/1976,25.0
8/10/1976,25.0
8/11/1976,24.0
8/12/1976,23.0
8/13/1976,23.0
8/14/1976,33.0
8/15/1976,106.0
8/16/1976,64.0
8/17/1976,40.0
8/18/1976,37.0
8/19/1976,41.0
8/20/1976,37.0
8/21/1976,33.0
8/22/1976,34.0
8/23/1976,35.0
8/24/1976,32.0
8/25/1976,30.0
8/26/1976,29.0
8/27/1976,28.0
8/28/1976,27.0
8/29/1976,26.0
8/30/1976,26.0
8/31/1976,26.0
9/1/1976,25.0
9/2/1976,25.0
9/3/1976,25.0
9/4/1976,25.0
9/5/1976,25.0
9/6/1976,25.0
9/7/1976,25.0
9/8/1976,24.0
9/9/1976,24.0
9/10/1976,24.0
9/11/1976,44.0
9/12/1976,40.0
9/13/1976,31.0
9/14/1976,29.0
9/15/1976,28.0
9/16/1976,27.0
9/17/1976,27.0
9/18/1976,27.0
9/19/1976,27.0
9/20/1976,26.0
9/21/1976,26.0
9/22/1976,26.0
9/23/1976,25.0
9/24/1976,24.0
9/25/1976,24.0
9/26/1976,24.0
9/27/1976,24.0
9/28/1976,24.0
9/29/1976,24.0
9/30/1976,24.0
10/1/1976,24.0
10/2/1976,28.0
10/3/1976,31.0
10/4/1976,28.0
10/5/1976,26.0
10/6/1976,25.0
10/7/1976,24.0
10/8/1976,24.0
10/9/1976,24.0
10/10/1976,24.0
10/11/1976,24.0
10/12/1976,24.0
10/13/1976,24.0
10/14/1976,24.0
10/15/1976,24.0
10/16/1976,24.0
10/17/1976,24.0
10/18/1976,24.0
10/19/1976,24.0
10/20/1976,24.0
10/21/1976,24.0
10/22/1976,24.0
10/23/1976,24.0
10/24/1976,24.0
10/25/1976,24.0
10/26/1976,24.0
10/27/1976,24.0
10/28/1976,24.0
10/29/1976,24.0
10/30/1976,24.0
10/31/1976,24.0
11/1/1976,24.0
11/2/1976,24.0
11/3/1976,24.0
11/4/1976,24.0
11/5/1976,24.0
11/6/1976,24.0
11/7/1976,24.0
11/8/1976,23.0
11/9/1976,23.0
11/10/1976,23.0
11/11/1976,23.0
11/12/1976,23.0
11/13/1976,24.0
11/14/1976,68.0
11/15/1976,56.0
11/16/1976,36.0
11/17/1976,30.0
11/18/1976,28.0
11/19/1976,27.0
11/20/1976,27.0
11/21/1976,27.0
11/22/1976,26.0
11/23/1976,25.0
11/24/1976,25.0
11/25/1976,25.0
11/26/1976,25.0
11/27/1976,24.0
11/28/1976,24.0
11/29/1976,24.0
11/30/1976,24.0
12/1/1976,24.0
12/2/1976,24.0
12/3/1976,24.0
12/4/1976,24.0
12/5/1976,24.0
12/6/1976,24.0
12/7/1976,24.0
12/8/1976,24.0
12/9/1976,24.0
12/10/1976,24.0
12/11/1976,24.0
12/12/1976,24.0
12/13/1976,24.0
12/14/1976,24.0
12/15/1976,24.0
12/16/1976,24.0
12/17/1976,23.0
12/18/1976,22.0
12/19/1976,22.0
12/20/1976,22.0
12/21/1976,22.0
12/22/1976,22.0
12/23/1976,22.0
12/24/1976,22.0
12/25/1976,22.0
12/26/1976,22.0
12/27/1976,25.0
12/28/1976,24.0
12/29/1976,23.0
12/30/1976,24.0
12/31/1976,24.0
1/1/1977,24.0
1/2/1977,80.0
1/3/1977,115.0
1/4/1977,48.0
1/5/1977,37.0
1/6/1977,31.0
1/7/1977,28.0
1/8/1977,33.0
1/9/1977,31.0
1/10/1977,29.0
1/11/1977,27.0
1/12/1977,27.0
1/13/1977,28.0
1/14/1977,28.0
1/15/1977,27.0
1/16/1977,27.0
1/17/1977,27.0
1/18/1977,27.0
1/19/1977,27.0
1/20/1977,28.0
1/21/1977,29.0
1/22/1977,33.0
1/23/1977,33.0
1/24/1977,31.0
1/25/1977,29.0
1/26/1977,28.0
1/27/1977,28.0
1/28/1977,27.0
1/29/1977,27.0
1/30/1977,27.0
1/31/1977,26.0
2/1/1977,26.0
2/2/1977,26.0
2/3/1977,25.0
2/4/1977,25.0
2/5/1977,25.0
2/6/1977,25.0
2/7/1977,25.0
2/8/1977,33.0
2/9/1977,43.0
2/10/1977,33.0
2/11/1977,30.0
2/12/1977,29.0
2/13/1977,29.0
2/14/1977,28.0
2/15/1977,28.0
2/16/1977,28.0
2/17/1977,28.0
2/18/1977,28.0
2/19/1977,27.0
2/20/1977,27.0
2/21/1977,147.0
2/22/1977,122.0
2/23/1977,78.0
2/24/1977,66.0
2/25/1977,54.0
2/26/1977,48.0
2/27/1977,45.0
2/28/1977,47.0
3/1/1977,49.0
3/2/1977,43.0
3/3/1977,41.0
3/4/1977,38.0
3/5/1977,37.0
3/6/1977,36.0
3/7/1977,36.0
3/8/1977,36.0
3/9/1977,47.0
3/10/1977,55.0
3/11/1977,44.0
3/12/1977,43.0
3/13/1977,50.0
3/14/1977,45.0
3/15/1977,44.0
3/16/1977,46.0
3/17/1977,48.0
3/18/1977,48.0
3/19/1977,47.0
3/20/1977,48.0
3/21/1977,49.0
3/22/1977,51.0
3/23/1977,62.0
3/24/1977,76.0
3/25/1977,70.0
3/26/1977,65.0
3/27/1977,64.0
3/28/1977,65.0
3/29/1977,61.0
3/30/1977,56.0
3/31/1977,52.0
4/1/1977,49.0
4/2/1977,48.0
4/3/1977,47.0
4/4/1977,46.0
4/5/1977,50.0
4/6/1977,59.0
4/7/1977,67.0
4/8/1977,76.0
4/9/1977,82.0
4/10/1977,71.0
4/11/1977,65.0
4/12/1977,61.0
4/13/1977,64.0
4/14/1977,71.0
4/15/1977,69.0
4/16/1977,70.0
4/17/1977,76.0
4/18/1977,73.0
4/19/1977,67.0
4/20/1977,64.0
4/21/1977,63.0
4/22/1977,62.0
4/23/1977,62.0
4/24/1977,62.0
4/25/1977,63.0
4/26/1977,61.0
4/27/1977,59.0
4/28/1977,57.0
4/29/1977,55.0
4/30/1977,56.0
5/1/1977,78.0
5/2/1977,86.0
5/3/1977,70.0
5/4/1977,77.0
5/5/1977,72.0
5/6/1977,85.0
5/7/1977,86.0
5/8/1977,78.0
5/9/1977,94.0
5/10/1977,134.0
5/11/1977,123.0
5/12/1977,113.0
5/13/1977,103.0
5/14/1977,115.0
5/15/1977,118.0
5/16/1977,107.0
5/17/1977,99.0
5/18/1977,94.0
5/19/1977,90.0
5/20/1977,85.0
5/21/1977,85.0
5/22/1977,85.0
5/23/1977,85.0
5/24/1977,86.0
5/25/1977,81.0
5/26/1977,82.0
5/27/1977,106.0
5/28/1977,93.0
5/29/1977,85.0
5/30/1977,81.0
5/31/1977,77.0
6/1/1977,76.0
6/2/1977,73.0
6/3/1977,70.0
6/4/1977,65.0
6/5/1977,62.0
6/6/1977,60.0
6/7/1977,59.0
6/8/1977,56.0
6/9/1977,52.0
6/10/1977,54.0
6/11/1977,54.0
6/12/1977,48.0
6/13/1977,45.0
6/14/1977,42.0
6/15/1977,40.0
6/16/1977,37.0
6/17/1977,36.0
6/18/1977,34.0
6/19/1977,33.0
6/20/1977,37.0
6/21/1977,38.0
6/22/1977,33.0
6/23/1977,31.0
6/24/1977,29.0
6/25/1977,28.0
6/26/1977,27.0
6/27/1977,25.0
6/28/1977,25.0
6/29/1977,24.0
6/30/1977,23.0
7/1/1977,23.0
7/2/1977,23.0
7/3/1977,23.0
7/4/1977,23.0
7/5/1977,22.0
7/6/1977,21.0
7/7/1977,20.0
7/8/1977,19.0
7/9/1977,18.0
7/10/1977,18.0
7/11/1977,18.0
7/12/1977,17.0
7/13/1977,16.0
7/14/1977,16.0
7/15/1977,16.0
7/16/1977,15.0
7/17/1977,14.0
7/18/1977,14.0
7/19/1977,14.0
7/20/1977,13.0
7/21/1977,13.0
7/22/1977,13.0
7/23/1977,13.0
7/24/1977,12.0
7/25/1977,12.0
7/26/1977,12.0
7/27/1977,12.0
7/28/1977,12.0
7/29/1977,11.0
7/30/1977,12.0
7/31/1977,12.0
8/1/1977,12.0
8/2/1977,12.0
8/3/1977,12.0
8/4/1977,12.0
8/5/1977,12.0
8/6/1977,12.0
8/7/1977,12.0
8/8/1977,12.0
8/9/1977,12.0
8/10/1977,12.0
8/11/1977,12.0
8/12/1977,12.0
8/13/1977,12.0
8/14/1977,12.0
8/15/1977,12.0
8/16/1977,12.0
8/17/1977,11.0
8/18/1977,12.0
8/19/1977,12.0
8/20/1977,12.0
8/21/1977,12.0
8/22/1977,12.0
8/23/1977,12.0
8/24/1977,12.0
8/25/1977,13.0
8/26/1977,16.0
8/27/1977,16.0
8/28/1977,15.0
8/29/1977,14.0
8/30/1977,13.0
8/31/1977,13.0
9/1/1977,13.0
9/2/1977,12.0
9/3/1977,12.0
9/4/1977,12.0
9/5/1977,12.0
9/6/1977,12.0
9/7/1977,12.0
9/8/1977,12.0
9/9/1977,12.0
9/10/1977,12.0
9/11/1977,12.0
9/12/1977,12.0
9/13/1977,12.0
9/14/1977,12.0
9/15/1977,12.0
9/16/1977,13.0
9/17/1977,16.0
9/18/1977,17.0
9/19/1977,17.0
9/20/1977,18.0
9/21/1977,17.0
9/22/1977,16.0
9/23/1977,15.0
9/24/1977,15.0
9/25/1977,15.0
9/26/1977,15.0
9/27/1977,15.0
9/28/1977,16.0
9/29/1977,25.0
9/30/1977,26.0
10/1/1977,21.0
10/2/1977,18.0
10/3/1977,17.0
10/4/1977,17.0
10/5/1977,17.0
10/6/1977,16.0
10/7/1977,16.0
10/8/1977,16.0
10/9/1977,15.0
10/10/1977,15.0
10/11/1977,15.0
10/12/1977,15.0
10/13/1977,15.0
10/14/1977,15.0
10/15/1977,15.0
10/16/1977,15.0
10/17/1977,15.0
10/18/1977,15.0
10/19/1977,14.0
10/20/1977,14.0
10/21/1977,14.0
10/22/1977,14.0
10/23/1977,14.0
10/24/1977,14.0
10/25/1977,14.0
10/26/1977,15.0
10/27/1977,15.0
10/28/1977,17.0
10/29/1977,18.0
10/30/1977,21.0
10/31/1977,21.0
11/1/1977,20.0
11/2/1977,19.0
11/3/1977,18.0
11/4/1977,18.0
11/5/1977,43.0
11/6/1977,32.0
11/7/1977,26.0
11/8/1977,23.0
11/9/1977,22.0
11/10/1977,21.0
11/11/1977,21.0
11/12/1977,20.0
11/13/1977,20.0
11/14/1977,20.0
11/15/1977,20.0
11/16/1977,20.0
11/17/1977,20.0
11/18/1977,19.0
11/19/1977,19.0
11/20/1977,19.0
11/21/1977,144.0
11/22/1977,251.0
11/23/1977,74.0
11/24/1977,50.0
11/25/1977,44.0
11/26/1977,41.0
11/27/1977,38.0
11/28/1977,37.0
11/29/1977,33.0
11/30/1977,31.0
12/1/1977,29.0
12/2/1977,28.0
12/3/1977,27.0
12/4/1977,26.0
12/5/1977,26.0
12/6/1977,26.0
12/7/1977,26.0
12/8/1977,26.0
12/9/1977,25.0
12/10/1977,25.0
12/11/1977,30.0
12/12/1977,39.0
12/13/1977,32.0
12/14/1977,99.0
12/15/1977,686.0
12/16/1977,183.0
12/17/1977,387.0
12/18/1977,308.0
12/19/1977,161.0
12/20/1977,118.0
12/21/1977,101.0
12/22/1977,217.0
12/23/1977,895.0
12/24/1977,323.0
12/25/1977,201.0
12/26/1977,160.0
12/27/1977,442.0
12/28/1977,482.0
12/29/1977,1020.0
12/30/1977,989.0
12/31/1977,543.0
1/1/1978,371.0
1/2/1978,290.0
1/3/1978,329.0
1/4/1978,460.0
1/5/1978,2050.0
1/6/1978,1260.0
1/7/1978,695.0
1/8/1978,536.0
1/9/1978,1120.0
1/10/1978,964.0
1/11/1978,697.0
1/12/1978,576.0
1/13/1978,570.0
1/14/1978,1730.0
1/15/1978,2000.0
1/16/1978,2470.0
1/17/1978,2310.0
1/18/1978,1350.0
1/19/1978,1090.0
1/20/1978,860.0
1/21/1978,687.0
1/22/1978,573.0
1/23/1978,479.0
1/24/1978,409.0
1/25/1978,365.0
1/26/1978,330.0
1/27/1978,303.0
1/28/1978,283.0
1/29/1978,267.0
1/30/1978,257.0
1/31/1978,248.0
2/1/1978,242.0
2/2/1978,282.0
2/3/1978,273.0
2/4/1978,257.0
2/5/1978,360.0
2/6/1978,681.0
2/7/1978,1200.0
2/8/1978,1040.0
2/9/1978,1110.0
2/10/1978,825.0
2/11/1978,650.0
2/12/1978,572.0
2/13/1978,550.0
2/14/1978,479.0
2/15/1978,454.0
2/16/1978,402.0
2/17/1978,360.0
2/18/1978,329.0
2/19/1978,315.0
2/20/1978,319.0
2/21/1978,318.0
2/22/1978,321.0
2/23/1978,330.0
2/24/1978,336.0
2/25/1978,323.0
2/26/1978,317.0
2/27/1978,300.0
2/28/1978,283.0
3/1/1978,294.0
3/2/1978,703.0
3/3/1978,980.0
3/4/1978,1750.0
3/5/1978,2590.0
3/6/1978,1800.0
3/7/1978,1200.0
3/8/1978,966.0
3/9/1978,859.0
3/10/1978,753.0
3/11/1978,697.0
3/12/1978,621.0
3/13/1978,541.0
3/14/1978,480.0
3/15/1978,438.0
3/16/1978,417.0
3/17/1978,431.0
3/18/1978,445.0
3/19/1978,442.0
3/20/1978,475.0
3/21/1978,554.0
3/22/1978,624.0
3/23/1978,788.0
3/24/1978,777.0
3/25/1978,654.0
3/26/1978,622.0
3/27/1978,612.0
3/28/1978,623.0
3/29/1978,640.0
3/30/1978,671.0
3/31/1978,830.0
4/1/1978,924.0
4/2/1978,801.0
4/3/1978,670.0
4/4/1978,656.0
4/5/1978,567.0
4/6/1978,584.0
4/7/1978,537.0
4/8/1978,517.0
4/9/1978,533.0
4/10/1978,572.0
4/11/1978,600.0
4/12/1978,601.0
4/13/1978,585.0
4/14/1978,580.0
4/15/1978,600.0
4/16/1978,576.0
4/17/1978,518.0
4/18/1978,502.0
4/19/1978,501.0
4/20/1978,651.0
4/21/1978,575.0
4/22/1978,536.0
4/23/1978,504.0
4/24/1978,520.0
4/25/1978,947.0
4/26/1978,876.0
4/27/1978,790.0
4/28/1978,780.0
4/29/1978,713.0
4/30/1978,733.0
5/1/1978,683.0
5/2/1978,690.0
5/3/1978,723.0
5/4/1978,731.0
5/5/1978,687.0
5/6/1978,608.0
5/7/1978,579.0
5/8/1978,595.0
5/9/1978,651.0
5/10/1978,679.0
5/11/1978,688.0
5/12/1978,678.0
5/13/1978,686.0
5/14/1978,746.0
5/15/1978,884.0
5/16/1978,682.0
5/17/1978,574.0
5/18/1978,551.0
5/19/1978,564.0
5/20/1978,586.0
5/21/1978,610.0
5/22/1978,808.0
5/23/1978,964.0
5/24/1978,811.0
5/25/1978,431.0
5/26/1978,373.0
5/27/1978,369.0
5/28/1978,420.0
5/29/1978,502.0
5/30/1978,559.0
5/31/1978,542.0
6/1/1978,507.0
6/2/1978,480.0
6/3/1978,476.0
6/4/1978,491.0
6/5/1978,544.0
6/6/1978,594.0
6/7/1978,884.0
6/8/1978,882.0
6/9/1978,1010.0
6/10/1978,890.0
6/11/1978,814.0
6/12/1978,720.0
6/13/1978,705.0
6/14/1978,691.0
6/15/1978,663.0
6/16/1978,609.0
6/17/1978,570.0
6/18/1978,555.0
6/19/1978,257.0
6/20/1978,219.0
6/21/1978,208.0
6/22/1978,198.0
6/23/1978,189.0
6/24/1978,181.0
6/25/1978,171.0
6/26/1978,162.0
6/27/1978,326.0
6/28/1978,395.0
6/29/1978,368.0
6/30/1978,345.0
7/1/1978,326.0
7/2/1978,310.0
7/3/1978,291.0
7/4/1978,266.0
7/5/1978,246.0
7/6/1978,137.0
7/7/1978,114.0
7/8/1978,110.0
7/9/1978,106.0
7/10/1978,103.0
7/11/1978,92.0
7/12/1978,95.0
7/13/1978,90.0
7/14/1978,86.0
7/15/1978,82.0
7/16/1978,80.0
7/17/1978,78.0
7/18/1978,75.0
7/19/1978,72.0
7/20/1978,68.0
7/21/1978,66.0
7/22/1978,64.0
7/23/1978,63.0
7/24/1978,60.0
7/25/1978,59.0
7/26/1978,57.0
7/27/1978,57.0
7/28/1978,56.0
7/29/1978,54.0
7/30/1978,53.0
7/31/1978,52.0
8/1/1978,51.0
8/2/1978,50.0
8/3/1978,49.0
8/4/1978,48.0
8/5/1978,47.0
8/6/1978,46.0
8/7/1978,44.0
8/8/1978,42.0
8/9/1978,42.0
8/10/1978,40.0
8/11/1978,39.0
8/12/1978,39.0
8/13/1978,39.0
8/14/1978,39.0
8/15/1978,38.0
8/16/1978,38.0
8/17/1978,38.0
8/18/1978,37.0
8/19/1978,37.0
8/20/1978,37.0
8/21/1978,37.0
8/22/1978,36.0
8/23/1978,37.0
8/24/1978,37.0
8/25/1978,37.0
8/26/1978,37.0
8/27/1978,37.0
8/28/1978,36.0
8/29/1978,35.0
8/30/1978,34.0
8/31/1978,34.0
9/1/1978,33.0
9/2/1978,32.0
9/3/1978,32.0
9/4/1978,32.0
9/5/1978,77.0
9/6/1978,116.0
9/7/1978,62.0
9/8/1978,48.0
9/9/1978,50.0
9/10/1978,128.0
9/11/1978,75.0
9/12/1978,57.0
9/13/1978,48.0
9/14/1978,45.0
9/15/1978,42.0
9/16/1978,41.0
9/17/1978,40.0
9/18/1978,39.0
9/19/1978,38.0
9/20/1978,37.0
9/21/1978,38.0
9/22/1978,38.0
9/23/1978,37.0
9/24/1978,37.0
9/25/1978,36.0
9/26/1978,36.0
9/27/1978,35.0
9/28/1978,34.0
9/29/1978,34.0
9/30/1978,33.0
10/1/1978,33.0
10/2/1978,33.0
10/3/1978,32.0
10/4/1978,32.0
10/5/1978,32.0
10/6/1978,32.0
10/7/1978,32.0
10/8/1978,32.0
10/9/1978,32.0
10/10/1978,32.0
10/11/1978,31.0
10/12/1978,31.0
10/13/1978,30.0
10/14/1978,30.0
10/15/1978,29.0
10/16/1978,30.0
10/17/1978,30.0
10/18/1978,30.0
10/19/1978,30.0
10/20/1978,30.0
10/21/1978,30.0
10/22/1978,30.0
10/23/1978,29.0
10/24/1978,29.0
10/25/1978,29.0
10/26/1978,29.0
10/27/1978,29.0
10/28/1978,29.0
10/29/1978,29.0
10/30/1978,29.0
10/31/1978,29.0
11/1/1978,30.0
11/2/1978,32.0
11/3/1978,34.0
11/4/1978,34.0
11/5/1978,32.0
11/6/1978,31.0
11/7/1978,31.0
11/8/1978,30.0
11/9/1978,30.0
11/10/1978,30.0
11/11/1978,31.0
11/12/1978,33.0
11/13/1978,39.0
11/14/1978,38.0
11/15/1978,35.0
11/16/1978,34.0
11/17/1978,35.0
11/18/1978,35.0
11/19/1978,46.0
11/20/1978,140.0
11/21/1978,131.0
11/22/1978,92.0
11/23/1978,62.0
11/24/1978,51.0
11/25/1978,44.0
11/26/1978,42.0
11/27/1978,40.0
11/28/1978,38.0
11/29/1978,38.0
11/30/1978,42.0
12/1/1978,102.0
12/2/1978,85.0
12/3/1978,61.0
12/4/1978,52.0
12/5/1978,49.0
12/6/1978,48.0
12/7/1978,44.0
12/8/1978,43.0
12/9/1978,43.0
12/10/1978,43.0
12/11/1978,43.0
12/12/1978,42.0
12/13/1978,41.0
12/14/1978,40.0
12/15/1978,40.0
12/16/1978,39.0
12/17/1978,63.0
12/18/1978,71.0
12/19/1978,58.0
12/20/1978,50.0
12/21/1978,48.0
12/22/1978,48.0
12/23/1978,48.0
12/24/1978,48.0
12/25/1978,48.0
12/26/1978,49.0
12/27/1978,49.0
12/28/1978,48.0
12/29/1978,46.0
12/30/1978,45.0
12/31/1978,45.0
1/1/1979,45.0
1/2/1979,45.0
1/3/1979,42.0
1/4/1979,42.0
1/5/1979,42.0
1/6/1979,43.0
1/7/1979,46.0
1/8/1979,99.0
1/9/1979,124.0
1/10/1979,107.0
1/11/1979,1580.0
1/12/1979,622.0
1/13/1979,303.0
1/14/1979,269.0
1/15/1979,320.0
1/16/1979,235.0
1/17/1979,180.0
1/18/1979,151.0
1/19/1979,132.0
1/20/1979,123.0
1/21/1979,117.0
1/22/1979,112.0
1/23/1979,107.0
1/24/1979,105.0
1/25/1979,103.0
1/26/1979,93.0
1/27/1979,89.0
1/28/1979,85.0
1/29/1979,79.0
1/30/1979,81.0
1/31/1979,82.0
2/1/1979,78.0
2/2/1979,78.0
2/3/1979,73.0
2/4/1979,73.0
2/5/1979,73.0
2/6/1979,72.0
2/7/1979,71.0
2/8/1979,71.0
2/9/1979,71.0
2/10/1979,75.0
2/11/1979,77.0
2/12/1979,78.0
2/13/1979,235.0
2/14/1979,846.0
2/15/1979,425.0
2/16/1979,335.0
2/17/1979,263.0
2/18/1979,271.0
2/19/1979,310.0
2/20/1979,310.0
2/21/1979,359.0
2/22/1979,307.0
2/23/1979,263.0
2/24/1979,228.0
2/25/1979,212.0
2/26/1979,250.0
2/27/1979,245.0
2/28/1979,284.0
3/1/1979,321.0
3/2/1979,254.0
3/3/1979,248.0
3/4/1979,256.0
3/5/1979,301.0
3/6/1979,442.0
3/7/1979,576.0
3/8/1979,641.0
3/9/1979,641.0
3/10/1979,638.0
3/11/1979,680.0
3/12/1979,658.0
3/13/1979,624.0
3/14/1979,603.0
3/15/1979,702.0
3/16/1979,692.0
3/17/1979,559.0
3/18/1979,489.0
3/19/1979,430.0
3/20/1979,389.0
3/21/1979,356.0
3/22/1979,335.0
3/23/1979,314.0
3/24/1979,309.0
3/25/1979,329.0
3/26/1979,355.0
3/27/1979,787.0
3/28/1979,833.0
3/29/1979,642.0
3/30/1979,533.0
3/31/1979,466.0
4/1/1979,425.0
4/2/1979,395.0
4/3/1979,373.0
4/4/1979,370.0
4/5/1979,413.0
4/6/1979,544.0
4/7/1979,492.0
4/8/1979,478.0
4/9/1979,502.0
4/10/1979,462.0
4/11/1979,442.0
4/12/1979,430.0
4/13/1979,458.0
4/14/1979,494.0
4/15/1979,513.0
4/16/1979,542.0
4/17/1979,526.0
4/18/1979,457.0
4/19/1979,400.0
4/20/1979,372.0
4/21/1979,360.0
4/22/1979,372.0
4/23/1979,405.0
4/24/1979,430.0
4/25/1979,404.0
4/26/1979,504.0
4/27/1979,825.0
4/28/1979,750.0
4/29/1979,692.0
4/30/1979,658.0
5/1/1979,657.0
5/2/1979,603.0
5/3/1979,665.0
5/4/1979,704.0
5/5/1979,888.0
5/6/1979,980.0
5/7/1979,955.0
5/8/1979,800.0
5/9/1979,691.0
5/10/1979,622.0
5/11/1979,600.0
5/12/1979,618.0
5/13/1979,650.0
5/14/1979,705.0
5/15/1979,744.0
5/16/1979,764.0
5/17/1979,748.0
5/18/1979,773.0
5/19/1979,782.0
5/20/1979,770.0
5/21/1979,755.0
5/22/1979,735.0
5/23/1979,658.0
5/24/1979,597.0
5/25/1979,555.0
5/26/1979,554.0
5/27/1979,546.0
5/28/1979,487.0
5/29/1979,418.0
5/30/1979,357.0
5/31/1979,316.0
6/1/1979,290.0
6/2/1979,272.0
6/3/1979,264.0
6/4/1979,260.0
6/5/1979,251.0
6/6/1979,240.0
6/7/1979,219.0
6/8/1979,196.0
6/9/1979,179.0
6/10/1979,167.0
6/11/1979,159.0
6/12/1979,151.0
6/13/1979,144.0
6/14/1979,137.0
6/15/1979,129.0
6/16/1979,122.0
6/17/1979,120.0
6/18/1979,122.0
6/19/1979,114.0
6/20/1979,108.0
6/21/1979,100.0
6/22/1979,96.0
6/23/1979,93.0
6/24/1979,89.0
6/25/1979,85.0
6/26/1979,83.0
6/27/1979,80.0
6/28/1979,78.0
6/29/1979,75.0
6/30/1979,74.0
7/1/1979,70.0
7/2/1979,69.0
7/3/1979,68.0
7/4/1979,67.0
7/5/1979,66.0
7/6/1979,65.0
7/7/1979,63.0
7/8/1979,62.0
7/9/1979,60.0
7/10/1979,59.0
7/11/1979,60.0
7/12/1979,58.0
7/13/1979,56.0
7/14/1979,54.0
7/15/1979,53.0
7/16/1979,51.0
7/17/1979,50.0
7/18/1979,48.0
7/19/1979,47.0
7/20/1979,46.0
7/21/1979,51.0
7/22/1979,53.0
7/23/1979,51.0
7/24/1979,48.0
7/25/1979,46.0
7/26/1979,44.0
7/27/1979,43.0
7/28/1979,42.0
7/29/1979,42.0
7/30/1979,40.0
7/31/1979,39.0
8/1/1979,38.0
8/2/1979,37.0
8/3/1979,37.0
8/4/1979,37.0
8/5/1979,37.0
8/6/1979,37.0
8/7/1979,36.0
8/8/1979,36.0
8/9/1979,35.0
8/10/1979,35.0
8/11/1979,35.0
8/12/1979,35.0
8/13/1979,35.0
8/14/1979,35.0
8/15/1979,35.0
8/16/1979,35.0
8/17/1979,34.0
8/18/1979,33.0
8/19/1979,34.0
8/20/1979,33.0
8/21/1979,34.0
8/22/1979,34.0
8/23/1979,34.0
8/24/1979,34.0
8/25/1979,33.0
8/26/1979,32.0
8/27/1979,32.0
8/28/1979,32.0
8/29/1979,39.0
8/30/1979,38.0
8/31/1979,37.0
9/1/1979,35.0
9/2/1979,34.0
9/3/1979,33.0
9/4/1979,33.0
9/5/1979,33.0
9/6/1979,32.0
9/7/1979,31.0
9/8/1979,31.0
9/9/1979,30.0
9/10/1979,30.0
9/11/1979,29.0
9/12/1979,29.0
9/13/1979,29.0
9/14/1979,29.0
9/15/1979,29.0
9/16/1979,28.0
9/17/1979,28.0
9/18/1979,27.0
9/19/1979,27.0
9/20/1979,28.0
9/21/1979,28.0
9/22/1979,28.0
9/23/1979,28.0
9/24/1979,28.0
9/25/1979,30.0
9/26/1979,31.0
9/27/1979,30.0
9/28/1979,29.0
9/29/1979,29.0
9/30/1979,28.0
10/1/1979,28.0
10/2/1979,27.0
10/3/1979,27.0
10/4/1979,27.0
10/5/1979,27.0
10/6/1979,28.0
10/7/1979,29.0
10/8/1979,32.0
10/9/1979,33.0
10/10/1979,33.0
10/11/1979,32.0
10/12/1979,32.0
10/13/1979,32.0
10/14/1979,40.0
10/15/1979,49.0
10/16/1979,45.0
10/17/1979,39.0
10/18/1979,39.0
10/19/1979,148.0
10/20/1979,168.0
10/21/1979,104.0
10/22/1979,67.0
10/23/1979,57.0
10/24/1979,52.0
10/25/1979,172.0
10/26/1979,157.0
10/27/1979,83.0
10/28/1979,68.0
10/29/1979,61.0
10/30/1979,57.0
10/31/1979,55.0
11/1/1979,53.0
11/2/1979,52.0
11/3/1979,71.0
11/4/1979,140.0
11/5/1979,120.0
11/6/1979,86.0
11/7/1979,75.0
11/8/1979,68.0
11/9/1979,64.0
11/10/1979,61.0
11/11/1979,58.0
11/12/1979,56.0
11/13/1979,55.0
11/14/1979,54.0
11/15/1979,52.0
11/16/1979,52.0
11/17/1979,82.0
11/18/1979,112.0
11/19/1979,86.0
11/20/1979,73.0
11/21/1979,67.0
11/22/1979,66.0
11/23/1979,84.0
11/24/1979,159.0
11/25/1979,346.0
11/26/1979,529.0
11/27/1979,249.0
11/28/1979,172.0
11/29/1979,140.0
11/30/1979,122.0
12/1/1979,109.0
12/2/1979,100.0
12/3/1979,93.0
12/4/1979,87.0
12/5/1979,83.0
12/6/1979,80.0
12/7/1979,77.0
12/8/1979,75.0
12/9/1979,73.0
12/10/1979,71.0
12/11/1979,68.0
12/12/1979,66.0
12/13/1979,66.0
12/14/1979,64.0
12/15/1979,63.0
12/16/1979,62.0
12/17/1979,60.0
12/18/1979,59.0
12/19/1979,61.0
12/20/1979,68.0
12/21/1979,103.0
12/22/1979,89.0
12/23/1979,118.0
12/24/1979,511.0
12/25/1979,440.0
12/26/1979,214.0
12/27/1979,156.0
12/28/1979,131.0
12/29/1979,117.0
12/30/1979,220.0
12/31/1979,1430.0
1/1/1980,1000.0
1/2/1980,523.0
1/3/1980,374.0
1/4/1980,293.0
1/5/1980,253.0
1/6/1980,235.0
1/7/1980,231.0
1/8/1980,231.0
1/9/1980,548.0
1/10/1980,776.0
1/11/1980,894.0
1/12/1980,7130.0
1/13/1980,10700.0
1/14/1980,5160.0
1/15/1980,2990.0
1/16/1980,2770.0
1/17/1980,2250.0
1/18/1980,1490.0
1/19/1980,1060.0
1/20/1980,830.0
1/21/1980,677.0
1/22/1980,576.0
1/23/1980,495.0
1/24/1980,438.0
1/25/1980,403.0
1/26/1980,370.0
1/27/1980,354.0
1/28/1980,340.0
1/29/1980,308.0
1/30/1980,283.0
1/31/1980,273.0
2/1/1980,260.0
2/2/1980,248.0
2/3/1980,248.0
2/4/1980,251.0
2/5/1980,239.0
2/6/1980,235.0
2/7/1980,228.0
2/8/1980,221.0
2/9/1980,211.0
2/10/1980,205.0
2/11/1980,199.0
2/12/1980,193.0
2/13/1980,189.0
2/14/1980,239.0
2/15/1980,610.0
2/16/1980,1030.0
2/17/1980,2190.0
2/18/1980,3920.0
2/19/1980,4190.0
2/20/1980,2910.0
2/21/1980,2540.0
2/22/1980,1990.0
2/23/1980,1560.0
2/24/1980,1260.0
2/25/1980,1070.0
2/26/1980,965.0
2/27/1980,926.0
2/28/1980,1190.0
2/29/1980,1030.0
3/1/1980,917.0
3/2/1980,866.0
3/3/1980,907.0
3/4/1980,954.0
3/5/1980,1060.0
3/6/1980,1050.0
3/7/1980,936.0
3/8/1980,818.0
3/9/1980,731.0
3/10/1980,679.0
3/11/1980,658.0
3/12/1980,617.0
3/13/1980,570.0
3/14/1980,566.0
3/15/1980,609.0
3/16/1980,546.0
3/17/1980,518.0
3/18/1980,520.0
3/19/1980,479.0
3/20/1980,467.0
3/21/1980,464.0
3/22/1980,442.0
3/23/1980,425.0
3/24/1980,409.0
3/25/1980,396.0
3/26/1980,382.0
3/27/1980,370.0
3/28/1980,361.0
3/29/1980,358.0
3/30/1980,379.0
3/31/1980,379.0
4/1/1980,373.0
4/2/1980,370.0
4/3/1980,358.0
4/4/1980,350.0
4/5/1980,475.0
4/6/1980,554.0
4/7/1980,497.0
4/8/1980,447.0
4/9/1980,437.0
4/10/1980,443.0
4/11/1980,443.0
4/12/1980,440.0
4/13/1980,500.0
4/14/1980,591.0
4/15/1980,626.0
4/16/1980,662.0
4/17/1980,767.0
4/18/1980,905.0
4/19/1980,988.0
4/20/1980,1130.0
4/21/1980,1220.0
4/22/1980,994.0
4/23/1980,859.0
4/24/1980,902.0
4/25/1980,947.0
4/26/1980,1010.0
4/27/1980,1090.0
4/28/1980,1190.0
4/29/1980,1260.0
4/30/1980,1310.0
5/1/1980,1200.0
5/2/1980,1050.0
5/3/1980,644.0
5/4/1980,673.0
5/5/1980,673.0
5/6/1980,642.0
5/7/1980,608.0
5/8/1980,583.0
5/9/1980,631.0
5/10/1980,612.0
5/11/1980,501.0
5/12/1980,470.0
5/13/1980,493.0
5/14/1980,538.0
5/15/1980,586.0
5/16/1980,618.0
5/17/1980,950.0
5/18/1980,1020.0
5/19/1980,1090.0
5/20/1980,1230.0
5/21/1980,1370.0
5/22/1980,1420.0
5/23/1980,1300.0
5/24/1980,1070.0
5/25/1980,889.0
5/26/1980,760.0
5/27/1980,674.0
5/28/1980,630.0
5/29/1980,612.0
5/30/1980,615.0
5/31/1980,676.0
6/1/1980,735.0
6/2/1980,762.0
6/3/1980,719.0
6/4/1980,712.0
6/5/1980,710.0
6/6/1980,409.0
6/7/1980,464.0
6/8/1980,576.0
6/9/1980,648.0
6/10/1980,712.0
6/11/1980,744.0
6/12/1980,709.0
6/13/1980,659.0
6/14/1980,599.0
6/15/1980,567.0
6/16/1980,569.0
6/17/1980,604.0
6/18/1980,611.0
6/19/1980,605.0
6/20/1980,574.0
6/21/1980,540.0
6/22/1980,500.0
6/23/1980,462.0
6/24/1980,432.0
6/25/1980,372.0
6/26/1980,356.0
6/27/1980,244.0
6/28/1980,222.0
6/29/1980,215.0
6/30/1980,213.0
7/1/1980,210.0
7/2/1980,239.0
7/3/1980,269.0
7/4/1980,238.0
7/5/1980,203.0
7/6/1980,174.0
7/7/1980,149.0
7/8/1980,132.0
7/9/1980,116.0
7/10/1980,108.0
7/11/1980,102.0
7/12/1980,97.0
7/13/1980,95.0
7/14/1980,92.0
7/15/1980,90.0
7/16/1980,86.0
7/17/1980,84.0
7/18/1980,82.0
7/19/1980,80.0
7/20/1980,78.0
7/21/1980,76.0
7/22/1980,74.0
7/23/1980,72.0
7/24/1980,70.0
7/25/1980,69.0
7/26/1980,66.0
7/27/1980,65.0
7/28/1980,64.0
7/29/1980,64.0
7/30/1980,62.0
7/31/1980,60.0
8/1/1980,57.0
8/2/1980,56.0
8/3/1980,54.0
8/4/1980,54.0
8/5/1980,54.0
8/6/1980,52.0
8/7/1980,52.0
8/8/1980,51.0
8/9/1980,50.0
8/10/1980,50.0
8/11/1980,51.0
8/12/1980,49.0
8/13/1980,48.0
8/14/1980,47.0
8/15/1980,48.0
8/16/1980,48.0
8/17/1980,49.0
8/18/1980,48.0
8/19/1980,48.0
8/20/1980,45.0
8/21/1980,44.0
8/22/1980,44.0
8/23/1980,44.0
8/24/1980,44.0
8/25/1980,44.0
8/26/1980,44.0
8/27/1980,44.0
8/28/1980,43.0
8/29/1980,43.0
8/30/1980,42.0
8/31/1980,42.0
9/1/1980,42.0
9/2/1980,41.0
9/3/1980,40.0
9/4/1980,39.0
9/5/1980,38.0
9/6/1980,38.0
9/7/1980,38.0
9/8/1980,38.0
9/9/1980,39.0
9/10/1980,39.0
9/11/1980,39.0
9/12/1980,38.0
9/13/1980,37.0
9/14/1980,37.0
9/15/1980,37.0
9/16/1980,36.0
9/17/1980,36.0
9/18/1980,36.0
9/19/1980,36.0
9/20/1980,36.0
9/21/1980,35.0
9/22/1980,34.0
9/23/1980,34.0
9/24/1980,33.0
9/25/1980,32.0
9/26/1980,31.0
9/27/1980,31.0
9/28/1980,31.0
9/29/1980,31.0
9/30/1980,30.0
10/1/1980,30.0
10/2/1980,30.0
10/3/1980,30.0
10/4/1980,30.0
10/5/1980,30.0
10/6/1980,30.0
10/7/1980,30.0
10/8/1980,30.0
10/9/1980,30.0
10/10/1980,30.0
10/11/1980,30.0
10/12/1980,40.0
10/13/1980,44.0
10/14/1980,45.0
10/15/1980,42.0
10/16/1980,36.0
10/17/1980,36.0
10/18/1980,36.0
10/19/1980,36.0
10/20/1980,36.0
10/21/1980,36.0
10/22/1980,35.0
10/23/1980,35.0
10/24/1980,35.0
10/25/1980,37.0
10/26/1980,47.0
10/27/1980,42.0
10/28/1980,38.0
10/29/1980,37.0
10/30/1980,37.0
10/31/1980,36.0
11/1/1980,36.0
11/2/1980,36.0
11/3/1980,36.0
11/4/1980,36.0
11/5/1980,37.0
11/6/1980,37.0
11/7/1980,43.0
11/8/1980,81.0
11/9/1980,54.0
11/10/1980,45.0
11/11/1980,41.0
11/12/1980,41.0
11/13/1980,41.0
11/14/1980,40.0
11/15/1980,39.0
11/16/1980,38.0
11/17/1980,38.0
11/18/1980,38.0
11/19/1980,38.0
11/20/1980,38.0
11/21/1980,38.0
11/22/1980,43.0
11/23/1980,45.0
11/24/1980,49.0
11/25/1980,45.0
11/26/1980,42.0
11/27/1980,42.0
11/28/1980,40.0
11/29/1980,40.0
11/30/1980,97.0
12/1/1980,80.0
12/2/1980,68.0
12/3/1980,255.0
12/4/1980,521.0
12/5/1980,161.0
12/6/1980,104.0
12/7/1980,85.0
12/8/1980,73.0
12/9/1980,67.0
12/10/1980,63.0
12/11/1980,60.0
12/12/1980,59.0
12/13/1980,57.0
12/14/1980,51.0
12/15/1980,50.0
12/16/1980,52.0
12/17/1980,54.0
12/18/1980,52.0
12/19/1980,51.0
12/20/1980,50.0
12/21/1980,59.0
12/22/1980,86.0
12/23/1980,71.0
12/24/1980,63.0
12/25/1980,59.0
12/26/1980,58.0
12/27/1980,57.0
12/28/1980,56.0
12/29/1980,54.0
12/30/1980,52.0
12/31/1980,52.0
1/1/1981,51.0
1/2/1981,49.0
1/3/1981,56.0
1/4/1981,81.0
1/5/1981,63.0
1/6/1981,57.0
1/7/1981,54.0
1/8/1981,52.0
1/9/1981,51.0
1/10/1981,50.0
1/11/1981,48.0
1/12/1981,48.0
1/13/1981,47.0
1/14/1981,46.0
1/15/1981,46.0
1/16/1981,53.0
1/17/1981,52.0
1/18/1981,52.0
1/19/1981,49.0
1/20/1981,49.0
1/21/1981,49.0
1/22/1981,50.0
1/23/1981,129.0
1/24/1981,169.0
1/25/1981,108.0
1/26/1981,87.0
1/27/1981,547.0
1/28/1981,758.0
1/29/1981,393.0
1/30/1981,259.0
1/31/1981,190.0
2/1/1981,158.0
2/2/1981,147.0
2/3/1981,141.0
2/4/1981,136.0
2/5/1981,135.0
2/6/1981,128.0
2/7/1981,120.0
2/8/1981,117.0
2/9/1981,117.0
2/10/1981,120.0
2/11/1981,131.0
2/12/1981,147.0
2/13/1981,202.0
2/14/1981,1120.0
2/15/1981,601.0
2/16/1981,417.0
2/17/1981,491.0
2/18/1981,402.0
2/19/1981,394.0
2/20/1981,451.0
2/21/1981,337.0
2/22/1981,283.0
2/23/1981,256.0
2/24/1981,301.0
2/25/1981,270.0
2/26/1981,242.0
2/27/1981,222.0
2/28/1981,211.0
3/1/1981,202.0
3/2/1981,198.0
3/3/1981,191.0
3/4/1981,229.0
3/5/1981,242.0
3/6/1981,221.0
3/7/1981,210.0
3/8/1981,199.0
3/9/1981,190.0
3/10/1981,187.0
3/11/1981,185.0
3/12/1981,182.0
3/13/1981,182.0
3/14/1981,177.0
3/15/1981,177.0
3/16/1981,197.0
3/17/1981,178.0
3/18/1981,170.0
3/19/1981,326.0
3/20/1981,404.0
3/21/1981,461.0
3/22/1981,513.0
3/23/1981,429.0
3/24/1981,389.0
3/25/1981,1060.0
3/26/1981,1110.0
3/27/1981,773.0
3/28/1981,626.0
3/29/1981,573.0
3/30/1981,507.0
3/31/1981,447.0
4/1/1981,446.0
4/2/1981,408.0
4/3/1981,371.0
4/4/1981,340.0
4/5/1981,330.0
4/6/1981,349.0
4/7/1981,355.0
4/8/1981,347.0
4/9/1981,341.0
4/10/1981,341.0
4/11/1981,335.0
4/12/1981,311.0
4/13/1981,283.0
4/14/1981,278.0
4/15/1981,300.0
4/16/1981,300.0
4/17/1981,300.0
4/18/1981,326.0
4/19/1981,433.0
4/20/1981,382.0
4/21/1981,344.0
4/22/1981,353.0
4/23/1981,398.0
4/24/1981,437.0
4/25/1981,433.0
4/26/1981,402.0
4/27/1981,332.0
4/28/1981,308.0
4/29/1981,347.0
4/30/1981,363.0
5/1/1981,378.0
5/2/1981,363.0
5/3/1981,297.0
5/4/1981,252.0
5/5/1981,217.0
5/6/1981,195.0
5/7/1981,175.0
5/8/1981,161.0
5/9/1981,152.0
5/10/1981,153.0
5/11/1981,148.0
5/12/1981,143.0
5/13/1981,138.0
5/14/1981,138.0
5/15/1981,147.0
5/16/1981,136.0
5/17/1981,122.0
5/18/1981,169.0
5/19/1981,248.0
5/20/1981,170.0
5/21/1981,146.0
5/22/1981,131.0
5/23/1981,120.0
5/24/1981,114.0
5/25/1981,141.0
5/26/1981,154.0
5/27/1981,152.0
5/28/1981,126.0
5/29/1981,115.0
5/30/1981,108.0
5/31/1981,103.0
6/1/1981,96.0
6/2/1981,93.0
6/3/1981,89.0
6/4/1981,84.0
6/5/1981,79.0
6/6/1981,75.0
6/7/1981,72.0
6/8/1981,71.0
6/9/1981,70.0
6/10/1981,67.0
6/11/1981,66.0
6/12/1981,65.0
6/13/1981,62.0
6/14/1981,60.0
6/15/1981,59.0
6/16/1981,60.0
6/17/1981,60.0
6/18/1981,58.0
6/19/1981,53.0
6/20/1981,50.0
6/21/1981,48.0
6/22/1981,46.0
6/23/1981,44.0
6/24/1981,43.0
6/25/1981,44.0
6/26/1981,44.0
6/27/1981,41.0
6/28/1981,40.0
6/29/1981,38.0
6/30/1981,37.0
7/1/1981,35.0
7/2/1981,37.0
7/3/1981,37.0
7/4/1981,37.0
7/5/1981,37.0
7/6/1981,38.0
7/7/1981,36.0
7/8/1981,34.0
7/9/1981,34.0
7/10/1981,33.0
7/11/1981,32.0
7/12/1981,31.0
7/13/1981,30.0
7/14/1981,28.0
7/15/1981,27.0
7/16/1981,26.0
7/17/1981,26.0
7/18/1981,26.0
7/19/1981,26.0
7/20/1981,25.0
7/21/1981,25.0
7/22/1981,24.0
7/23/1981,24.0
7/24/1981,24.0
7/25/1981,24.0
7/26/1981,24.0
7/27/1981,23.0
7/28/1981,23.0
7/29/1981,24.0
7/30/1981,25.0
7/31/1981,26.0
8/1/1981,28.0
8/2/1981,27.0
8/3/1981,28.0
8/4/1981,29.0
8/5/1981,29.0
8/6/1981,30.0
8/7/1981,28.0
8/8/1981,27.0
8/9/1981,26.0
8/10/1981,26.0
8/11/1981,25.0
8/12/1981,24.0
8/13/1981,24.0
8/14/1981,23.0
8/15/1981,30.0
8/16/1981,32.0
8/17/1981,31.0
8/18/1981,54.0
8/19/1981,31.0
8/20/1981,24.0
8/21/1981,23.0
8/22/1981,23.0
8/23/1981,22.0
8/24/1981,22.0
8/25/1981,22.0
8/26/1981,22.0
8/27/1981,22.0
8/28/1981,21.0
8/29/1981,21.0
8/30/1981,21.0
8/31/1981,21.0
9/1/1981,21.0
9/2/1981,21.0
9/3/1981,21.0
9/4/1981,21.0
9/5/1981,21.0
9/6/1981,21.0
9/7/1981,20.0
9/8/1981,20.0
9/9/1981,21.0
9/10/1981,21.0
9/11/1981,20.0
9/12/1981,20.0
9/13/1981,21.0
9/14/1981,21.0
9/15/1981,21.0
9/16/1981,21.0
9/17/1981,21.0
9/18/1981,21.0
9/19/1981,21.0
9/20/1981,21.0
9/21/1981,21.0
9/22/1981,21.0
9/23/1981,21.0
9/24/1981,23.0
9/25/1981,36.0
9/26/1981,31.0
9/27/1981,26.0
9/28/1981,29.0
9/29/1981,28.0
