Year,DS_Dur_WS,DS_Tim,DS_Mag_50,DS_Mag_90,FA_Dur,FA_Mag,FA_Tim,SP_ROC,SP_Dur,SP_Mag,SP_Tim,Wet_BFL_Dur,Wet_BFL_Mag_10,Wet_BFL_Mag_50,Wet_Tim,Peak_Tim_10,Peak_Tim_2,Peak_Tim_5,Peak_Dur_10,Peak_Dur_2,Peak_Dur_5,Peak_10,Peak_2,Peak_5,Peak_Fre_10,Peak_Fre_2,Peak_Fre_5
1931,231,218,0,0.1,NA,NA,NA,0.21363636363636365,78,13,140,22,0,1.85,118,NA,NA,NA,NA,NA,NA,801.9000000000001,52.85,380.0000000000001,NA,NA,NA
1932,NA,179,NA,NA,16,3.1415049030439954,52,0.1111111111111111,35,208,144,61,0.4,1.9,83,131,130,130,1,25,2,801.9000000000001,52.85,380.0000000000001,1,4,1
1933,NA,250,NA,NA,5,81.74095086550147,8,0.09090909090909098,125,6,125,NA,NA,NA,NA,NA,8,NA,NA,1,NA,801.9000000000001,52.85,380.0000000000001,NA,1,NA
1934,NA,NA,NA,NA,NA,NA,NA,NA,NA,NA,NA,NA,NA,NA,NA,NA,NA,NA,NA,NA,NA,NA,NA,NA,NA,NA,NA
1935,171,313,0,0.2,NA,NA,NA,0.14285714285714282,120,14,193,101,0.6,1.6,92,NA,NA,NA,NA,NA,NA,801.9000000000001,52.85,380.0000000000001,NA,NA,NA
1936,132,314,0,0,NA,NA,NA,0.12727272727272732,122,11,192,74,0.3,1.5,118,NA,140,NA,NA,3,NA,801.9000000000001,52.85,380.0000000000001,NA,3,NA
1937,247,253,0.8,2.880000000000001,NA,NA,NA,0.05555555555555555,77,161,176,96,5.75,33,80,128,128,128,1,48,2,801.9000000000001,52.85,380.0000000000001,1,3,1
1938,125,310,0.7,1.1,6,4.4764267423325395,72,0.09090909090909091,152,224,158,24,2.6,4.65,134,153,156.5,152,1,7,2,801.9000000000001,52.85,380.0000000000001,1,2,1
1939,203,249,0.1,1.2,NA,NA,NA,0.09090909090909091,113,28,136,67,2.2,7,69,NA,359,NA,NA,1,NA,801.9000000000001,52.85,380.0000000000001,NA,1,NA
1940,201,238,0,0,11,1.5409149924109642,0,0.15384615384615383,106,22,132,46,0.5,5.5,86,NA,112.5,NA,NA,2,NA,801.9000000000001,52.85,380.0000000000001,NA,2,NA
1941,NA,330,NA,NA,NA,NA,NA,0.10909090909090903,162,207,168,95,0.8,12,73,84,162,84,1,41,1,801.9000000000001,52.85,380.0000000000001,1,10,1
1942,NA,NA,NA,NA,NA,NA,NA,NA,NA,NA,NA,NA,NA,NA,NA,NA,NA,NA,NA,NA,NA,NA,NA,NA,NA,NA,NA
1943,NA,NA,NA,NA,NA,NA,NA,NA,NA,NA,NA,NA,NA,NA,NA,NA,NA,NA,NA,NA,NA,NA,NA,NA,NA,NA,NA
1944,NA,NA,NA,NA,NA,NA,NA,NA,NA,NA,NA,NA,NA,NA,NA,NA,NA,NA,NA,NA,NA,NA,NA,NA,NA,NA,NA
1945,NA,NA,NA,NA,NA,NA,NA,NA,NA,NA,NA,NA,NA,NA,NA,NA,NA,NA,NA,NA,NA,NA,NA,NA,NA,NA,NA
1946,NA,NA,NA,NA,NA,NA,NA,NA,NA,NA,NA,NA,NA,NA,NA,NA,NA,NA,NA,NA,NA,NA,NA,NA,NA,NA,NA
1947,NA,NA,NA,NA,NA,NA,NA,NA,NA,NA,NA,NA,NA,NA,NA,NA,NA,NA,NA,NA,NA,NA,NA,NA,NA,NA,NA
1948,145,315,0,0.1,NA,NA,NA,0.23611111111111116,125,1.2,190,85,0,0.7,105,NA,NA,NA,NA,NA,NA,801.9000000000001,52.85,380.0000000000001,NA,NA,NA
1949,NA,270,NA,NA,NA,NA,NA,0.12019230769230779,71,4.6,199,105,1.44,3.7,94,NA,NA,NA,NA,NA,NA,801.9000000000001,52.85,380.0000000000001,NA,NA,NA
1950,NA,NA,NA,NA,NA,NA,NA,NA,NA,NA,NA,NA,NA,NA,NA,NA,NA,NA,NA,NA,NA,NA,NA,NA,NA,NA,NA
1951,NA,NA,NA,NA,NA,NA,NA,NA,NA,NA,NA,NA,NA,NA,NA,NA,NA,NA,NA,NA,NA,NA,NA,NA,NA,NA,NA
1952,116,314,0,0.5,NA,NA,NA,0.1191683569979716,142,68,172,92,0.09999999999999964,4.4,80,NA,137,NA,NA,13,NA,801.9000000000001,52.85,380.0000000000001,NA,4,NA
1953,NA,197,NA,NA,4,6.7730987972672025,46,0.16666666666666663,102,10,95,31,0.5,3.2,64,NA,77,NA,NA,1,NA,801.9000000000001,52.85,380.0000000000001,NA,1,NA
1954,NA,NA,NA,NA,NA,NA,NA,NA,NA,NA,NA,NA,NA,NA,NA,NA,NA,NA,NA,NA,NA,NA,NA,NA,NA,NA,NA
1955,NA,NA,NA,NA,NA,NA,NA,NA,NA,NA,NA,NA,NA,NA,NA,NA,NA,NA,NA,NA,NA,NA,NA,NA,NA,NA,NA
1956,NA,NA,NA,NA,NA,NA,NA,NA,NA,NA,NA,NA,NA,NA,NA,NA,NA,NA,NA,NA,NA,NA,NA,NA,NA,NA,NA
1957,NA,NA,NA,NA,NA,NA,NA,NA,NA,NA,NA,NA,NA,NA,NA,NA,NA,NA,NA,NA,NA,NA,NA,NA,NA,NA,NA
1958,NA,331,NA,NA,NA,NA,NA,0.1213235294117647,142,290,189,36,1.5,24,153,NA,174,184,NA,14,1,801.9000000000001,52.85,380.0000000000001,NA,4,1
1959,NA,NA,NA,NA,NA,NA,NA,NA,NA,NA,NA,NA,NA,NA,NA,NA,NA,NA,NA,NA,NA,NA,NA,NA,NA,NA,NA
1960,NA,NA,NA,NA,NA,NA,NA,NA,NA,NA,NA,NA,NA,NA,NA,NA,NA,NA,NA,NA,NA,NA,NA,NA,NA,NA,NA
1961,NA,NA,NA,NA,NA,NA,NA,NA,NA,NA,NA,NA,NA,NA,NA,NA,NA,NA,NA,NA,NA,NA,NA,NA,NA,NA,NA
1962,NA,NA,NA,NA,NA,NA,NA,NA,NA,NA,NA,NA,NA,NA,NA,NA,NA,NA,NA,NA,NA,NA,NA,NA,NA,NA,NA
1963,NA,NA,NA,NA,NA,NA,NA,NA,NA,NA,NA,NA,NA,NA,NA,NA,NA,NA,NA,NA,NA,NA,NA,NA,NA,NA,NA
1964,NA,NA,NA,NA,NA,NA,NA,NA,NA,NA,NA,NA,NA,NA,NA,NA,NA,NA,NA,NA,NA,NA,NA,NA,NA,NA,NA
1965,NA,NA,NA,NA,NA,NA,NA,NA,NA,NA,NA,NA,NA,NA,NA,NA,NA,NA,NA,NA,NA,NA,NA,NA,NA,NA,NA
1966,103,317,0,0,NA,NA,NA,0.10526315789473688,223,46,94,54,0,3.35,40,NA,64,NA,NA,3,NA,801.9000000000001,52.85,380.0000000000001,NA,2,NA
1967,87,345,0,0,NA,NA,NA,0.18181818181818185,274,189,71,17,0,0,54,NA,66,NA,NA,2,NA,801.9000000000001,52.85,380.0000000000001,NA,1,NA
1968,155,317,0,0,NA,NA,NA,0.33333333333333326,233,8.5,84,18,0,0,66,NA,NA,NA,NA,NA,NA,801.9000000000001,52.85,380.0000000000001,NA,NA,NA
1969,296,209,0,0.79,NA,NA,NA,0.06458333333333333,56,90,153,47,1.4,11,106,NA,128,116,NA,10,1,801.9000000000001,52.85,380.0000000000001,NA,3,1
1970,NA,218,NA,NA,NA,NA,NA,0.16666666666666666,61,12,157,18,0,0.02,139,NA,152,NA,NA,1,NA,801.9000000000001,52.85,380.0000000000001,NA,1,NA
1971,NA,NA,NA,NA,NA,NA,NA,NA,NA,NA,NA,NA,NA,NA,NA,NA,NA,NA,NA,NA,NA,NA,NA,NA,NA,NA,NA
1972,NA,NA,NA,NA,NA,NA,NA,NA,NA,NA,NA,NA,NA,NA,NA,NA,NA,NA,NA,NA,NA,NA,NA,NA,NA,NA,NA
1973,NA,235,NA,NA,NA,NA,NA,0.14583333333333337,59,13,176,57,0.2,2.7,119,NA,133,NA,NA,1,NA,801.9000000000001,52.85,380.0000000000001,NA,1,NA
1974,NA,NA,NA,NA,NA,NA,NA,NA,NA,NA,NA,NA,NA,NA,NA,NA,NA,NA,NA,NA,NA,NA,NA,NA,NA,NA,NA
1975,NA,NA,NA,NA,NA,NA,NA,NA,NA,NA,NA,NA,NA,NA,NA,NA,NA,NA,NA,NA,NA,NA,NA,NA,NA,NA,NA
1976,NA,NA,NA,NA,NA,NA,NA,NA,NA,NA,NA,NA,NA,NA,NA,NA,NA,NA,NA,NA,NA,NA,NA,NA,NA,NA,NA
1977,NA,NA,NA,NA,NA,NA,NA,NA,NA,NA,NA,NA,NA,NA,NA,NA,NA,NA,NA,NA,NA,NA,NA,NA,NA,NA,NA
1978,208,227,0,0.7630000000000001,NA,NA,NA,0.125,68,440,159,75,0.25600000000000017,20,84,NA,105,155,NA,32,1,801.9000000000001,52.85,380.0000000000001,NA,5,1
1979,150,332,0.2,2,NA,NA,NA,0.15000000000000002,147,83,185,116,1.2,19.5,69,NA,129,292,NA,20,1,801.9000000000001,52.85,380.0000000000001,NA,7,1
1980,276,203,3.2,12,5,1.537505914599269,61,0.05714285714285714,55,473,148,32,2.18,42.5,116,141,120,136,3,50,11,801.9000000000001,52.85,380.0000000000001,2,3,3
1981,226,227,0.4,1.3,28,8.944520495293208,64,0.08571428571428566,68,20,159,46,3.3,5.6,113,NA,NA,NA,NA,NA,NA,801.9000000000001,52.85,380.0000000000001,NA,NA,NA
1982,95,327,0.1,1.4200000000000017,10,1.2983409617482407,57,0.13043478260869565,141,77,186,99,1.7,6.4,87,NA,168,NA,NA,8,NA,801.9000000000001,52.85,380.0000000000001,NA,5,NA
1983,68,335,5.9,6.86,NA,NA,NA,0.06976744186046507,176,229,159,103,2.94,14,56,NA,145.5,151,NA,57,6,801.9000000000001,52.85,380.0000000000001,NA,12,3
1984,68,339,1.1,1.2300000000000004,NA,NA,NA,0.11602564102564103,247,23,92,55,5.7,6.8,37,NA,192.5,NA,NA,3,NA,801.9000000000001,52.85,380.0000000000001,NA,2,NA
1985,106,309,0,0,NA,NA,NA,0.10102040816326527,206,45,103,62,1.6,3.5,41,NA,NA,NA,NA,NA,NA,801.9000000000001,52.85,380.0000000000001,NA,NA,NA
1986,NA,307,NA,NA,NA,NA,NA,0.08166666666666669,137,439,170,121,0.51,2.4,49,137,160,151.5,1,9,2,801.9000000000001,52.85,380.0000000000001,1,5,2
1987,NA,218,NA,NA,8,3.984890809887632,9,0.16987179487179488,56,2.5,162,NA,NA,NA,NA,NA,NA,NA,NA,NA,NA,801.9000000000001,52.85,380.0000000000001,NA,NA,NA
1988,NA,NA,NA,NA,NA,NA,NA,NA,NA,NA,NA,NA,NA,NA,NA,NA,NA,NA,NA,NA,NA,NA,NA,NA,NA,NA,NA
1989,NA,NA,NA,NA,NA,NA,NA,NA,NA,NA,NA,NA,NA,NA,NA,NA,NA,NA,NA,NA,NA,NA,NA,NA,NA,NA,NA
1990,NA,NA,NA,NA,NA,NA,NA,NA,NA,NA,NA,NA,NA,NA,NA,NA,NA,NA,NA,NA,NA,NA,NA,NA,NA,NA,NA
1991,NA,NA,NA,NA,NA,NA,NA,NA,NA,NA,NA,NA,NA,NA,NA,NA,NA,NA,NA,NA,NA,NA,NA,NA,NA,NA,NA
1992,NA,NA,NA,NA,NA,NA,NA,NA,NA,NA,NA,NA,NA,NA,NA,NA,NA,NA,NA,NA,NA,NA,NA,NA,NA,NA,NA
1993,275,199,0.21,8.319999999999999,NA,NA,NA,0.06559139784946236,52,298,147,58,1.1219999999999999,59,89,107,122,107,3,45,7,801.9000000000001,52.85,380.0000000000001,3,5,3
1994,121,332,0.12,0.44,9,1.3212419227821592,44,0.30555555555555547,13,6.5,319,211,0,0.25,108,NA,221,NA,NA,2,NA,801.9000000000001,52.85,380.0000000000001,NA,2,NA
1995,181,194,1.5,12,NA,NA,NA,0.06363636363636363,29,670,165,78,4.51,14,87,NA,153.5,158,NA,28,3,801.9000000000001,52.85,380.0000000000001,NA,8,2
1996,140,310,0,0.0010000000000000852,NA,NA,NA,0.11596638655462181,141,8.2,169,160,0.359,1.4,9,NA,NA,NA,NA,NA,NA,801.9000000000001,52.85,380.0000000000001,NA,NA,NA
1997,180,304,0,1.4,NA,NA,NA,0.1538461538461538,183,18,121,37,0.24800000000000003,1.5,84,NA,NA,NA,NA,NA,NA,801.9000000000001,52.85,380.0000000000001,NA,NA,NA
1998,128,270,0,0.005999999999999943,22,4.506510378686954,68,0.078125,120,141,150,32,1.3,27,118,NA,157,NA,NA,8,NA,801.9000000000001,52.85,380.0000000000001,NA,4,NA
1999,NA,312,NA,NA,NA,NA,NA,NA,24,28,288,256,0,0,32,NA,NA,NA,NA,NA,NA,801.9000000000001,52.85,380.0000000000001,NA,NA,NA
2000,NA,NA,NA,NA,NA,NA,NA,NA,NA,NA,NA,NA,NA,NA,NA,NA,NA,NA,NA,NA,NA,NA,NA,NA,NA,NA,NA
2001,NA,NA,NA,NA,NA,NA,NA,NA,NA,NA,NA,NA,NA,NA,NA,NA,NA,NA,NA,NA,NA,NA,NA,NA,NA,NA,NA
2002,NA,NA,NA,NA,NA,NA,NA,NA,NA,NA,NA,NA,NA,NA,NA,NA,NA,NA,NA,NA,NA,NA,NA,NA,NA,NA,NA
2003,NA,NA,NA,NA,NA,NA,NA,NA,NA,NA,NA,NA,NA,NA,NA,NA,NA,NA,NA,NA,NA,NA,NA,NA,NA,NA,NA
2004,NA,NA,NA,NA,NA,NA,NA,NA,NA,NA,NA,NA,NA,NA,NA,NA,NA,NA,NA,NA,NA,NA,NA,NA,NA,NA,NA
2005,53,322,0,0.010000000000000002,9,6.974958853230322,26,0.0674242424242424,171,163,151,68,7.897,22.5,83,102,127,101,1,25,2,801.9000000000001,52.85,380.0000000000001,1,4,1
2006,NA,203,NA,NA,NA,NA,NA,0.09677419354838701,182,350,21,12,0,0,9,NA,17,NA,NA,1,NA,801.9000000000001,52.85,380.0000000000001,NA,1,NA
2007,NA,NA,NA,NA,NA,NA,NA,NA,NA,NA,NA,NA,NA,NA,NA,NA,NA,NA,NA,NA,NA,NA,NA,NA,NA,NA,NA
2008,NA,311,NA,NA,20,25.701911873328026,61,0.10338554880221094,181,15.6,130,41,0,2.72,89,NA,NA,NA,NA,NA,NA,801.9000000000001,52.85,380.0000000000001,NA,NA,NA
2009,NA,NA,NA,NA,NA,NA,NA,NA,NA,NA,NA,NA,NA,NA,NA,NA,NA,NA,NA,NA,NA,NA,NA,NA,NA,NA,NA
2010,233,203,0,0.6240000000000003,NA,NA,NA,0.06929347826086965,84,110,119,19,0,9.17,100,NA,111,NA,NA,8,NA,801.9000000000001,52.85,380.0000000000001,NA,1,NA
2011,NA,216,NA,NA,NA,NA,NA,0.06021367266065289,64,42.2,152,82,0,3.99,70,NA,111.5,NA,NA,4,NA,801.9000000000001,52.85,380.0000000000001,NA,2,NA
2012,NA,NA,NA,NA,NA,NA,NA,NA,NA,NA,NA,NA,NA,NA,NA,NA,NA,NA,NA,NA,NA,NA,NA,NA,NA,NA,NA
2013,NA,NA,NA,NA,NA,NA,NA,NA,NA,NA,NA,NA,NA,NA,NA,NA,NA,NA,NA,NA,NA,NA,NA,NA,NA,NA,NA
2014,106,315,0,0,NA,NA,NA,0.47619047619047616,160,29,155,26,0.03,0.065,129,NA,NA,NA,NA,NA,NA,801.9000000000001,52.85,380.0000000000001,NA,NA,NA
2015,257,194,0,0,NA,NA,NA,0.6662958843159066,38,1.23,156,101,0,0.11,55,NA,NA,NA,NA,NA,NA,801.9000000000001,52.85,380.0000000000001,NA,NA,NA
2016,319,148,0,0.12,NA,NA,NA,0.08333333333333327,45,5.29,103,18,0,0,85,NA,98,NA,NA,1,NA,801.9000000000001,52.85,380.0000000000001,NA,1,NA
2017,NA,315,NA,NA,NA,NA,NA,0.07770270270270273,160,131,155,54,0.8440000000000002,8.969999999999999,101,NA,130,NA,NA,10,NA,801.9000000000001,52.85,380.0000000000001,NA,2,NA
2018,NA,NA,NA,NA,NA,NA,NA,NA,NA,NA,NA,NA,NA,NA,NA,NA,NA,NA,NA,NA,NA,NA,NA,NA,NA,NA,NA
2019,256,263,0,0.88,NA,NA,NA,0.06122448979591831,122,367,141,21,0.13,9.02,120,136,139.5,136,1,6,1,801.9000000000001,52.85,380.0000000000001,1,2,1
2020,286,233,0,0.82,3,2.5183807578891235,59,0.12994350282485875,36,64,197,44,0.363,3.7,153,NA,178,NA,NA,2,NA,801.9000000000001,52.85,380.0000000000001,NA,2,NA
