metric,status_code,status,alteration_type,median_in_iqr,comid
DS_Dur_WS,0,indeterminate,high,FALSE,8922715
DS_Tim,1,likely_unaltered,none_found,TRUE,8922715
DS_Mag_50,1,likely_unaltered,none_found,TRUE,8922715
DS_Mag_90,1,likely_unaltered,none_found,TRUE,8922715
FA_Mag,1,likely_unaltered,none_found,TRUE,8922715
FA_Tim,0,indeterminate,unknown,TRUE,8922715
SP_Dur,1,likely_unaltered,none_found,TRUE,8922715
SP_Mag,0,indeterminate,unknown,TRUE,8922715
SP_Tim,1,likely_unaltered,none_found,TRUE,8922715
Wet_BFL_Dur,0,indeterminate,unknown,TRUE,8922715
Wet_BFL_Mag_10,1,likely_unaltered,none_found,FALSE,8922715
Wet_BFL_Mag_50,1,likely_unaltered,none_found,TRUE,8922715
Wet_Tim,0,indeterminate,late,FALSE,8922715
Peak_10,1,likely_unaltered,none_found,FALSE,8922715
Peak_2,1,likely_unaltered,none_found,TRUE,8922715
Peak_5,1,likely_unaltered,none_found,TRUE,8922715
