Year,DS_Dur_WS,DS_Tim,DS_Mag_50,DS_Mag_90,FA_Dur,FA_Mag,FA_Tim,SP_ROC,SP_Dur,SP_Mag,SP_Tim,Wet_BFL_Dur,Wet_BFL_Mag_10,Wet_BFL_Mag_50,Wet_Tim,Peak_Tim_10,Peak_Tim_2,Peak_Tim_5,Peak_Dur_10,Peak_Dur_2,Peak_Dur_5,Peak_10,Peak_2,Peak_5,Peak_Fre_10,Peak_Fre_2,Peak_Fre_5
1901,144,330,50,85,3,70.00743783400985,19,0.12244897959183673,102,870,228,96,121,187,132,NA,221,NA,NA,6,NA,1618.0000000000002,611,1082,NA,1,NA
1902,222,320,42,69,NA,NA,NA,0.12790697674418605,50,318,270,162,97.20000000000002,213,108,NA,NA,NA,NA,NA,NA,1618.0000000000002,611,1082,NA,NA,NA
1903,163,336,48,74,NA,NA,NA,0.057971014492753624,84,448,252,76,98,313,176,NA,NA,NA,NA,NA,NA,1618.0000000000002,611,1082,NA,NA,NA
1904,182,326,68,100.9,6,97.83721131000026,45,0.047619047619047616,93,860,233,100,100.80000000000001,190,133,NA,207.5,NA,NA,20,NA,1618.0000000000002,611,1082,NA,2,NA
1905,219,335,50,79.60000000000005,3,102.00467757528153,10,0.05714285714285714,101,365,234,92,99,144.5,142,NA,NA,NA,NA,NA,NA,1618.0000000000002,611,1082,NA,NA,NA
1906,175,350,69,129,NA,NA,NA,0.06751302083333333,89,1010,261,73,91.2,610,188,NA,242.5,214,NA,41,11,1618.0000000000002,611,1082,NA,4,1
1907,NA,360,NA,NA,7,124.99398121159842,35,0.08571428571428572,85,1020,275,116,182,610.5,159,NA,215,228,NA,63,5,1618.0000000000002,611,1082,NA,10,1
1908,NA,NA,NA,NA,NA,NA,NA,NA,NA,NA,NA,NA,NA,NA,NA,NA,NA,NA,NA,NA,NA,NA,NA,NA,NA,NA,NA
1909,NA,NA,NA,NA,NA,NA,NA,NA,NA,NA,NA,NA,NA,NA,NA,NA,NA,NA,NA,NA,NA,NA,NA,NA,NA,NA,NA
1910,NA,NA,NA,NA,NA,NA,NA,NA,NA,NA,NA,NA,NA,NA,NA,NA,NA,NA,NA,NA,NA,NA,NA,NA,NA,NA,NA
1911,NA,NA,NA,NA,NA,NA,NA,NA,NA,NA,NA,NA,NA,NA,NA,NA,NA,NA,NA,NA,NA,NA,NA,NA,NA,NA,NA
1912,NA,NA,NA,NA,NA,NA,NA,NA,NA,NA,NA,NA,NA,NA,NA,NA,NA,NA,NA,NA,NA,NA,NA,NA,NA,NA,NA
1913,NA,NA,NA,NA,NA,NA,NA,NA,NA,NA,NA,NA,NA,NA,NA,NA,NA,NA,NA,NA,NA,NA,NA,NA,NA,NA,NA
1914,NA,NA,NA,NA,NA,NA,NA,NA,NA,NA,NA,NA,NA,NA,NA,NA,NA,NA,NA,NA,NA,NA,NA,NA,NA,NA,NA
1915,NA,NA,NA,NA,NA,NA,NA,NA,NA,NA,NA,NA,NA,NA,NA,NA,NA,NA,NA,NA,NA,NA,NA,NA,NA,NA,NA
1916,NA,NA,NA,NA,NA,NA,NA,NA,NA,NA,NA,NA,NA,NA,NA,NA,NA,NA,NA,NA,NA,NA,NA,NA,NA,NA,NA
1917,NA,NA,NA,NA,NA,NA,NA,NA,NA,NA,NA,NA,NA,NA,NA,NA,NA,NA,NA,NA,NA,NA,NA,NA,NA,NA,NA
1918,NA,NA,NA,NA,NA,NA,NA,NA,NA,NA,NA,NA,NA,NA,NA,NA,NA,NA,NA,NA,NA,NA,NA,NA,NA,NA,NA
1919,NA,NA,NA,NA,NA,NA,NA,NA,NA,NA,NA,NA,NA,NA,NA,NA,NA,NA,NA,NA,NA,NA,NA,NA,NA,NA,NA
1920,NA,NA,NA,NA,NA,NA,NA,NA,NA,NA,NA,NA,NA,NA,NA,NA,NA,NA,NA,NA,NA,NA,NA,NA,NA,NA,NA
1921,NA,NA,NA,NA,NA,NA,NA,NA,NA,NA,NA,NA,NA,NA,NA,NA,NA,NA,NA,NA,NA,NA,NA,NA,NA,NA,NA
1922,NA,NA,NA,NA,NA,NA,NA,NA,NA,NA,NA,NA,NA,NA,NA,NA,NA,NA,NA,NA,NA,NA,NA,NA,NA,NA,NA
1923,NA,NA,NA,NA,NA,NA,NA,NA,NA,NA,NA,NA,NA,NA,NA,NA,NA,NA,NA,NA,NA,NA,NA,NA,NA,NA,NA
1924,NA,NA,NA,NA,NA,NA,NA,NA,NA,NA,NA,NA,NA,NA,NA,NA,NA,NA,NA,NA,NA,NA,NA,NA,NA,NA,NA
1925,NA,NA,NA,NA,NA,NA,NA,NA,NA,NA,NA,NA,NA,NA,NA,NA,NA,NA,NA,NA,NA,NA,NA,NA,NA,NA,NA
1926,NA,NA,NA,NA,NA,NA,NA,NA,NA,NA,NA,NA,NA,NA,NA,NA,NA,NA,NA,NA,NA,NA,NA,NA,NA,NA,NA
1927,NA,NA,NA,NA,NA,NA,NA,NA,NA,NA,NA,NA,NA,NA,NA,NA,NA,NA,NA,NA,NA,NA,NA,NA,NA,NA,NA
1928,NA,NA,NA,NA,NA,NA,NA,NA,NA,NA,NA,NA,NA,NA,NA,NA,NA,NA,NA,NA,NA,NA,NA,NA,NA,NA,NA
1929,NA,NA,NA,NA,NA,NA,NA,NA,NA,NA,NA,NA,NA,NA,NA,NA,NA,NA,NA,NA,NA,NA,NA,NA,NA,NA,NA
1930,NA,NA,NA,NA,NA,NA,NA,NA,NA,NA,NA,NA,NA,NA,NA,NA,NA,NA,NA,NA,NA,NA,NA,NA,NA,NA,NA
1931,NA,NA,NA,NA,NA,NA,NA,NA,NA,NA,NA,NA,NA,NA,NA,NA,NA,NA,NA,NA,NA,NA,NA,NA,NA,NA,NA
1932,NA,NA,NA,NA,NA,NA,NA,NA,NA,NA,NA,NA,NA,NA,NA,NA,NA,NA,NA,NA,NA,NA,NA,NA,NA,NA,NA
1933,NA,NA,NA,NA,NA,NA,NA,NA,NA,NA,NA,NA,NA,NA,NA,NA,NA,NA,NA,NA,NA,NA,NA,NA,NA,NA,NA
1934,NA,NA,NA,NA,NA,NA,NA,NA,NA,NA,NA,NA,NA,NA,NA,NA,NA,NA,NA,NA,NA,NA,NA,NA,NA,NA,NA
1935,NA,NA,NA,NA,NA,NA,NA,NA,NA,NA,NA,NA,NA,NA,NA,NA,NA,NA,NA,NA,NA,NA,NA,NA,NA,NA,NA
1936,NA,NA,NA,NA,NA,NA,NA,NA,NA,NA,NA,NA,NA,NA,NA,NA,NA,NA,NA,NA,NA,NA,NA,NA,NA,NA,NA
1937,NA,NA,NA,NA,NA,NA,NA,NA,NA,NA,NA,NA,NA,NA,NA,NA,NA,NA,NA,NA,NA,NA,NA,NA,NA,NA,NA
1938,NA,NA,NA,NA,NA,NA,NA,NA,NA,NA,NA,NA,NA,NA,NA,NA,NA,NA,NA,NA,NA,NA,NA,NA,NA,NA,NA
1939,233,302,22,43,3,45.220246623578745,8,0.06757990867579908,96,262,206,44,29.2,165.5,162,NA,NA,NA,NA,NA,NA,1618.0000000000002,611,1082,NA,NA,NA
1940,214,342,25,54.70000000000002,NA,NA,NA,0.05263157894736842,114,658,228,59,110.60000000000001,274,169,NA,218.5,NA,NA,4,NA,1618.0000000000002,611,1082,NA,2,NA
1941,210,341,46,89.1,NA,NA,NA,0.052407737686925505,109,671,232,42,69,328,190,NA,222,NA,NA,10,NA,1618.0000000000002,611,1082,NA,2,NA
1942,227,311,45,82.4,2,99.96836437520048,32,0.058846248918551475,59,723,252,67,183.2,342,185,NA,241.5,NA,NA,13,NA,1618.0000000000002,611,1082,NA,4,NA
1943,261,303,24,53,2,169.93572915992493,48,0.04257246376811594,56,618,247,75,155.4,354,172,NA,226,NA,NA,6,NA,1618.0000000000002,611,1082,NA,4,NA
1944,268,287,29,59,NA,NA,NA,0.07142857142857142,49,352,238,40,62.900000000000006,243,198,NA,NA,NA,NA,NA,NA,1618.0000000000002,611,1082,NA,NA,NA
1945,252,300,42,76.80000000000001,2,53.97519982789604,30,0.061745125607710935,75,739,225,36,56.5,465.5,189,NA,214,NA,NA,11,NA,1618.0000000000002,611,1082,NA,2,NA
1946,236,289,24,41,3,285.7522032342756,29,0.048186188811188815,68,584,221,35,89.2,491,186,NA,206,NA,NA,1,NA,1618.0000000000002,611,1082,NA,1,NA
1947,276,282,21,29.5,6,50.0221807173753,0,0.08235797887524979,64,494,218,59,42.00000000000001,104,159,NA,NA,NA,NA,NA,NA,1618.0000000000002,611,1082,NA,NA,NA
1948,244,303,16,26,3,63.940249817691424,16,0.06481535499679132,61,476,242,50,69.20000000000002,250,192,NA,NA,NA,NA,NA,NA,1618.0000000000002,611,1082,NA,NA,NA
1949,244,287,18,37.400000000000034,5,40.97949807919463,32,0.06132665832290363,58,678,229,48,28.800000000000004,313.5,181,NA,225,NA,NA,1,NA,1618.0000000000002,611,1082,NA,1,NA
1950,101,298,30,56,NA,NA,NA,0.06574074074074074,59,592,239,74,48.3,207,165,NA,227,NA,NA,1,NA,1618.0000000000002,611,1082,NA,1,NA
1951,272,284,29,46.900000000000006,NA,NA,NA,0.0605552645364065,217,1880,67,34,30,134.5,33,56,63,63,4,8,6,1618.0000000000002,611,1082,2,3,3
1952,217,327,36,58,NA,NA,NA,0.04906204906204906,84,836,243,53,160,683,190,NA,213,NA,NA,40,NA,1618.0000000000002,611,1082,NA,3,NA
1953,240,307,29,58,NA,NA,NA,0.044585987261146494,42,488,265,87,106,271,178,NA,208,NA,NA,1,NA,1618.0000000000002,611,1082,NA,1,NA
1954,277,275,21,36,NA,NA,NA,0.05128205128205128,41,325,234,53,76,282,181,NA,NA,NA,NA,NA,NA,1618.0000000000002,611,1082,NA,NA,NA
1955,138,302,19,29,NA,NA,NA,0.059114735002912054,47,362,255,69,81,221,186,NA,NA,NA,NA,NA,NA,1618.0000000000002,611,1082,NA,NA,NA
1956,223,313,38,66,NA,NA,NA,0.05970063459946657,67,615,246,172,64,142,74,83,229,83,1,10,1,1618.0000000000002,611,1082,1,4,1
1957,267,287,23,44,4,62.94954463997894,26,0.06936416184971098,39,468,248,78,83.80000000000001,239.5,170,NA,NA,NA,NA,NA,NA,1618.0000000000002,611,1082,NA,NA,NA
1958,206,314,27.5,46.5,NA,NA,NA,0.06316170184783323,81,1100,233,45,48.2,280,188,NA,216,229,NA,26,1,1618.0000000000002,611,1082,NA,1,1
1959,231,296,17,27,NA,NA,NA,0.06976744186046512,68,218,228,74,49.900000000000006,155,154,NA,NA,NA,NA,NA,NA,1618.0000000000002,611,1082,NA,NA,NA
1960,230,304,14,23,NA,NA,NA,0.07017543859649122,75,242,229,68,39.4,145,161,NA,NA,NA,NA,NA,NA,1618.0000000000002,611,1082,NA,NA,NA
1961,196,343,15,20,NA,NA,NA,0.08620689655172414,91,112,252,84,39,114.5,168,NA,NA,NA,NA,NA,NA,1618.0000000000002,611,1082,NA,NA,NA
1962,167,311,28,44,NA,NA,NA,0.055944055944055944,91,537,220,47,27.400000000000002,300,173,NA,NA,NA,NA,NA,NA,1618.0000000000002,611,1082,NA,NA,NA
1963,183,358,35,49,4,184.9923963014009,12,0.06168478260869566,95,530,263,151,50,102,112,123,122,122,1,3,2,1618.0000000000002,611,1082,1,1,1
1964,92,341,14,25.900000000000006,9,66.97886337358374,10,0.07857142857142857,105,288,236,61,47,176,175,NA,NA,NA,NA,NA,NA,1618.0000000000002,611,1082,NA,NA,NA
1965,151,372,34,46,NA,NA,NA,0.068620527306968,127,548,245,178,79,109,67,83,208,83,2,12,2,1618.0000000000002,611,1082,1,3,1
1966,232,344,35.5,66,3,115.73541419653966,48,0.07229965156794424,107,269,237,86,42,232,151,NA,NA,NA,NA,NA,NA,1618.0000000000002,611,1082,NA,NA,NA
1967,189,314,40,64.40000000000003,2,149.8989247640949,59,0.06097560975609756,42,652,272,62,69.30000000000001,495,210,NA,265,234,NA,14,1,1618.0000000000002,611,1082,NA,3,1
1968,197,343,33,45,6,128.81297510015733,2,0.08333333333333333,123,318,220,83,51.2,154,137,NA,NA,NA,NA,NA,NA,1618.0000000000002,611,1082,NA,NA,NA
1969,112,357,33,49.900000000000006,6,101.86034502428052,33,0.05555555555555555,115,912,242,68,140.4,388,174,NA,218,NA,NA,33,NA,1618.0000000000002,611,1082,NA,1,NA
1970,182,352,35,76,6,117.94186498681623,15,0.05429864253393665,111,409,241,138,74.7,154,103,NA,113,NA,NA,1,NA,1618.0000000000002,611,1082,NA,1,NA
1971,208,304,31,56,4,138.73417713530515,55,0.04839968774395004,50,395,254,86,118.5,271.5,168,NA,NA,NA,NA,NA,NA,1618.0000000000002,611,1082,NA,NA,NA
1972,248,301,37,52,9,56.00277379883678,0,0.060706764938141616,55,271,246,100,109,177,146,NA,NA,NA,NA,NA,NA,1618.0000000000002,611,1082,NA,NA,NA
1973,115,284,30,60.60000000000001,4,56.9921643269772,1,0.056831228473019524,52,665,232,49,103.20000000000002,300,183,NA,226,NA,NA,5,NA,1618.0000000000002,611,1082,NA,1,NA
1974,274,298,28,59.400000000000034,NA,NA,NA,0.05372555846726163,56,700,242,209,52,88,33,NA,220,NA,NA,5,NA,1618.0000000000002,611,1082,NA,3,NA
1975,74,311,30,68.50000000000001,NA,NA,NA,0.06498194945848375,64,894,247,41,70,478,206,NA,231.5,NA,NA,19,NA,1618.0000000000002,611,1082,NA,2,NA
1976,184,359,15,19,2,56.96829231673583,10,0.0625,129,168,230,211,25,34,19,NA,NA,NA,NA,NA,NA,1618.0000000000002,611,1082,NA,NA,NA
1977,192,337,18,28,NA,NA,NA,0.08695652173913043,89,98,248,71,22,62,177,NA,NA,NA,NA,NA,NA,1618.0000000000002,611,1082,NA,NA,NA
1978,245,302,28,70,3,41.97425972118791,75,0.04873219994187736,49,440,253,90,76.4,206,163,NA,NA,NA,NA,NA,NA,1618.0000000000002,611,1082,NA,NA,NA
1979,125,341,18,27,NA,NA,NA,0.07079646017699115,104,625,237,56,107,215,181,NA,233,NA,NA,1,NA,1618.0000000000002,611,1082,NA,1,NA
1980,217,317,26,53.400000000000006,8,40.9567724243774,19,0.05525030525030525,79,729,238,138,58,85,100,NA,221.5,NA,NA,12,NA,1618.0000000000002,611,1082,NA,4,NA
1981,99,339,19,106.60000000000002,NA,NA,NA,0.0821078431372549,123,349,216,48,48.1,161,168,NA,NA,NA,NA,NA,NA,1618.0000000000002,611,1082,NA,NA,NA
1982,244,317,59,102.70000000000002,4,262.949599655961,44,0.04721030042918455,75,808,242,170,56,127.5,72,NA,192,80,NA,19,1,1618.0000000000002,611,1082,NA,5,1
1983,63,329,82,149.20000000000002,7,389.89612137966174,25,0.040948275862068964,72,1510,257,62,112.3,328,195,240,232,252.5,1,48,17,1618.0000000000002,611,1082,1,1,4
1984,215,314,42,50,NA,NA,NA,0.0528169014084507,74,631,240,214,70,128,26,NA,228.5,NA,NA,7,NA,1618.0000000000002,611,1082,NA,2,NA
1985,214,284,31,55,NA,NA,NA,0.06779661016949153,67,380,217,54,45,208.5,163,NA,NA,NA,NA,NA,NA,1618.0000000000002,611,1082,NA,NA,NA
1986,247,293,31,65,NA,NA,NA,0.05713591761391237,47,782,246,114,151.9,318,132,NA,220.5,158,NA,13,1,1618.0000000000002,611,1082,NA,4,1
1987,108,356,20,28,NA,NA,NA,0.07692307692307693,130,233,226,52,44.300000000000004,153,174,NA,NA,NA,NA,NA,NA,1618.0000000000002,611,1082,NA,NA,NA
1988,167,331,13,19,3,42.93569566322361,70,0.06666666666666667,99,139,232,134,31,44,98,NA,NA,NA,NA,NA,NA,1618.0000000000002,611,1082,NA,NA,NA
1989,228,300,21.5,39.30000000000001,6,29.985327838107953,53,0.08309373202990225,77,440,223,91,18,175,132,NA,NA,NA,NA,NA,NA,1618.0000000000002,611,1082,NA,NA,NA
1990,172,375,14,19.900000000000006,8,52.936992754172266,23,0.0795015795015795,167,188,208,46,30,147.5,162,NA,NA,NA,NA,NA,NA,1618.0000000000002,611,1082,NA,NA,NA
1991,228,286,19,26,NA,NA,NA,0.059447954594131505,46,342,240,68,27.7,140,172,NA,NA,NA,NA,NA,NA,1618.0000000000002,611,1082,NA,NA,NA
1992,221,299,17,26,9,40.95508369375388,25,0.05941176470588235,83,201,216,68,38,107.5,148,NA,NA,NA,NA,NA,NA,1618.0000000000002,611,1082,NA,NA,NA
1993,211,316,24,36,NA,NA,NA,0.06066078116639914,83,758,233,79,45.400000000000006,233,154,NA,228,NA,NA,11,NA,1618.0000000000002,611,1082,NA,4,NA
1994,270,275,22,69.39999999999998,NA,NA,NA,0.05798319327731093,48,179,227,66,40.5,83.5,161,NA,NA,NA,NA,NA,NA,1618.0000000000002,611,1082,NA,NA,NA
1995,178,341,42.5,119.7000000000001,3,61.00970091163396,36,0.04491017964071856,69,797,272,93,158.4,601,179,NA,253,243,NA,49,1,1618.0000000000002,611,1082,NA,7,1
1996,116,312,30,52.5,2,194.9575465383897,72,0.04838709677419355,80,1820,232,79,97,225,153,228,219.5,228,1,7,1,1618.0000000000002,611,1082,1,2,1
1997,217,308,29,50,3,217.9586112959773,48,0.03968253968253968,80,528,228,166,70.5,159,62,92,147,92,3,7,4,1618.0000000000002,611,1082,1,2,1
1998,223,334,39,61.80000000000001,NA,NA,NA,0.04285714285714286,72,712,262,103,82.8,335,159,NA,249,NA,NA,18,NA,1618.0000000000002,611,1082,NA,3,NA
1999,222,304,30,48.900000000000006,10,61.957871965869,60,0.058970099667774084,61,908,243,52,98.20000000000002,395,191,NA,228,NA,NA,12,NA,1618.0000000000002,611,1082,NA,2,NA
2000,227,300,22,28,8,53.93668305455135,27,0.04472222222222222,59,473,241,81,62,229,160,NA,NA,NA,NA,NA,NA,1618.0000000000002,611,1082,NA,NA,NA
2001,245,284,20,34.72,NA,NA,NA,0.05182599355531686,60,287,224,63,30.799999999999997,97,161,NA,NA,NA,NA,NA,NA,1618.0000000000002,611,1082,NA,NA,NA
2002,226,309,24,45.099999999999994,2,57.23737531260693,52,0.04910458041556656,76,357,233,70,48.8,239.5,163,NA,NA,NA,NA,NA,NA,1618.0000000000002,611,1082,NA,NA,NA
2003,224,297,21.95,28,4,127.93393814655337,38,0.06538461538461535,52,735,245,76,97.80000000000001,139,169,NA,236.5,NA,NA,4,NA,1618.0000000000002,611,1082,NA,2,NA
2004,265,292,19.5,43.379999999999995,NA,NA,NA,0.03995935633709347,71,374,221,66,49.5,192,155,NA,NA,NA,NA,NA,NA,1618.0000000000002,611,1082,NA,NA,NA
2005,131,311,23.6,30.4,NA,NA,NA,0.05532786885245893,75,912,236,45,94.47999999999999,302,191,NA,227,228,NA,13,4,1618.0000000000002,611,1082,NA,1,2
2006,198,316,29.5,35.160000000000004,4,87.39549140598817,62,0.05267260938289657,82,980,234,158,66.19,100.25,76,91,210,91,1,24,1,1618.0000000000002,611,1082,1,3,1
2007,245,286,15.4,24.8,2,91.86005383977601,44,0.040955631399317384,60,175,226,78,35.4,107,148,NA,NA,NA,NA,NA,NA,1618.0000000000002,611,1082,NA,NA,NA
2008,228,298,17,29.210000000000008,NA,NA,NA,0.05492402273518157,64,347,234,69,44.760000000000005,134,165,NA,NA,NA,NA,NA,NA,1618.0000000000002,611,1082,NA,NA,NA
2009,249,297,18.5,26.720000000000002,3,113.91772505270534,32,0.0420711974110033,63,422,234,74,54.23000000000001,163.5,160,NA,NA,NA,NA,NA,NA,1618.0000000000002,611,1082,NA,NA,NA
2010,224,317,52.65,84.97000000000001,3,102.84905252666897,13,0.05544173270893378,66,791,251,71,68.1,245,180,NA,245,NA,NA,6,NA,1618.0000000000002,611,1082,NA,1,NA
2011,184,340,35.25,51.67000000000003,3,352.977400876352,24,0.04308931327160495,65,731,275,100,159.8,354,175,NA,263.5,NA,NA,8,NA,1618.0000000000002,611,1082,NA,4,NA
2012,135,287,17.3,22.66,4,95.28751519268407,10,0.05405405405405406,70,273,217,59,42.68,75.2,158,NA,NA,NA,NA,NA,NA,1618.0000000000002,611,1082,NA,NA,NA
2013,227,288,15.2,28.86,NA,NA,NA,0.05084745762711865,60,276,228,172,31.34,41.25,56,NA,NA,NA,NA,NA,NA,1618.0000000000002,611,1082,NA,NA,NA
2014,201,284,14.6,20.4,NA,NA,NA,0.0586973180076628,64,161,220,71,42.7,67.2,149,NA,NA,NA,NA,NA,NA,1618.0000000000002,611,1082,NA,NA,NA
2015,186,324,16.15,42.4,2,39.28290777495068,64,0.04715582731146934,84,66.1,240,121,29.2,55.6,119,NA,NA,NA,NA,NA,NA,1618.0000000000002,611,1082,NA,NA,NA
2016,188,303,29,125.40000000000009,NA,NA,NA,0.05004864234870304,54,316,249,105,107.4,224,144,NA,NA,NA,NA,NA,NA,1618.0000000000002,611,1082,NA,NA,NA
2017,197,318,50.1,77.42,3,266.98665660488274,16,0.05037783375314862,78,1180,240,115,123,339,125,NA,208,215,NA,56,8,1618.0000000000002,611,1082,NA,7,5
2018,260,286,20.25,43.4,3,335.9554374881083,46,0.04868154158215007,90,378,196,47,37.3,106,149,188,187,188,1,3,1,1618.0000000000002,611,1082,1,1,1
2019,229,325,28,40.86000000000001,NA,NA,NA,0.049281521959117607,66,686,259,79,110.60000000000001,508,180,NA,234.5,NA,NA,29,NA,1618.0000000000002,611,1082,NA,4,NA
2020,274,280,25.9,39.1,NA,NA,NA,0.05986272286424273,61,316,219,31,57.4,159,188,NA,NA,NA,NA,NA,NA,1618.0000000000002,611,1082,NA,NA,NA
