metric,status_code,status,alteration_type,median_in_iqr,comid
DS_Dur_WS,0,indeterminate,high,FALSE,8943705
DS_Tim,1,likely_unaltered,none_found,TRUE,8943705
DS_Mag_50,1,likely_unaltered,none_found,TRUE,8943705
DS_Mag_90,1,likely_unaltered,none_found,TRUE,8943705
FA_Mag,1,likely_unaltered,none_found,TRUE,8943705
FA_Tim,1,likely_unaltered,none_found,TRUE,8943705
SP_Dur,1,likely_unaltered,none_found,TRUE,8943705
SP_Mag,1,likely_unaltered,none_found,TRUE,8943705
SP_Tim,1,likely_unaltered,none_found,TRUE,8943705
Wet_BFL_Dur,1,likely_unaltered,none_found,FALSE,8943705
Wet_BFL_Mag_10,1,likely_unaltered,none_found,FALSE,8943705
Wet_BFL_Mag_50,1,likely_unaltered,none_found,FALSE,8943705
Wet_Tim,0,indeterminate,late,FALSE,8943705
Peak_10,1,likely_unaltered,none_found,TRUE,8943705
Peak_2,1,likely_unaltered,none_found,TRUE,8943705
Peak_5,1,likely_unaltered,none_found,TRUE,8943705
