Year,DS_Dur_WS,DS_Tim,DS_Mag_50,DS_Mag_90,FA_Dur,FA_Mag,FA_Tim,SP_ROC,SP_Dur,SP_Mag,SP_Tim,Wet_BFL_Dur,Wet_BFL_Mag_10,Wet_BFL_Mag_50,Wet_Tim,Peak_Tim_10,Peak_Tim_2,Peak_Tim_5,Peak_Dur_10,Peak_Dur_2,Peak_Dur_5,Peak_10,Peak_2,Peak_5,Peak_Fre_10,Peak_Fre_2,Peak_Fre_5
1914,203,273,0,0.8,NA,NA,NA,0.21052631578947367,126,403,147,45,2.3000000000000007,9,102,NA,129,NA,NA,6,NA,888,154,626,NA,2,NA
1915,NA,288,NA,NA,NA,NA,NA,0.08333333333333333,65,215,223,113,14.600000000000003,50,110,NA,132,NA,NA,12,NA,888,154,626,NA,5,NA
1916,NA,NA,NA,NA,NA,NA,NA,NA,NA,NA,NA,NA,NA,NA,NA,NA,NA,NA,NA,NA,NA,NA,NA,NA,NA,NA,NA
1917,NA,NA,NA,NA,NA,NA,NA,NA,NA,NA,NA,NA,NA,NA,NA,NA,NA,NA,NA,NA,NA,NA,NA,NA,NA,NA,NA
1918,NA,NA,NA,NA,NA,NA,NA,NA,NA,NA,NA,NA,NA,NA,NA,NA,NA,NA,NA,NA,NA,NA,NA,NA,NA,NA,NA
1919,NA,NA,NA,NA,NA,NA,NA,NA,NA,NA,NA,NA,NA,NA,NA,NA,NA,NA,NA,NA,NA,NA,NA,NA,NA,NA,NA
1920,NA,NA,NA,NA,NA,NA,NA,NA,NA,NA,NA,NA,NA,NA,NA,NA,NA,NA,NA,NA,NA,NA,NA,NA,NA,NA,NA
1921,NA,NA,NA,NA,NA,NA,NA,NA,NA,NA,NA,NA,NA,NA,NA,NA,NA,NA,NA,NA,NA,NA,NA,NA,NA,NA,NA
1922,NA,NA,NA,NA,NA,NA,NA,NA,NA,NA,NA,NA,NA,NA,NA,NA,NA,NA,NA,NA,NA,NA,NA,NA,NA,NA,NA
1923,NA,NA,NA,NA,NA,NA,NA,NA,NA,NA,NA,NA,NA,NA,NA,NA,NA,NA,NA,NA,NA,NA,NA,NA,NA,NA,NA
1924,NA,NA,NA,NA,NA,NA,NA,NA,NA,NA,NA,NA,NA,NA,NA,NA,NA,NA,NA,NA,NA,NA,NA,NA,NA,NA,NA
1925,NA,NA,NA,NA,NA,NA,NA,NA,NA,NA,NA,NA,NA,NA,NA,NA,NA,NA,NA,NA,NA,NA,NA,NA,NA,NA,NA
1926,NA,NA,NA,NA,NA,NA,NA,NA,NA,NA,NA,NA,NA,NA,NA,NA,NA,NA,NA,NA,NA,NA,NA,NA,NA,NA,NA
1927,NA,NA,NA,NA,NA,NA,NA,NA,NA,NA,NA,NA,NA,NA,NA,NA,NA,NA,NA,NA,NA,NA,NA,NA,NA,NA,NA
1928,NA,NA,NA,NA,NA,NA,NA,NA,NA,NA,NA,NA,NA,NA,NA,NA,NA,NA,NA,NA,NA,NA,NA,NA,NA,NA,NA
1929,NA,NA,NA,NA,NA,NA,NA,NA,NA,NA,NA,NA,NA,NA,NA,NA,NA,NA,NA,NA,NA,NA,NA,NA,NA,NA,NA
1930,NA,NA,NA,NA,NA,NA,NA,NA,NA,NA,NA,NA,NA,NA,NA,NA,NA,NA,NA,NA,NA,NA,NA,NA,NA,NA,NA
1931,NA,NA,NA,NA,NA,NA,NA,NA,NA,NA,NA,NA,NA,NA,NA,NA,NA,NA,NA,NA,NA,NA,NA,NA,NA,NA,NA
1932,NA,NA,NA,NA,NA,NA,NA,NA,NA,NA,NA,NA,NA,NA,NA,NA,NA,NA,NA,NA,NA,NA,NA,NA,NA,NA,NA
1933,NA,NA,NA,NA,NA,NA,NA,NA,NA,NA,NA,NA,NA,NA,NA,NA,NA,NA,NA,NA,NA,NA,NA,NA,NA,NA,NA
1934,NA,NA,NA,NA,NA,NA,NA,NA,NA,NA,NA,NA,NA,NA,NA,NA,NA,NA,NA,NA,NA,NA,NA,NA,NA,NA,NA
1935,NA,NA,NA,NA,NA,NA,NA,NA,NA,NA,NA,NA,NA,NA,NA,NA,NA,NA,NA,NA,NA,NA,NA,NA,NA,NA,NA
1936,NA,NA,NA,NA,NA,NA,NA,NA,NA,NA,NA,NA,NA,NA,NA,NA,NA,NA,NA,NA,NA,NA,NA,NA,NA,NA,NA
1937,NA,NA,NA,NA,NA,NA,NA,NA,NA,NA,NA,NA,NA,NA,NA,NA,NA,NA,NA,NA,NA,NA,NA,NA,NA,NA,NA
1938,NA,NA,NA,NA,NA,NA,NA,NA,NA,NA,NA,NA,NA,NA,NA,NA,NA,NA,NA,NA,NA,NA,NA,NA,NA,NA,NA
1939,NA,NA,NA,NA,NA,NA,NA,NA,NA,NA,NA,NA,NA,NA,NA,NA,NA,NA,NA,NA,NA,NA,NA,NA,NA,NA,NA
1940,NA,NA,NA,NA,NA,NA,NA,NA,NA,NA,NA,NA,NA,NA,NA,NA,NA,NA,NA,NA,NA,NA,NA,NA,NA,NA,NA
1941,NA,NA,NA,NA,NA,NA,NA,NA,NA,NA,NA,NA,NA,NA,NA,NA,NA,NA,NA,NA,NA,NA,NA,NA,NA,NA,NA
1942,NA,NA,NA,NA,NA,NA,NA,NA,NA,NA,NA,NA,NA,NA,NA,NA,NA,NA,NA,NA,NA,NA,NA,NA,NA,NA,NA
1943,NA,NA,NA,NA,NA,NA,NA,NA,NA,NA,NA,NA,NA,NA,NA,NA,NA,NA,NA,NA,NA,NA,NA,NA,NA,NA,NA
1944,NA,NA,NA,NA,NA,NA,NA,NA,NA,NA,NA,NA,NA,NA,NA,NA,NA,NA,NA,NA,NA,NA,NA,NA,NA,NA,NA
1945,NA,NA,NA,NA,NA,NA,NA,NA,NA,NA,NA,NA,NA,NA,NA,NA,NA,NA,NA,NA,NA,NA,NA,NA,NA,NA,NA
1946,NA,NA,NA,NA,NA,NA,NA,NA,NA,NA,NA,NA,NA,NA,NA,NA,NA,NA,NA,NA,NA,NA,NA,NA,NA,NA,NA
1947,NA,NA,NA,NA,NA,NA,NA,NA,NA,NA,NA,NA,NA,NA,NA,NA,NA,NA,NA,NA,NA,NA,NA,NA,NA,NA,NA
1948,NA,NA,NA,NA,NA,NA,NA,NA,NA,NA,NA,NA,NA,NA,NA,NA,NA,NA,NA,NA,NA,NA,NA,NA,NA,NA,NA
1949,NA,NA,NA,NA,NA,NA,NA,NA,NA,NA,NA,NA,NA,NA,NA,NA,NA,NA,NA,NA,NA,NA,NA,NA,NA,NA,NA
1950,NA,NA,NA,NA,NA,NA,NA,NA,NA,NA,NA,NA,NA,NA,NA,NA,NA,NA,NA,NA,NA,NA,NA,NA,NA,NA,NA
1951,NA,NA,NA,NA,NA,NA,NA,NA,NA,NA,NA,NA,NA,NA,NA,NA,NA,NA,NA,NA,NA,NA,NA,NA,NA,NA,NA
1952,NA,NA,NA,NA,NA,NA,NA,NA,NA,NA,NA,NA,NA,NA,NA,NA,NA,NA,NA,NA,NA,NA,NA,NA,NA,NA,NA
1953,NA,NA,NA,NA,NA,NA,NA,NA,NA,NA,NA,NA,NA,NA,NA,NA,NA,NA,NA,NA,NA,NA,NA,NA,NA,NA,NA
1954,NA,NA,NA,NA,NA,NA,NA,NA,NA,NA,NA,NA,NA,NA,NA,NA,NA,NA,NA,NA,NA,NA,NA,NA,NA,NA,NA
1955,NA,NA,NA,NA,NA,NA,NA,NA,NA,NA,NA,NA,NA,NA,NA,NA,NA,NA,NA,NA,NA,NA,NA,NA,NA,NA,NA
1956,NA,NA,NA,NA,NA,NA,NA,NA,NA,NA,NA,NA,NA,NA,NA,NA,NA,NA,NA,NA,NA,NA,NA,NA,NA,NA,NA
1957,NA,NA,NA,NA,NA,NA,NA,NA,NA,NA,NA,NA,NA,NA,NA,NA,NA,NA,NA,NA,NA,NA,NA,NA,NA,NA,NA
1958,246,245,0.2,1,NA,NA,NA,0.11437908496732026,57,726,188,34,17.6,70,154,NA,174,175,NA,12,2,888,154,626,NA,4,2
1959,279,182,0.1,0.5,NA,NA,NA,0.09999999999999998,38,10,144,19,0.2,2.3,125,NA,NA,NA,NA,NA,NA,888,154,626,NA,NA,NA
1960,NA,290,NA,NA,NA,NA,NA,0.11111111111111108,135,38,155,60,0,2.1,95,NA,NA,NA,NA,NA,NA,888,154,626,NA,NA,NA
1961,NA,NA,NA,NA,NA,NA,NA,NA,NA,NA,NA,NA,NA,NA,NA,NA,NA,NA,NA,NA,NA,888,154,626,NA,NA,NA
1962,208,276,0.1,0.1,NA,NA,NA,0.09375000000000008,114,21,162,57,0.06000000000000005,7.5,105,NA,NA,NA,NA,NA,NA,888,154,626,NA,NA,NA
1963,172,359,0,0.1,NA,NA,NA,0.5,147,4.8,212,94,0.1,0.1,118,NA,NA,NA,NA,NA,NA,888,154,626,NA,NA,NA
1964,292,246,0.1,0.3,NA,NA,NA,0.16666666666666663,59,63,187,22,0.1,10,165,NA,NA,NA,NA,NA,NA,888,154,626,NA,NA,NA
1965,165,241,0.2,0.6,NA,NA,NA,0.09846650524616635,46,118,195,23,0.7,15,172,NA,NA,NA,NA,NA,NA,888,154,626,NA,NA,NA
1966,207,213,0.2,0.9000000000000001,NA,NA,NA,0.05586766541822724,119,94,94,54,0.33000000000000007,10.5,40,NA,52,NA,NA,2,NA,888,154,626,NA,1,NA
1967,182,254,0.26,2.7800000000000007,NA,NA,NA,0.07228915662650608,183,690,71,17,0.26,0.4,54,66,116,66,1,6,2,888,154,626,1,3,1
1968,195,272,0.11,0.13599999999999995,4,1.6562674845684946,5,0.06316489361702127,103,8.9,169,99,1.8,3.5,70,NA,NA,NA,NA,NA,NA,888,154,626,NA,NA,NA
1969,258,231,0.23,4.390000000000003,NA,NA,NA,0.04324450677886865,79,342,152,51,2,47,101,146,128,131,2,11,3,888,154,626,1,3,2
1970,177,261,0.11,0.23400000000000007,NA,NA,NA,0.07407407407407414,102,31,159,36,0.51,0.9,123,NA,NA,NA,NA,NA,NA,888,154,626,NA,NA,NA
1971,165,267,0.1,0.2,NA,NA,NA,0.10912698412698407,151,11,116,44,0.11000000000000001,2.45,72,NA,NA,NA,NA,NA,NA,888,154,626,NA,NA,NA
1972,208,254,0,0.6710000000000008,NA,NA,NA,0.14285714285714282,163,7.9,91,25,0,0,66,NA,NA,NA,NA,NA,NA,888,154,626,NA,NA,NA
1973,199,254,0,0.34000000000000086,3,9.284267556166999,65,0.08928571428571429,78,123,176,80,1.7,10.5,96,NA,133,NA,NA,1,NA,888,154,626,NA,1,NA
1974,207,306,0.01,0.250000000000002,NA,NA,NA,0.1368092691622104,119,81,187,100,1.0980000000000003,3.3,87,NA,99,NA,NA,1,NA,888,154,626,NA,1,NA
1975,224,258,0,0.04,NA,NA,NA,0.11999999999999993,63,48,195,48,0.39,12.5,147,NA,NA,NA,NA,NA,NA,888,154,626,NA,NA,NA
1976,205,246,0,0.12,NA,NA,NA,0.13653308480894685,88,16,158,42,0,2.95,116,NA,NA,NA,NA,NA,NA,888,154,626,NA,NA,NA
1977,196,262,0,0.04,NA,NA,NA,0.1250000000000001,34,6.6,228,143,0.24,0.69,85,NA,NA,NA,NA,NA,NA,888,154,626,NA,NA,NA
1978,184,248,0.38,4.4700000000000015,NA,NA,NA,0.07142857142857142,92,888,156,64,32.3,55.5,92,152,131,152.5,1,16,4,888,154,626,1,3,2
1979,145,331,0.9,4.219999999999999,6,12.027945705052275,45,0.0652173913043478,149,626,182,116,7,37.5,66,NA,143,178,NA,5,1,888,154,626,NA,3,1
1980,274,199,1.4,24,7,2.9007695778256566,20,0.08484187568157034,52,1700,147,37,14.200000000000001,38,110,140,146.5,139,4,24,7,888,154,626,3,6,4
1981,206,261,0.11,0.3,9,4.544568222622525,65,0.09326675257731953,101,29,160,53,1.82,3.9,107,NA,NA,NA,NA,NA,NA,888,154,626,NA,NA,NA
1982,209,268,0.26,8.6,NA,NA,NA,0.03571428571428559,82,120,186,85,2.44,11,101,NA,149.5,NA,NA,3,NA,888,154,626,NA,2,NA
1983,136,267,1.7,4.8,3,300.88309982592307,60,0.0625,95,298,172,61,18,57,111,NA,148.5,NA,NA,22,NA,888,154,626,NA,8,NA
1984,196,233,0.175,0.42,4,5.396434100068173,1,0.07142857142857142,142,89,91,54,4.880000000000001,8.399999999999999,37,NA,85,NA,NA,1,NA,888,154,626,NA,1,NA
1985,175,241,0.11,0.29,13,24.9641442462597,55,0.1304347826086957,104,46,137,74,3.59,8.25,63,NA,105,NA,NA,2,NA,888,154,626,NA,2,NA
1986,202,214,0.11,1.9900000000000007,NA,NA,NA,0.1020408163265306,44,270,170,120,1.5,4.5,50,NA,151.5,137,NA,3,1,888,154,626,NA,2,1
