metric,status_code,status,alteration_type,median_in_iqr,comid
DS_Dur_WS,1,likely_unaltered,none_found,TRUE,20343211
DS_Tim,1,likely_unaltered,none_found,TRUE,20343211
DS_Mag_50,1,likely_unaltered,none_found,TRUE,20343211
DS_Mag_90,1,likely_unaltered,none_found,TRUE,20343211
FA_Dur,1,likely_unaltered,none_found,TRUE,20343211
FA_Mag,1,likely_unaltered,none_found,TRUE,20343211
FA_Tim,1,likely_unaltered,none_found,TRUE,20343211
SP_ROC,1,likely_unaltered,none_found,FALSE,20343211
SP_Dur,1,likely_unaltered,none_found,TRUE,20343211
SP_Mag,0,indeterminate,high,FALSE,20343211
SP_Tim,1,likely_unaltered,none_found,TRUE,20343211
Wet_BFL_Dur,1,likely_unaltered,none_found,TRUE,20343211
Wet_BFL_Mag_10,1,likely_unaltered,none_found,TRUE,20343211
Wet_BFL_Mag_50,0,indeterminate,high,FALSE,20343211
Wet_Tim,1,likely_unaltered,none_found,TRUE,20343211
Peak_Dur_10,1,likely_unaltered,none_found,TRUE,20343211
Peak_Dur_2,1,likely_unaltered,none_found,TRUE,20343211
Peak_Dur_5,1,likely_unaltered,none_found,TRUE,20343211
Peak_10,1,likely_unaltered,none_found,FALSE,20343211
Peak_2,-1,likely_altered,high,FALSE,20343211
Peak_5,1,likely_unaltered,none_found,TRUE,20343211
Peak_Fre_10,1,likely_unaltered,none_found,TRUE,20343211
Peak_Fre_2,1,likely_unaltered,none_found,TRUE,20343211
Peak_Fre_5,1,likely_unaltered,none_found,TRUE,20343211
