Year,DS_Dur_WS,DS_Tim,DS_Mag_50,DS_Mag_90,FA_Dur,FA_Mag,FA_Tim,SP_ROC,SP_Dur,SP_Mag,SP_Tim,Wet_BFL_Dur,Wet_BFL_Mag_10,Wet_BFL_Mag_50,Wet_Tim,Peak_Tim_10,Peak_Tim_2,Peak_Tim_5,Peak_Dur_10,Peak_Dur_2,Peak_Dur_5,Peak_10,Peak_2,Peak_5,Peak_Fre_10,Peak_Fre_2,Peak_Fre_5
1953,197,269,0,0,NA,NA,NA,0.13392857142857145,38,1.4,231,192,1.2,2.7,39,NA,NA,NA,NA,NA,NA,2483.9999999999995,135.5,1172.0000000000002,NA,NA,NA
1954,211,240,0,1,NA,NA,NA,0.0625,61,167,179,79,0,7.9,100,NA,145.5,NA,NA,5,NA,2483.9999999999995,135.5,1172.0000000000002,NA,4,NA
1955,220,251,0,0.1,3,2.3489375384817834,70,0.1111111111111112,96,16,155,70,0.9600000000000002,3,85,NA,NA,NA,NA,NA,NA,2483.9999999999995,135.5,1172.0000000000002,NA,NA,NA
1956,217,244,0,0,NA,NA,NA,0.08220720720720726,122,634,122,17,0.2,0.2,105,NA,117,NA,NA,2,NA,2483.9999999999995,135.5,1172.0000000000002,NA,1,NA
1957,249,270,0,8.6,NA,NA,NA,0.29166666666666663,34,1.9,236,141,0.3,1.4,95,NA,NA,NA,NA,NA,NA,2483.9999999999995,135.5,1172.0000000000002,NA,NA,NA
1958,251,237,0.3,3.9,NA,NA,NA,0.08166666666666667,49,1420,188,35,21.8,84,153,NA,172,182,NA,19,3,2483.9999999999995,135.5,1172.0000000000002,NA,5,3
1959,266,194,0,0.4,NA,NA,NA,0.0822072072072072,52,90,142,20,0.8,3.2,122,NA,NA,NA,NA,NA,NA,2483.9999999999995,135.5,1172.0000000000002,NA,NA,NA
1960,NA,231,NA,NA,NA,NA,NA,0.36666666666666664,18,53,213,119,0.38000000000000006,1.8,94,NA,NA,NA,NA,NA,NA,2483.9999999999995,135.5,1172.0000000000002,NA,NA,NA
1961,NA,NA,NA,NA,NA,NA,NA,NA,NA,NA,NA,NA,NA,NA,NA,NA,NA,NA,NA,NA,NA,NA,NA,NA,NA,NA,NA
1962,271,213,0,1.5,1,15.930693737339269,62,0.06666666666666667,39,49,174,67,6.700000000000001,19,107,NA,NA,NA,NA,NA,NA,2483.9999999999995,135.5,1172.0000000000002,NA,NA,NA
1963,212,252,0,0,NA,NA,NA,0.1833333333333333,41,1.5,211,93,0,0.9,118,NA,NA,NA,NA,NA,NA,2483.9999999999995,135.5,1172.0000000000002,NA,NA,NA
1964,292,250,0,0.1,NA,NA,NA,0.15000000000000002,62,10,188,90,0,0.5,98,NA,NA,NA,NA,NA,NA,2483.9999999999995,135.5,1172.0000000000002,NA,NA,NA
1965,189,217,0,0.1,NA,NA,NA,0.14285714285714285,22,146,195,19,0.2,6.8,176,NA,190,NA,NA,2,NA,2483.9999999999995,135.5,1172.0000000000002,NA,1,NA
1966,254,165,0,4.140000000000004,NA,NA,NA,0.058823529411764705,71,208,94,54,0,11.5,40,NA,70.5,52,NA,4,1,2483.9999999999995,135.5,1172.0000000000002,NA,2,1
1967,NA,264,NA,NA,NA,NA,NA,0.06666666666666667,144,237,120,67,0,13,53,66,90,66,1,6,1,2483.9999999999995,135.5,1172.0000000000002,1,2,1
1968,NA,NA,NA,NA,NA,NA,NA,NA,NA,NA,NA,NA,NA,NA,NA,NA,NA,NA,NA,NA,NA,NA,NA,NA,NA,NA,NA
1969,NA,NA,NA,NA,NA,NA,NA,NA,NA,NA,NA,NA,NA,NA,NA,NA,NA,NA,NA,NA,NA,NA,NA,NA,NA,NA,NA
1970,NA,NA,NA,NA,NA,NA,NA,NA,NA,NA,NA,NA,NA,NA,NA,NA,NA,NA,NA,NA,NA,NA,NA,NA,NA,NA,NA
1971,NA,NA,NA,NA,NA,NA,NA,NA,NA,NA,NA,NA,NA,NA,NA,NA,NA,NA,NA,NA,NA,NA,NA,NA,NA,NA,NA
1972,NA,NA,NA,NA,NA,NA,NA,NA,NA,NA,NA,NA,NA,NA,NA,NA,NA,NA,NA,NA,NA,NA,NA,NA,NA,NA,NA
1973,NA,NA,NA,NA,NA,NA,NA,NA,NA,NA,NA,NA,NA,NA,NA,NA,NA,NA,NA,NA,NA,NA,NA,NA,NA,NA,NA
1974,NA,NA,NA,NA,NA,NA,NA,NA,NA,NA,NA,NA,NA,NA,NA,NA,NA,NA,NA,NA,NA,NA,NA,NA,NA,NA,NA
1975,NA,NA,NA,NA,NA,NA,NA,NA,NA,NA,NA,NA,NA,NA,NA,NA,NA,NA,NA,NA,NA,NA,NA,NA,NA,NA,NA
1976,NA,NA,NA,NA,NA,NA,NA,NA,NA,NA,NA,NA,NA,NA,NA,NA,NA,NA,NA,NA,NA,NA,NA,NA,NA,NA,NA
1977,NA,NA,NA,NA,NA,NA,NA,NA,NA,NA,NA,NA,NA,NA,NA,NA,NA,NA,NA,NA,NA,NA,NA,NA,NA,NA,NA
1978,NA,NA,NA,NA,NA,NA,NA,NA,NA,NA,NA,NA,NA,NA,NA,NA,NA,NA,NA,NA,NA,NA,NA,NA,NA,NA,NA
1979,NA,NA,NA,NA,NA,NA,NA,NA,NA,NA,NA,NA,NA,NA,NA,NA,NA,NA,NA,NA,NA,NA,NA,NA,NA,NA,NA
1980,NA,NA,NA,NA,NA,NA,NA,NA,NA,NA,NA,NA,NA,NA,NA,NA,NA,NA,NA,NA,NA,NA,NA,NA,NA,NA,NA
1981,NA,NA,NA,NA,NA,NA,NA,NA,NA,NA,NA,NA,NA,NA,NA,NA,NA,NA,NA,NA,NA,NA,NA,NA,NA,NA,NA
1982,NA,NA,NA,NA,NA,NA,NA,NA,NA,NA,NA,NA,NA,NA,NA,NA,NA,NA,NA,NA,NA,NA,NA,NA,NA,NA,NA
1983,NA,NA,NA,NA,NA,NA,NA,NA,NA,NA,NA,NA,NA,NA,NA,NA,NA,NA,NA,NA,NA,NA,NA,NA,NA,NA,NA
1984,NA,NA,NA,NA,NA,NA,NA,NA,NA,NA,NA,NA,NA,NA,NA,NA,NA,NA,NA,NA,NA,NA,NA,NA,NA,NA,NA
1985,NA,NA,NA,NA,NA,NA,NA,NA,NA,NA,NA,NA,NA,NA,NA,NA,NA,NA,NA,NA,NA,NA,NA,NA,NA,NA,NA
1986,NA,NA,NA,NA,NA,NA,NA,NA,NA,NA,NA,NA,NA,NA,NA,NA,NA,NA,NA,NA,NA,NA,NA,NA,NA,NA,NA
1987,NA,NA,NA,NA,NA,NA,NA,NA,NA,NA,NA,NA,NA,NA,NA,NA,NA,NA,NA,NA,NA,NA,NA,NA,NA,NA,NA
1988,NA,NA,NA,NA,NA,NA,NA,NA,NA,NA,NA,NA,NA,NA,NA,NA,NA,NA,NA,NA,NA,NA,NA,NA,NA,NA,NA
1989,NA,NA,NA,NA,NA,NA,NA,NA,NA,NA,NA,NA,NA,NA,NA,NA,NA,NA,NA,NA,NA,NA,NA,NA,NA,NA,NA
1990,NA,NA,NA,NA,NA,NA,NA,NA,NA,NA,NA,NA,NA,NA,NA,NA,NA,NA,NA,NA,NA,NA,NA,NA,NA,NA,NA
1991,NA,NA,NA,NA,NA,NA,NA,NA,NA,NA,NA,NA,NA,NA,NA,NA,NA,NA,NA,NA,NA,NA,NA,NA,NA,NA,NA
1992,NA,NA,NA,NA,NA,NA,NA,NA,NA,NA,NA,NA,NA,NA,NA,NA,NA,NA,NA,NA,NA,NA,NA,NA,NA,NA,NA
1993,NA,NA,NA,NA,NA,NA,NA,NA,NA,NA,NA,NA,NA,NA,NA,NA,NA,NA,NA,NA,NA,NA,NA,NA,NA,NA,NA
1994,192,265,0,0.22900000000000006,8,5.611688049600393,72,0.07142857142857134,86,83,179,71,2,6.6,108,NA,130,NA,NA,1,NA,2483.9999999999995,135.5,1172.0000000000002,NA,1,NA
1995,276,193,2.1,29.5,NA,NA,NA,0.06,16,392,177,86,24,75,91,NA,118.5,158,NA,38,3,2483.9999999999995,135.5,1172.0000000000002,NA,6,2
1996,216,233,0,1.7,NA,NA,NA,0.10717703349282301,29,9.3,204,101,3.3,7,103,NA,NA,NA,NA,NA,NA,2483.9999999999995,135.5,1172.0000000000002,NA,NA,NA
1997,308,176,0,3.4,4,15.979571528452192,52,0.058823529411764705,54,204,122,39,4.08,13,83,NA,110.5,NA,NA,3,NA,2483.9999999999995,135.5,1172.0000000000002,NA,2,NA
1998,122,277,1.8,5.770000000000001,20,3.4021560399608184,57,0.061553030303030304,49,193,228,110,43.9,97,118,146,156,145,1,40,2,2483.9999999999995,135.5,1172.0000000000002,1,7,1
1999,216,279,0,0.295,NA,NA,NA,0.1389655172413793,28,2,251,218,1.7700000000000002,3.6,33,NA,NA,NA,NA,NA,NA,2483.9999999999995,135.5,1172.0000000000002,NA,NA,NA
2000,252,234,0,0.3580000000000001,NA,NA,NA,0.09193657219973009,70,98,164,35,1.4800000000000002,5.8,129,NA,NA,NA,NA,NA,NA,2483.9999999999995,135.5,1172.0000000000002,NA,NA,NA
2001,NA,225,NA,NA,NA,NA,NA,0.08000000000000007,60,61,165,45,1.4,7.5,120,NA,149,NA,NA,2,NA,2483.9999999999995,135.5,1172.0000000000002,NA,2,NA
2002,NA,NA,NA,NA,NA,NA,NA,NA,NA,NA,NA,NA,NA,NA,NA,NA,NA,NA,NA,NA,NA,2483.9999999999995,135.5,1172.0000000000002,NA,NA,NA
2003,261,235,0,0.95,NA,NA,NA,0.08814079708422466,65,816,170,41,0.62,10.3,129,NA,147,NA,NA,6,NA,2483.9999999999995,135.5,1172.0000000000002,NA,3,NA
2004,271,180,0,2.61,NA,NA,NA,0.10232607767819037,27,38.3,153,23,0.24,0.4,130,NA,NA,NA,NA,NA,NA,2483.9999999999995,135.5,1172.0000000000002,NA,NA,NA
2005,364,169,1.29,28.6,7,29.49830842944273,20,0.0783132530120482,20,2410,149,64,27.96,117,85,102,99,121.5,1,43,6,2483.9999999999995,135.5,1172.0000000000002,1,7,2
2006,164,249,0,0.14400000000000035,NA,NA,NA,0.08746430028559768,58,125,191,24,0.843,2.815,167,NA,186,NA,NA,1,NA,2483.9999999999995,135.5,1172.0000000000002,NA,1,NA
2007,196,260,0,0.195,NA,NA,NA,0.14835164835164835,53,1.19,207,160,0,0.195,47,NA,NA,NA,NA,NA,NA,2483.9999999999995,135.5,1172.0000000000002,NA,NA,NA
2008,239,197,0,0.6540000000000004,NA,NA,NA,0.05494505494505491,46,31.4,151,61,0.77,6.99,90,NA,122,NA,NA,3,NA,2483.9999999999995,135.5,1172.0000000000002,NA,2,NA
2009,264,202,0,0.17700000000000016,NA,NA,NA,0.06233242935067332,59,222,143,73,0.76,1.22,70,NA,139,NA,NA,1,NA,2483.9999999999995,135.5,1172.0000000000002,NA,1,NA
2010,219,216,0,1.1560000000000012,NA,NA,NA,0.10650887573964492,83,202,133,33,0.13,9.83,100,NA,119,112,NA,7,1,2483.9999999999995,135.5,1172.0000000000002,NA,2,1
2011,176,218,0.09,6.84,NA,NA,NA,0.059880239520958084,132,3510,86,17,0.04,0.08,69,82,141,81,1,11,2,2483.9999999999995,135.5,1172.0000000000002,1,5,1
2012,190,275,0,0.11,NA,NA,NA,0.10344827586206887,63,3.58,212,184,0.253,0.89,28,NA,NA,NA,NA,NA,NA,2483.9999999999995,135.5,1172.0000000000002,NA,NA,NA
2013,280,219,0,0.04,NA,NA,NA,0.074350469872858,55,3.26,164,65,0.15,0.29,99,NA,NA,NA,NA,NA,NA,2483.9999999999995,135.5,1172.0000000000002,NA,NA,NA
2014,NA,171,NA,NA,NA,NA,NA,0.12121212121212131,16,102,155,22,0,0.02,133,NA,NA,NA,NA,NA,NA,2483.9999999999995,135.5,1172.0000000000002,NA,NA,NA
2015,NA,NA,NA,NA,NA,NA,NA,NA,NA,NA,NA,NA,NA,NA,NA,NA,NA,NA,NA,NA,NA,2483.9999999999995,135.5,1172.0000000000002,NA,NA,NA
2016,224,215,0,0,NA,NA,NA,0.09027325959661678,48,1.67,167,82,0.07100000000000001,1.22,85,NA,NA,NA,NA,NA,NA,2483.9999999999995,135.5,1172.0000000000002,NA,NA,NA
2017,NA,173,NA,NA,NA,NA,NA,0.07978723404255318,28,134,145,72,1.027000000000001,13.3,73,NA,122,NA,NA,9,NA,2483.9999999999995,135.5,1172.0000000000002,NA,4,NA
2018,NA,NA,NA,NA,NA,NA,NA,NA,NA,NA,NA,NA,NA,NA,NA,NA,NA,NA,NA,NA,NA,NA,NA,NA,NA,NA,NA
2019,300,223,0.6,4.172000000000007,22,1.3966828295124207,67,0.04878048780487805,83,2520,140,20,2.2079999999999997,24.6,120,136,136,136,1,3,1,2483.9999999999995,135.5,1172.0000000000002,1,1,1
2020,280,243,0.07,1.97,19,2.869785156810921,59,0.06770833333333337,47,702,196,39,4.282000000000001,11.6,157,NA,189,NA,NA,5,NA,2483.9999999999995,135.5,1172.0000000000002,NA,3,NA
