Year,DS_Dur_WS,DS_Tim,DS_Mag_50,DS_Mag_90,FA_Dur,FA_Mag,FA_Tim,SP_ROC,SP_Dur,SP_Mag,SP_Tim,Wet_BFL_Dur,Wet_BFL_Mag_10,Wet_BFL_Mag_50,Wet_Tim,Peak_Tim_10,Peak_Tim_2,Peak_Tim_5,Peak_Dur_10,Peak_Dur_2,Peak_Dur_5,Peak_10,Peak_2,Peak_5,Peak_Fre_10,Peak_Fre_2,Peak_Fre_5
1955,NA,260,NA,NA,NA,NA,NA,0.1250000000000001,45,11,215,123,0,0.8,92,NA,109,NA,NA,1,NA,869.4000000000001,86,645.8000000000001,NA,1,NA
1956,NA,NA,NA,NA,NA,NA,NA,NA,NA,NA,NA,NA,NA,NA,NA,NA,NA,NA,NA,NA,NA,NA,NA,NA,NA,NA,NA
1957,210,269,0,0,NA,NA,NA,0.25000000000000006,33,2.5,236,142,0,1.8,94,NA,NA,NA,NA,NA,NA,869.4000000000001,86,645.8000000000001,NA,NA,NA
1958,260,230,0,4.429999999999999,NA,NA,NA,0.07692307692307693,39,552,191,78,6.960000000000001,35.5,113,NA,164,NA,NA,23,NA,869.4000000000001,86,645.8000000000001,NA,7,NA
1959,259,190,0,0.3,NA,NA,NA,0.08695652173913032,43,133,147,23,0,7,124,NA,140.5,NA,NA,2,NA,869.4000000000001,86,645.8000000000001,NA,2,NA
1960,NA,231,NA,NA,NA,NA,NA,0.38750000000000007,18,11,213,130,0,0.6,83,NA,NA,NA,NA,NA,NA,869.4000000000001,86,645.8000000000001,NA,NA,NA
1961,NA,NA,NA,NA,NA,NA,NA,NA,NA,NA,NA,NA,NA,NA,NA,NA,NA,NA,NA,NA,NA,NA,NA,NA,NA,NA,NA
1962,307,178,0,2.2,10,223.90484202593058,62,0.1111111111111111,41,674,137,17,0.96,2,120,NA,135,132,NA,13,2,869.4000000000001,86,645.8000000000001,NA,4,2
1963,NA,261,NA,NA,NA,NA,NA,0.09999999999999998,61,13,200,81,0,1.6,119,NA,154.5,NA,NA,3,NA,869.4000000000001,86,645.8000000000001,NA,2,NA
1964,NA,NA,NA,NA,NA,NA,NA,NA,NA,NA,NA,NA,NA,NA,NA,NA,NA,NA,NA,NA,NA,NA,NA,NA,NA,NA,NA
1965,171,231,0,0.1,NA,NA,NA,0.10172413793103444,37,124,194,106,0,0.4,88,NA,189,NA,NA,2,NA,869.4000000000001,86,645.8000000000001,NA,1,NA
1966,298,170,0,2.3,NA,NA,NA,0.0638297872340425,45,199,125,89,1.4400000000000013,11,36,NA,87,89,NA,8,1,869.4000000000001,86,645.8000000000001,NA,4,1
1967,NA,245,NA,NA,21,15.995420290741606,63,0.05999999999999996,42,46,203,101,0.9,8,102,115,113,115,1,4,1,869.4000000000001,86,645.8000000000001,1,3,1
1968,NA,NA,NA,NA,NA,NA,NA,NA,NA,NA,NA,NA,NA,NA,NA,NA,NA,NA,NA,NA,NA,NA,NA,NA,NA,NA,NA
1969,NA,214,NA,NA,NA,NA,NA,0.07142857142857142,64,978,150,48,0,49,102,131,136,130.5,2,19,4,869.4000000000001,86,645.8000000000001,2,6,2
1970,NA,NA,NA,NA,NA,NA,NA,NA,NA,NA,NA,NA,NA,NA,NA,NA,NA,NA,NA,NA,NA,NA,NA,NA,NA,NA,NA
1971,NA,NA,NA,NA,NA,NA,NA,NA,NA,NA,NA,NA,NA,NA,NA,NA,NA,NA,NA,NA,NA,NA,NA,NA,NA,NA,NA
1972,NA,NA,NA,NA,NA,NA,NA,NA,NA,NA,NA,NA,NA,NA,NA,NA,NA,NA,NA,NA,NA,NA,NA,NA,NA,NA,NA
