Year,DS_Dur_WS,DS_Tim,DS_Mag_50,DS_Mag_90,FA_Dur,FA_Mag,FA_Tim,SP_ROC,SP_Dur,SP_Mag,SP_Tim,Wet_BFL_Dur,Wet_BFL_Mag_10,Wet_BFL_Mag_50,Wet_Tim,Peak_Tim_10,Peak_Tim_2,Peak_Tim_5,Peak_Dur_10,Peak_Dur_2,Peak_Dur_5,Peak_10,Peak_2,Peak_5,Peak_Fre_10,Peak_Fre_2,Peak_Fre_5
1961,194,294,0,0.5,NA,NA,NA,0.16666666666666663,52,1.4,242,136,1,2.1,106,NA,NA,NA,NA,NA,NA,3512,1535,2800.000000000001,NA,NA,NA
1962,288,188,0.6,5.320000000000005,NA,NA,NA,0.0967741935483871,28,1230,160,38,1.6,146.5,122,NA,137,137,NA,1,1,3512,1535,2800.000000000001,NA,1,1
1963,234,231,0.8500000000000001,9.8,2,312.96616846853556,13,0.07142857142857142,25,487,206,96,1.9500000000000002,80,110,122,122,122,1,2,2,3512,1535,2800.000000000001,1,1,1
1964,207,234,0.1,1.5,2,97.94381510444846,50,0.08823529411764701,117,824,117,18,2.8999999999999995,3.55,99,NA,NA,NA,NA,NA,NA,3512,1535,2800.000000000001,NA,NA,NA
1965,194,216,0.2,6.380000000000007,3,19.95278219243434,44,0.1,20,710,196,121,6.5,28,75,NA,97,97,NA,2,1,3512,1535,2800.000000000001,NA,1,1
1966,246,169,0.35,3.8,NA,NA,NA,0.08333333333333333,37,185,132,88,2.3400000000000003,11,44,NA,NA,NA,NA,NA,NA,3512,1535,2800.000000000001,NA,NA,NA
1967,227,237,0.1,7.160000000000002,NA,NA,NA,0.0759493670886076,30,735,207,158,3.5,39.5,49,NA,140.5,NA,NA,4,NA,3512,1535,2800.000000000001,NA,4,NA
1968,246,220,0,0.61,NA,NA,NA,0.09090909090909098,32,15,188,90,2.5800000000000005,6.5,98,NA,NA,NA,NA,NA,NA,3512,1535,2800.000000000001,NA,NA,NA
1969,222,238,0.08499999999999999,5.59,NA,NA,NA,0.06666666666666667,83,1520,155,55,36.2,396,100,113,116,113,2,8,2,3512,1535,2800.000000000001,2,3,2
1970,233,185,0.03,9.580000000000002,NA,NA,NA,0.07692307692307693,27,628,158,64,23.3,66.5,94,NA,109.5,NA,NA,2,NA,3512,1535,2800.000000000001,NA,2,NA
1971,229,210,0.04,4.520000000000001,NA,NA,NA,0.08012820512820512,11,44,199,147,8.5,20,52,NA,NA,NA,NA,NA,NA,3512,1535,2800.000000000001,NA,NA,NA
1972,228,177,0.055,1.3,NA,NA,NA,0.06451612903225812,45,115,132,59,0,4.7,73,NA,NA,NA,NA,NA,NA,3512,1535,2800.000000000001,NA,NA,NA
1973,196,208,0,6.45,NA,NA,NA,0.060024009603841535,32,176,176,137,4.5,82,39,NA,133,NA,NA,1,NA,3512,1535,2800.000000000001,NA,1,NA
1974,254,227,0.18,7.470000000000002,NA,NA,NA,0.075,40,884,187,149,11,40,38,NA,152,NA,NA,1,NA,3512,1535,2800.000000000001,NA,1,NA
1975,246,241,0.09,2.1,3,95.9877645966166,64,0.061249999999999985,48,131,193,78,11.160000000000004,118,115,NA,NA,NA,NA,NA,NA,3512,1535,2800.000000000001,NA,NA,NA
1976,172,271,0,0.019000000000000055,NA,NA,NA,0.08064516129032265,70,2,201,80,0.22700000000000004,1.2,121,NA,NA,NA,NA,NA,NA,3512,1535,2800.000000000001,NA,NA,NA
1977,136,309,0,0,NA,NA,NA,0.0869565217391305,62,1.3,247,170,0.53,0.89,77,NA,NA,NA,NA,NA,NA,3512,1535,2800.000000000001,NA,NA,NA
1978,194,268,0,0.9940000000000003,NA,NA,NA,0.10389610389610388,109,3060,159,80,6.27,57,79,NA,131,155,NA,4,1,3512,1535,2800.000000000001,NA,3,1
1979,228,218,0,2.2600000000000025,NA,NA,NA,0.07043650793650794,35,104,183,87,6.46,20,96,NA,NA,NA,NA,NA,NA,3512,1535,2800.000000000001,NA,NA,NA
1980,238,235,0.315,5.530000000000001,NA,NA,NA,0.07407407407407407,74,578,161,81,11,102,80,140,121,141.5,1,8,3,3512,1535,2800.000000000001,1,2,2
1981,229,213,0.16,6.600000000000017,1,1.026688888468476,65,0.08012820512820512,38,462,175,68,2,20.5,107,NA,120,NA,NA,1,NA,3512,1535,2800.000000000001,NA,1,NA
1982,NA,229,NA,NA,2,353.9931018430956,44,0.07868937048503612,33,3400,196,120,27.9,127.5,76,181,181,181,1,7,3,3512,1535,2800.000000000001,1,5,3
1983,NA,NA,NA,NA,NA,NA,NA,NA,NA,NA,NA,NA,NA,NA,NA,NA,NA,NA,NA,NA,NA,NA,NA,NA,NA,NA,NA
1984,NA,NA,NA,NA,NA,NA,NA,NA,NA,NA,NA,NA,NA,NA,NA,NA,NA,NA,NA,NA,NA,NA,NA,NA,NA,NA,NA
1985,NA,NA,NA,NA,NA,NA,NA,NA,NA,NA,NA,NA,NA,NA,NA,NA,NA,NA,NA,NA,NA,NA,NA,NA,NA,NA,NA
1986,NA,NA,NA,NA,NA,NA,NA,NA,NA,NA,NA,NA,NA,NA,NA,NA,NA,NA,NA,NA,NA,NA,NA,NA,NA,NA,NA
1987,NA,NA,NA,NA,NA,NA,NA,NA,NA,NA,NA,NA,NA,NA,NA,NA,NA,NA,NA,NA,NA,NA,NA,NA,NA,NA,NA
1988,NA,NA,NA,NA,NA,NA,NA,NA,NA,NA,NA,NA,NA,NA,NA,NA,NA,NA,NA,NA,NA,NA,NA,NA,NA,NA,NA
1989,NA,NA,NA,NA,NA,NA,NA,NA,NA,NA,NA,NA,NA,NA,NA,NA,NA,NA,NA,NA,NA,NA,NA,NA,NA,NA,NA
1990,NA,NA,NA,NA,NA,NA,NA,NA,NA,NA,NA,NA,NA,NA,NA,NA,NA,NA,NA,NA,NA,NA,NA,NA,NA,NA,NA
1991,NA,NA,NA,NA,NA,NA,NA,NA,NA,NA,NA,NA,NA,NA,NA,NA,NA,NA,NA,NA,NA,NA,NA,NA,NA,NA,NA
1992,NA,NA,NA,NA,NA,NA,NA,NA,NA,NA,NA,NA,NA,NA,NA,NA,NA,NA,NA,NA,NA,NA,NA,NA,NA,NA,NA
1993,NA,NA,NA,NA,NA,NA,NA,NA,NA,NA,NA,NA,NA,NA,NA,NA,NA,NA,NA,NA,NA,NA,NA,NA,NA,NA,NA
1994,NA,NA,NA,NA,NA,NA,NA,NA,NA,NA,NA,NA,NA,NA,NA,NA,NA,NA,NA,NA,NA,NA,NA,NA,NA,NA,NA
1995,NA,NA,NA,NA,NA,NA,NA,NA,NA,NA,NA,NA,NA,NA,NA,NA,NA,NA,NA,NA,NA,NA,NA,NA,NA,NA,NA
1996,NA,NA,NA,NA,NA,NA,NA,NA,NA,NA,NA,NA,NA,NA,NA,NA,NA,NA,NA,NA,NA,NA,NA,NA,NA,NA,NA
1997,NA,NA,NA,NA,NA,NA,NA,NA,NA,NA,NA,NA,NA,NA,NA,NA,NA,NA,NA,NA,NA,NA,NA,NA,NA,NA,NA
1998,NA,NA,NA,NA,NA,NA,NA,NA,NA,NA,NA,NA,NA,NA,NA,NA,NA,NA,NA,NA,NA,NA,NA,NA,NA,NA,NA
1999,NA,NA,NA,NA,NA,NA,NA,NA,NA,NA,NA,NA,NA,NA,NA,NA,NA,NA,NA,NA,NA,NA,NA,NA,NA,NA,NA
2000,NA,NA,NA,NA,NA,NA,NA,NA,NA,NA,NA,NA,NA,NA,NA,NA,NA,NA,NA,NA,NA,NA,NA,NA,NA,NA,NA
2001,NA,NA,NA,NA,NA,NA,NA,NA,NA,NA,NA,NA,NA,NA,NA,NA,NA,NA,NA,NA,NA,NA,NA,NA,NA,NA,NA
2002,NA,NA,NA,NA,NA,NA,NA,NA,NA,NA,NA,NA,NA,NA,NA,NA,NA,NA,NA,NA,NA,NA,NA,NA,NA,NA,NA
2003,NA,NA,NA,NA,NA,NA,NA,NA,NA,NA,NA,NA,NA,NA,NA,NA,NA,NA,NA,NA,NA,NA,NA,NA,NA,NA,NA
2004,NA,NA,NA,NA,NA,NA,NA,NA,NA,NA,NA,NA,NA,NA,NA,NA,NA,NA,NA,NA,NA,NA,NA,NA,NA,NA,NA
2005,232,209,0.1,12.900000000000006,14,4.551233329659231,43,0.07673267326732677,32,1040,177,96,16.8,88.6,81,NA,95,NA,NA,2,NA,3512,1535,2800.000000000001,NA,2,NA
2006,260,228,0.32,7.395,NA,NA,NA,0.07346938775510208,39,1760,189,114,10.89,55.650000000000006,75,NA,138,NA,NA,2,NA,3512,1535,2800.000000000001,NA,2,NA
2007,281,171,0,2.61,NA,NA,NA,0.09898107714701597,18,476,153,31,1.87,12.5,122,NA,NA,NA,NA,NA,NA,3512,1535,2800.000000000001,NA,NA,NA
2008,307,184,0,2.208000000000001,NA,NA,NA,0.05228758169934645,33,724,151,65,0,25.5,86,NA,NA,NA,NA,NA,NA,3512,1535,2800.000000000001,NA,NA,NA
2009,281,184,0.82,5.87,NA,NA,NA,0.09006622516556288,26,1370,158,33,2.008,53,125,NA,NA,NA,NA,NA,NA,3512,1535,2800.000000000001,NA,NA,NA
2010,223,217,0.16,8.106000000000002,2,496.8449281021088,13,0.12755102040816327,19,444,198,99,16.76,50.6,99,NA,110,NA,NA,3,NA,3512,1535,2800.000000000001,NA,1,NA
2011,303,216,0.43,9.906000000000002,NA,NA,NA,0.054852320675105516,38,2180,178,104,7.279,46.3,74,NA,170,NA,NA,4,NA,3512,1535,2800.000000000001,NA,3,NA
2012,193,227,0,0.78,NA,NA,NA,0.0991501416430594,27,183,200,47,1.846,11.8,153,NA,NA,NA,NA,NA,NA,3512,1535,2800.000000000001,NA,NA,NA
2013,390,114,0,4.094,NA,NA,NA,0.1122994652406416,26,909,88,34,0,10.15,54,NA,NA,NA,NA,NA,NA,3512,1535,2800.000000000001,NA,NA,NA
2014,224,202,0,0.5240000000000004,NA,NA,NA,0.1041666666666666,14,40.2,188,50,0,2.98,138,NA,NA,NA,NA,NA,NA,3512,1535,2800.000000000001,NA,NA,NA
2015,293,151,0,2.3340000000000005,NA,NA,NA,0.08771929824561403,16,490,135,75,1.908,4.77,60,NA,NA,NA,NA,NA,NA,3512,1535,2800.000000000001,NA,NA,NA
2016,246,187,0.545,9.24,NA,NA,NA,0.08487452890890705,19,1990,168,90,6.236000000000001,33,78,NA,160.5,NA,NA,3,NA,3512,1535,2800.000000000001,NA,2,NA
2017,278,232,0.295,7.137000000000002,9,21.290493732521536,28,0.06666666666666665,86,3120,146,79,13.38,190,67,NA,129,129,NA,9,3,3512,1535,2800.000000000001,NA,5,3
2018,237,222,0.07,3.970000000000002,NA,NA,NA,0.07666264178043136,29,111,193,49,2.4060000000000006,23.7,144,NA,NA,NA,NA,NA,NA,3512,1535,2800.000000000001,NA,NA,NA
2019,164,259,0.065,1.6380000000000006,3,77.38310776155666,60,0.06299603174603179,98,356,161,68,18.770000000000003,153.5,93,NA,136,NA,NA,2,NA,3512,1535,2800.000000000001,NA,1,NA
2020,203,220,0,1.7820000000000005,NA,NA,NA,0.07619047619047625,28,519,192,135,4.01,6.23,57,NA,NA,NA,NA,NA,NA,3512,1535,2800.000000000001,NA,NA,NA
