metric,status_code,status,alteration_type,median_in_iqr,comid
DS_Dur_WS,1,likely_unaltered,none_found,TRUE,17682474
DS_Tim,0,indeterminate,unknown,TRUE,17682474
DS_Mag_50,0,indeterminate,unknown,TRUE,17682474
DS_Mag_90,0,indeterminate,high,FALSE,17682474
FA_Dur,1,likely_unaltered,none_found,TRUE,17682474
FA_Mag,1,likely_unaltered,none_found,TRUE,17682474
FA_Tim,0,indeterminate,unknown,TRUE,17682474
SP_ROC,1,likely_unaltered,none_found,FALSE,17682474
SP_Dur,1,likely_unaltered,none_found,TRUE,17682474
SP_Mag,0,indeterminate,unknown,TRUE,17682474
SP_Tim,0,indeterminate,unknown,TRUE,17682474
Wet_BFL_Dur,0,indeterminate,unknown,TRUE,17682474
Wet_BFL_Mag_10,0,indeterminate,unknown,TRUE,17682474
Wet_BFL_Mag_50,0,indeterminate,unknown,TRUE,17682474
Wet_Tim,0,indeterminate,late,FALSE,17682474
Peak_Dur_10,1,likely_unaltered,none_found,TRUE,17682474
Peak_Dur_2,1,likely_unaltered,none_found,TRUE,17682474
Peak_Dur_5,1,likely_unaltered,none_found,TRUE,17682474
Peak_10,1,likely_unaltered,none_found,TRUE,17682474
Peak_2,1,likely_unaltered,none_found,TRUE,17682474
Peak_5,1,likely_unaltered,none_found,TRUE,17682474
Peak_Fre_10,1,likely_unaltered,none_found,TRUE,17682474
Peak_Fre_2,1,likely_unaltered,none_found,TRUE,17682474
Peak_Fre_5,1,likely_unaltered,none_found,TRUE,17682474
