Year,DS_Dur_WS,DS_Tim,DS_Mag_50,DS_Mag_90,FA_Dur,FA_Mag,FA_Tim,SP_ROC,SP_Dur,SP_Mag,SP_Tim,Wet_BFL_Dur,Wet_BFL_Mag_10,Wet_BFL_Mag_50,Wet_Tim,Peak_Tim_10,Peak_Tim_2,Peak_Tim_5,Peak_Dur_10,Peak_Dur_2,Peak_Dur_5,Peak_10,Peak_2,Peak_5,Peak_Fre_10,Peak_Fre_2,Peak_Fre_5
1917,NA,NA,NA,NA,NA,NA,NA,NA,NA,NA,NA,NA,NA,NA,NA,NA,NA,NA,NA,NA,NA,NA,NA,NA,NA,NA,NA
1918,NA,NA,NA,NA,NA,NA,NA,NA,NA,NA,NA,NA,NA,NA,NA,NA,NA,NA,NA,NA,NA,NA,NA,NA,NA,NA,NA
1919,NA,NA,NA,NA,NA,NA,NA,NA,NA,NA,NA,NA,NA,NA,NA,NA,NA,NA,NA,NA,NA,NA,NA,NA,NA,NA,NA
1920,NA,NA,NA,NA,NA,NA,NA,NA,NA,NA,NA,NA,NA,NA,NA,NA,NA,NA,NA,NA,NA,NA,NA,NA,NA,NA,NA
1921,NA,NA,NA,NA,NA,NA,NA,NA,NA,NA,NA,NA,NA,NA,NA,NA,NA,NA,NA,NA,NA,NA,NA,NA,NA,NA,NA
1922,NA,NA,NA,NA,NA,NA,NA,NA,NA,NA,NA,NA,NA,NA,NA,NA,NA,NA,NA,NA,NA,NA,NA,NA,NA,NA,NA
1923,NA,NA,NA,NA,NA,NA,NA,NA,NA,NA,NA,NA,NA,NA,NA,NA,NA,NA,NA,NA,NA,NA,NA,NA,NA,NA,NA
1924,NA,NA,NA,NA,NA,NA,NA,NA,NA,NA,NA,NA,NA,NA,NA,NA,NA,NA,NA,NA,NA,NA,NA,NA,NA,NA,NA
1925,NA,NA,NA,NA,NA,NA,NA,NA,NA,NA,NA,NA,NA,NA,NA,NA,NA,NA,NA,NA,NA,NA,NA,NA,NA,NA,NA
1926,NA,NA,NA,NA,NA,NA,NA,NA,NA,NA,NA,NA,NA,NA,NA,NA,NA,NA,NA,NA,NA,NA,NA,NA,NA,NA,NA
1927,NA,NA,NA,NA,NA,NA,NA,NA,NA,NA,NA,NA,NA,NA,NA,NA,NA,NA,NA,NA,NA,NA,NA,NA,NA,NA,NA
1928,NA,NA,NA,NA,NA,NA,NA,NA,NA,NA,NA,NA,NA,NA,NA,NA,NA,NA,NA,NA,NA,NA,NA,NA,NA,NA,NA
1929,NA,NA,NA,NA,NA,NA,NA,NA,NA,NA,NA,NA,NA,NA,NA,NA,NA,NA,NA,NA,NA,NA,NA,NA,NA,NA,NA
1930,NA,NA,NA,NA,NA,NA,NA,NA,NA,NA,NA,NA,NA,NA,NA,NA,NA,NA,NA,NA,NA,NA,NA,NA,NA,NA,NA
1931,NA,NA,NA,NA,NA,NA,NA,NA,NA,NA,NA,NA,NA,NA,NA,NA,NA,NA,NA,NA,NA,NA,NA,NA,NA,NA,NA
1932,NA,NA,NA,NA,NA,NA,NA,NA,NA,NA,NA,NA,NA,NA,NA,NA,NA,NA,NA,NA,NA,NA,NA,NA,NA,NA,NA
1933,NA,NA,NA,NA,NA,NA,NA,NA,NA,NA,NA,NA,NA,NA,NA,NA,NA,NA,NA,NA,NA,NA,NA,NA,NA,NA,NA
1934,NA,NA,NA,NA,NA,NA,NA,NA,NA,NA,NA,NA,NA,NA,NA,NA,NA,NA,NA,NA,NA,NA,NA,NA,NA,NA,NA
1935,NA,NA,NA,NA,NA,NA,NA,NA,NA,NA,NA,NA,NA,NA,NA,NA,NA,NA,NA,NA,NA,NA,NA,NA,NA,NA,NA
1936,NA,NA,NA,NA,NA,NA,NA,NA,NA,NA,NA,NA,NA,NA,NA,NA,NA,NA,NA,NA,NA,NA,NA,NA,NA,NA,NA
1937,NA,NA,NA,NA,NA,NA,NA,NA,NA,NA,NA,NA,NA,NA,NA,NA,NA,NA,NA,NA,NA,NA,NA,NA,NA,NA,NA
1938,NA,NA,NA,NA,NA,NA,NA,NA,NA,NA,NA,NA,NA,NA,NA,NA,NA,NA,NA,NA,NA,NA,NA,NA,NA,NA,NA
1939,NA,NA,NA,NA,NA,NA,NA,NA,NA,NA,NA,NA,NA,NA,NA,NA,NA,NA,NA,NA,NA,NA,NA,NA,NA,NA,NA
1940,NA,NA,NA,NA,NA,NA,NA,NA,NA,NA,NA,NA,NA,NA,NA,NA,NA,NA,NA,NA,NA,NA,NA,NA,NA,NA,NA
1941,NA,NA,NA,NA,NA,NA,NA,NA,NA,NA,NA,NA,NA,NA,NA,NA,NA,NA,NA,NA,NA,NA,NA,NA,NA,NA,NA
1942,NA,NA,NA,NA,NA,NA,NA,NA,NA,NA,NA,NA,NA,NA,NA,NA,NA,NA,NA,NA,NA,NA,NA,NA,NA,NA,NA
1943,NA,NA,NA,NA,NA,NA,NA,NA,NA,NA,NA,NA,NA,NA,NA,NA,NA,NA,NA,NA,NA,NA,NA,NA,NA,NA,NA
1944,NA,NA,NA,NA,NA,NA,NA,NA,NA,NA,NA,NA,NA,NA,NA,NA,NA,NA,NA,NA,NA,NA,NA,NA,NA,NA,NA
1945,NA,NA,NA,NA,NA,NA,NA,NA,NA,NA,NA,NA,NA,NA,NA,NA,NA,NA,NA,NA,NA,NA,NA,NA,NA,NA,NA
1946,NA,NA,NA,NA,NA,NA,NA,NA,NA,NA,NA,NA,NA,NA,NA,NA,NA,NA,NA,NA,NA,NA,NA,NA,NA,NA,NA
1947,NA,NA,NA,NA,NA,NA,NA,NA,NA,NA,NA,NA,NA,NA,NA,NA,NA,NA,NA,NA,NA,NA,NA,NA,NA,NA,NA
1948,NA,NA,NA,NA,NA,NA,NA,NA,NA,NA,NA,NA,NA,NA,NA,NA,NA,NA,NA,NA,NA,NA,NA,NA,NA,NA,NA
1949,NA,NA,NA,NA,NA,NA,NA,NA,NA,NA,NA,NA,NA,NA,NA,NA,NA,NA,NA,NA,NA,NA,NA,NA,NA,NA,NA
1950,NA,NA,NA,NA,NA,NA,NA,NA,NA,NA,NA,NA,NA,NA,NA,NA,NA,NA,NA,NA,NA,NA,NA,NA,NA,NA,NA
1951,NA,NA,NA,NA,NA,NA,NA,NA,NA,NA,NA,NA,NA,NA,NA,NA,NA,NA,NA,NA,NA,NA,NA,NA,NA,NA,NA
1952,NA,NA,NA,NA,NA,NA,NA,NA,NA,NA,NA,NA,NA,NA,NA,NA,NA,NA,NA,NA,NA,NA,NA,NA,NA,NA,NA
1953,NA,NA,NA,NA,NA,NA,NA,NA,NA,NA,NA,NA,NA,NA,NA,NA,NA,NA,NA,NA,NA,NA,NA,NA,NA,NA,NA
1954,NA,NA,NA,NA,NA,NA,NA,NA,NA,NA,NA,NA,NA,NA,NA,NA,NA,NA,NA,NA,NA,NA,NA,NA,NA,NA,NA
1955,NA,NA,NA,NA,NA,NA,NA,NA,NA,NA,NA,NA,NA,NA,NA,NA,NA,NA,NA,NA,NA,NA,NA,NA,NA,NA,NA
1956,NA,NA,NA,NA,NA,NA,NA,NA,NA,NA,NA,NA,NA,NA,NA,NA,NA,NA,NA,NA,NA,NA,NA,NA,NA,NA,NA
1957,NA,NA,NA,NA,NA,NA,NA,NA,NA,NA,NA,NA,NA,NA,NA,NA,NA,NA,NA,NA,NA,NA,NA,NA,NA,NA,NA
1958,NA,NA,NA,NA,NA,NA,NA,NA,NA,NA,NA,NA,NA,NA,NA,NA,NA,NA,NA,NA,NA,NA,NA,NA,NA,NA,NA
1959,NA,NA,NA,NA,NA,NA,NA,NA,NA,NA,NA,NA,NA,NA,NA,NA,NA,NA,NA,NA,NA,NA,NA,NA,NA,NA,NA
1960,NA,165,NA,NA,NA,NA,NA,0.16666666666666663,29,51,136,27,0,0.8,109,NA,NA,NA,NA,NA,NA,222.8,72.35,156.4000000000001,NA,NA,NA
1961,NA,NA,NA,NA,NA,NA,NA,NA,NA,NA,NA,NA,NA,NA,NA,NA,NA,NA,NA,NA,NA,NA,NA,NA,NA,NA,NA
1962,NA,NA,NA,NA,NA,NA,NA,NA,NA,NA,NA,NA,NA,NA,NA,NA,NA,NA,NA,NA,NA,NA,NA,NA,NA,NA,NA
1963,NA,257,NA,NA,4,147.7355728460951,12,0.13392857142857145,52,31,205,NA,NA,NA,NA,NA,12,NA,NA,1,NA,222.8,72.35,156.4000000000001,NA,1,NA
1964,NA,NA,NA,NA,NA,NA,NA,NA,NA,NA,NA,NA,NA,NA,NA,NA,NA,NA,NA,NA,NA,NA,NA,NA,NA,NA,NA
1965,NA,220,NA,NA,NA,NA,NA,0.23076923076923078,25,11,195,122,0.5,1.55,73,NA,83,NA,NA,1,NA,222.8,72.35,156.4000000000001,NA,1,NA
1966,NA,NA,NA,NA,NA,NA,NA,NA,NA,NA,NA,NA,NA,NA,NA,NA,NA,NA,NA,NA,NA,NA,NA,NA,NA,NA,NA
1967,227,250,0,0.2,NA,NA,NA,0.08452380952380945,44,38,206,104,0.5,4.45,102,NA,116,NA,NA,4,NA,222.8,72.35,156.4000000000001,NA,2,NA
1968,264,204,0,0.02,NA,NA,NA,0.20282608695652174,17,4.8,187,76,0,1.3,111,NA,NA,NA,NA,NA,NA,222.8,72.35,156.4000000000001,NA,NA,NA
1969,236,228,0,0.2,NA,NA,NA,0.07692307692307698,74,62,154,52,0.1690000000000001,24.5,102,NA,116,116,NA,2,1,222.8,72.35,156.4000000000001,NA,1,1
1970,238,178,0,0.17,NA,NA,NA,0.15999999999999998,62,335,116,18,0,8.05,98,112,112,112,1,1,1,222.8,72.35,156.4000000000001,1,1,1
1971,NA,220,NA,NA,NA,NA,NA,0.08552631578947363,112,13,108,58,0,7.15,50,NA,NA,NA,NA,NA,NA,222.8,72.35,156.4000000000001,NA,NA,NA
1972,NA,NA,NA,NA,NA,NA,NA,NA,NA,NA,NA,NA,NA,NA,NA,NA,NA,NA,NA,NA,NA,NA,NA,NA,NA,NA,NA
1973,184,213,0,0.5,3,23.03172589019514,45,0.06250000000000006,39,19,174,100,1.4600000000000002,12,74,107,128,108,1,5,2,222.8,72.35,156.4000000000001,1,3,2
1974,248,236,0,0.6690000000000004,NA,NA,NA,0.08012820512820511,50,256,186,155,1.1,4.6,31,182,87,134.5,1,4,2,222.8,72.35,156.4000000000001,1,3,2
1975,NA,225,NA,NA,NA,NA,NA,0.09375000000000008,32,12,193,75,0.87,3.9,118,NA,175,NA,NA,1,NA,222.8,72.35,156.4000000000001,NA,1,NA
1976,NA,NA,NA,NA,NA,NA,NA,NA,NA,NA,NA,NA,NA,NA,NA,NA,NA,NA,NA,NA,NA,NA,NA,NA,NA,NA,NA
1977,NA,NA,NA,NA,NA,NA,NA,NA,NA,NA,NA,NA,NA,NA,NA,NA,NA,NA,NA,NA,NA,NA,NA,NA,NA,NA,NA
1978,233,226,0,0.05400000000000034,NA,NA,NA,0.11764705882352938,35,28,191,99,1.4600000000000002,5.6,92,NA,105,NA,NA,3,NA,222.8,72.35,156.4000000000001,NA,1,NA
1979,214,230,0,0.01,NA,NA,NA,0.07362637362637361,34,2.4,196,103,0.312,2.1,93,NA,NA,NA,NA,NA,NA,222.8,72.35,156.4000000000001,NA,NA,NA
1980,291,188,0,0.96,NA,NA,NA,0.07773584905660376,27,27,161,83,0.5660000000000001,2.6,78,NA,141,141,NA,3,1,222.8,72.35,156.4000000000001,NA,3,1
1981,223,218,0,0,NA,NA,NA,0.15624999999999997,43,34,175,62,0.05100000000000001,0.35,113,NA,NA,NA,NA,NA,NA,222.8,72.35,156.4000000000001,NA,NA,NA
1982,222,249,0.01,2.7700000000000014,2,2.2804900835702693,54,0.06486676016830295,50,34,199,124,2.5,7.85,75,137,138,137,3,7,4,222.8,72.35,156.4000000000001,3,4,3
1983,117,282,0.14,0.704,1,22.98187158564057,48,0.06666666666666672,24,9.8,258,153,2.9,13,105,163,129,146,1,13,4,222.8,72.35,156.4000000000001,1,9,4
1984,178,225,0,0.5560000000000003,NA,NA,NA,0.06250000000000006,53,15,172,139,2.6,4.8,33,NA,54,NA,NA,1,NA,222.8,72.35,156.4000000000001,NA,1,NA
1985,242,228,0,0.02,NA,NA,NA,0.1016949152542372,48,12,180,143,0.42800000000000005,1.2,37,NA,NA,NA,NA,NA,NA,222.8,72.35,156.4000000000001,NA,NA,NA
1986,NA,189,NA,NA,6,3.4484832185122913,62,0.09047860646034159,23,46,166,62,1.61,4.65,104,NA,137,139,NA,5,1,222.8,72.35,156.4000000000001,NA,2,1
1987,NA,NA,NA,NA,NA,NA,NA,NA,NA,NA,NA,NA,NA,NA,NA,NA,NA,NA,NA,NA,NA,NA,NA,NA,NA,NA,NA
1988,NA,NA,NA,NA,NA,NA,NA,NA,NA,NA,NA,NA,NA,NA,NA,NA,NA,NA,NA,NA,NA,NA,NA,NA,NA,NA,NA
1989,NA,NA,NA,NA,NA,NA,NA,NA,NA,NA,NA,NA,NA,NA,NA,NA,NA,NA,NA,NA,NA,NA,NA,NA,NA,NA,NA
1990,NA,NA,NA,NA,NA,NA,NA,NA,NA,NA,NA,NA,NA,NA,NA,NA,NA,NA,NA,NA,NA,NA,NA,NA,NA,NA,NA
1991,NA,NA,NA,NA,NA,NA,NA,NA,NA,NA,NA,NA,NA,NA,NA,NA,NA,NA,NA,NA,NA,NA,NA,NA,NA,NA,NA
1992,NA,NA,NA,NA,NA,NA,NA,NA,NA,NA,NA,NA,NA,NA,NA,NA,NA,NA,NA,NA,NA,NA,NA,NA,NA,NA,NA
1993,NA,221,NA,NA,NA,NA,NA,0.10319148936170211,69,101,152,68,1.198,5.9,84,104,141,104,1,4,1,222.8,72.35,156.4000000000001,1,3,1
1994,NA,NA,NA,NA,NA,NA,NA,NA,NA,NA,NA,NA,NA,NA,NA,NA,NA,NA,NA,NA,NA,NA,NA,NA,NA,NA,NA
1995,249,218,0,1.1,NA,NA,NA,0.03973684210526317,41,80,177,90,2.99,9.05,87,NA,160,NA,NA,4,NA,222.8,72.35,156.4000000000001,NA,3,NA
1996,233,193,0,1.4,23,1.805035793798304,72,0.0785361842105263,33,55,160,59,3.9740000000000038,19,101,NA,122,NA,NA,3,NA,222.8,72.35,156.4000000000001,NA,3,NA
1997,273,183,0,0.9540000000000003,NA,NA,NA,0.06155303030303025,62,133,121,61,1.2,7.9,60,NA,104,93,NA,6,1,222.8,72.35,156.4000000000001,NA,4,1
1998,241,230,0.01,0.9,8,3.067887574223422,56,0.037386443046820414,41,27,189,99,8.300000000000004,20,90,125,118.5,114,1,10,2,222.8,72.35,156.4000000000001,1,6,2
1999,222,254,0,0.03800000000000011,NA,NA,NA,0.0555555555555556,58,12,196,91,2.7,6.5,105,NA,130,NA,NA,2,NA,222.8,72.35,156.4000000000001,NA,2,NA
2000,298,194,0,0.9480000000000007,NA,NA,NA,0.08235294117647061,34,77,160,50,0.9260000000000002,13.5,110,NA,145.5,135,NA,3,1,222.8,72.35,156.4000000000001,NA,2,1
2001,209,219,0,0,NA,NA,NA,0.375,25,3.2,194,68,0.07700000000000001,1.1,126,NA,NA,NA,NA,NA,NA,222.8,72.35,156.4000000000001,NA,NA,NA
2002,228,205,0,0,6,1.850424926392185,62,0.13818181818181824,44,3.6,161,99,0.08800000000000005,1.2,62,NA,NA,NA,NA,NA,NA,222.8,72.35,156.4000000000001,NA,NA,NA
2003,191,251,0,0,NA,NA,NA,0.16489898989898988,33,17.7,218,151,0.01,0.5,67,NA,NA,NA,NA,NA,NA,222.8,72.35,156.4000000000001,NA,NA,NA
2004,264,182,0,0,NA,NA,NA,0.17500000000000002,30,50.6,152,76,0.02,0.925,76,NA,119.5,NA,NA,2,NA,222.8,72.35,156.4000000000001,NA,2,NA
2005,232,208,0,0.849,NA,NA,NA,0.12918660287081332,26,43.6,182,102,0.3280000000000001,3.9699999999999998,80,NA,173,NA,NA,1,NA,222.8,72.35,156.4000000000001,NA,1,NA
2006,244,244,0,1.2910000000000006,NA,NA,NA,0.04205898858888822,19,6.61,225,151,2.1,7.91,74,NA,139,NA,NA,4,NA,222.8,72.35,156.4000000000001,NA,4,NA
2007,214,220,0,0,2,5.019654370211371,44,0.5228813559322034,67,44.3,153,31,0,1.92,122,NA,NA,NA,NA,NA,NA,222.8,72.35,156.4000000000001,NA,NA,NA
2008,NA,175,NA,NA,8,1.6215375506764498,67,0.1776669929043308,25,16.2,150,82,0,1.2850000000000001,68,NA,NA,NA,NA,NA,NA,222.8,72.35,156.4000000000001,NA,NA,NA
2009,NA,NA,NA,NA,NA,NA,NA,NA,NA,NA,NA,NA,NA,NA,NA,NA,NA,NA,NA,NA,NA,NA,NA,NA,NA,NA,NA
2010,209,226,0,0.132000000000001,4,21.101027097545806,12,0.23249516441005807,21,10.1,205,115,0.058000000000000045,2.81,90,NA,111,NA,NA,1,NA,222.8,72.35,156.4000000000001,NA,1,NA
2011,NA,280,NA,NA,5,1.266560598765267,38,0.14754098360655732,102,150,178,109,0.03,2.38,69,NA,170,NA,NA,3,NA,222.8,72.35,156.4000000000001,NA,3,NA
2012,NA,NA,NA,NA,NA,NA,NA,NA,NA,NA,NA,NA,NA,NA,NA,NA,NA,NA,NA,NA,NA,NA,NA,NA,NA,NA,NA
2013,NA,163,NA,NA,NA,NA,NA,0.20345433255269324,75,43,88,38,0,1.85,50,NA,72.5,NA,NA,2,NA,222.8,72.35,156.4000000000001,NA,2,NA
2014,NA,NA,NA,NA,NA,NA,NA,NA,NA,NA,NA,NA,NA,NA,NA,NA,NA,NA,NA,NA,NA,NA,NA,NA,NA,NA,NA
2015,217,214,0,0,NA,NA,NA,0.23809523809523805,79,19.1,135,89,0,1.52,46,NA,71,NA,NA,2,NA,222.8,72.35,156.4000000000001,NA,1,NA
2016,214,216,0,0,NA,NA,NA,0.19999999999999987,47,71,169,104,0,1.24,65,NA,NA,NA,NA,NA,NA,222.8,72.35,156.4000000000001,NA,NA,NA
2017,236,221,0,0.515,5,1.9918689639385738,15,0.061020960108181255,29,11.2,192,128,2.505,9.93,64,NA,129,142,NA,11,1,222.8,72.35,156.4000000000001,NA,5,1
2018,224,214,0,0,1,6.609701975919788,46,0.23076923076923075,22,68.2,192,101,0.1,0.47,91,NA,NA,NA,NA,NA,NA,222.8,72.35,156.4000000000001,NA,NA,NA
2019,NA,251,NA,NA,11,7.188023713206128,54,0.13829667547955216,71,29,180,108,0,3.425,72,NA,NA,NA,NA,NA,NA,222.8,72.35,156.4000000000001,NA,NA,NA
2020,NA,NA,NA,NA,NA,NA,NA,NA,NA,NA,NA,NA,NA,NA,NA,NA,NA,NA,NA,NA,NA,NA,NA,NA,NA,NA,NA
