Year,DS_Dur_WS,DS_Tim,DS_Mag_50,DS_Mag_90,FA_Dur,FA_Mag,FA_Tim,SP_ROC,SP_Dur,SP_Mag,SP_Tim,Wet_BFL_Dur,Wet_BFL_Mag_10,Wet_BFL_Mag_50,Wet_Tim,Peak_Tim_10,Peak_Tim_2,Peak_Tim_5,Peak_Dur_10,Peak_Dur_2,Peak_Dur_5,Peak_10,Peak_2,Peak_5,Peak_Fre_10,Peak_Fre_2,Peak_Fre_5
1922,228,321,12,18,5,12.99960197306574,6,0.08,56,554,265,80,16,284,185,NA,245,NA,NA,9,NA,822.5,540.5,753,NA,3,NA
1923,225,314,4.7,10,NA,NA,NA,0.1,36,356,278,95,36,208,183,NA,NA,NA,NA,NA,NA,822.5,540.5,753,NA,NA,NA
1924,273,268,4.7,20,5,11.998243457792261,0,0.09433962264150944,43,262,225,52,4.960000000000001,60.5,173,NA,NA,NA,NA,NA,NA,822.5,540.5,753,NA,NA,NA
1925,229,305,5.5,20,5,14.99184379972708,52,0.10344827586206896,46,429,259,84,37.3,161,175,NA,NA,NA,NA,NA,NA,822.5,540.5,753,NA,NA,NA
1926,277,277,10,27,3,11.948846769361941,5,0.07368421052631578,30,292,247,79,40,195,168,NA,NA,NA,NA,NA,NA,822.5,540.5,753,NA,NA,NA
1927,230,320,10,44.099999999999994,4,72.9029055602466,58,0.1,60,614,260,72,28.200000000000003,286.5,188,NA,253,NA,NA,9,NA,822.5,540.5,753,NA,4,NA
1928,246,300,3.5,15,7,41.921003367691704,25,0.09090909090909091,56,450,244,60,37.7,266,184,NA,NA,NA,NA,NA,NA,822.5,540.5,753,NA,NA,NA
1929,203,331,3.5,8,NA,NA,NA,0.12195121951219502,69,482,262,82,17.299999999999997,155,180,NA,NA,NA,NA,NA,NA,822.5,540.5,753,NA,NA,NA
1930,NA,303,NA,NA,NA,NA,NA,0.08620689655172414,45,440,258,90,30,111,168,NA,NA,NA,NA,NA,NA,822.5,540.5,753,NA,NA,NA
1931,NA,NA,NA,NA,NA,NA,NA,NA,NA,NA,NA,NA,NA,NA,NA,NA,NA,NA,NA,NA,NA,NA,NA,NA,NA,NA,NA
1932,NA,NA,NA,NA,NA,NA,NA,NA,NA,NA,NA,NA,NA,NA,NA,NA,NA,NA,NA,NA,NA,NA,NA,NA,NA,NA,NA
1933,NA,NA,NA,NA,NA,NA,NA,NA,NA,NA,NA,NA,NA,NA,NA,NA,NA,NA,NA,NA,NA,NA,NA,NA,NA,NA,NA
1934,251,293,6,25,5,8.09483238839331,64,0.08876050420168068,72,220,221,84,13,72,137,NA,NA,NA,NA,NA,NA,822.5,540.5,753,NA,NA,NA
1935,NA,311,NA,NA,2,14.000849246047293,31,0.1,59,682,252,74,37.3,199.5,178,NA,244,246,NA,12,1,822.5,540.5,753,NA,1,1
1936,NA,NA,NA,NA,NA,NA,NA,NA,NA,NA,NA,NA,NA,NA,NA,NA,NA,NA,NA,NA,NA,NA,NA,NA,NA,NA,NA
1937,NA,NA,NA,NA,NA,NA,NA,NA,NA,NA,NA,NA,NA,NA,NA,NA,NA,NA,NA,NA,NA,NA,NA,NA,NA,NA,NA
1938,NA,NA,NA,NA,NA,NA,NA,NA,NA,NA,NA,NA,NA,NA,NA,NA,NA,NA,NA,NA,NA,NA,NA,NA,NA,NA,NA
1939,NA,NA,NA,NA,NA,NA,NA,NA,NA,NA,NA,NA,NA,NA,NA,NA,NA,NA,NA,NA,NA,NA,NA,NA,NA,NA,NA
1940,NA,NA,NA,NA,NA,NA,NA,NA,NA,NA,NA,NA,NA,NA,NA,NA,NA,NA,NA,NA,NA,NA,NA,NA,NA,NA,NA
1941,NA,NA,NA,NA,NA,NA,NA,NA,NA,NA,NA,NA,NA,NA,NA,NA,NA,NA,NA,NA,NA,NA,NA,NA,NA,NA,NA
1942,NA,NA,NA,NA,NA,NA,NA,NA,NA,NA,NA,NA,NA,NA,NA,NA,NA,NA,NA,NA,NA,NA,NA,NA,NA,NA,NA
1943,NA,NA,NA,NA,NA,NA,NA,NA,NA,NA,NA,NA,NA,NA,NA,NA,NA,NA,NA,NA,NA,NA,NA,NA,NA,NA,NA
1944,NA,NA,NA,NA,NA,NA,NA,NA,NA,NA,NA,NA,NA,NA,NA,NA,NA,NA,NA,NA,NA,NA,NA,NA,NA,NA,NA
1945,NA,NA,NA,NA,NA,NA,NA,NA,NA,NA,NA,NA,NA,NA,NA,NA,NA,NA,NA,NA,NA,NA,NA,NA,NA,NA,NA
1946,NA,NA,NA,NA,NA,NA,NA,NA,NA,NA,NA,NA,NA,NA,NA,NA,NA,NA,NA,NA,NA,NA,NA,NA,NA,NA,NA
1947,NA,NA,NA,NA,NA,NA,NA,NA,NA,NA,NA,NA,NA,NA,NA,NA,NA,NA,NA,NA,NA,NA,NA,NA,NA,NA,NA
1948,NA,NA,NA,NA,NA,NA,NA,NA,NA,NA,NA,NA,NA,NA,NA,NA,NA,NA,NA,NA,NA,NA,NA,NA,NA,NA,NA
1949,NA,NA,NA,NA,NA,NA,NA,NA,NA,NA,NA,NA,NA,NA,NA,NA,NA,NA,NA,NA,NA,NA,NA,NA,NA,NA,NA
1950,NA,NA,NA,NA,NA,NA,NA,NA,NA,NA,NA,NA,NA,NA,NA,NA,NA,NA,NA,NA,NA,NA,NA,NA,NA,NA,NA
1951,NA,NA,NA,NA,NA,NA,NA,NA,NA,NA,NA,NA,NA,NA,NA,NA,NA,NA,NA,NA,NA,NA,NA,NA,NA,NA,NA
1952,NA,NA,NA,NA,NA,NA,NA,NA,NA,NA,NA,NA,NA,NA,NA,NA,NA,NA,NA,NA,NA,NA,NA,NA,NA,NA,NA
1953,NA,NA,NA,NA,NA,NA,NA,NA,NA,NA,NA,NA,NA,NA,NA,NA,NA,NA,NA,NA,NA,NA,NA,NA,NA,NA,NA
1954,NA,NA,NA,NA,NA,NA,NA,NA,NA,NA,NA,NA,NA,NA,NA,NA,NA,NA,NA,NA,NA,NA,NA,NA,NA,NA,NA
1955,NA,NA,NA,NA,NA,NA,NA,NA,NA,NA,NA,NA,NA,NA,NA,NA,NA,NA,NA,NA,NA,NA,NA,NA,NA,NA,NA
1956,NA,NA,NA,NA,NA,NA,NA,NA,NA,NA,NA,NA,NA,NA,NA,NA,NA,NA,NA,NA,NA,NA,NA,NA,NA,NA,NA
1957,248,299,11,17,2,15.997323159666912,7,0.0969208211143695,45,609,254,58,63.5,163,196,NA,243,245,NA,8,2,822.5,540.5,753,NA,1,1
1958,180,313,5.15,23.19999999999999,NA,NA,NA,0.1067629179331307,49,754,264,83,23.400000000000006,338,181,NA,241,246.5,NA,24,2,822.5,540.5,753,NA,3,2
1959,231,290,2.3,11,NA,NA,NA,0.07692307692307693,39,219,251,124,13,109.5,127,NA,NA,NA,NA,NA,NA,822.5,540.5,753,NA,NA,NA
1960,200,318,4.5,12,9,12.005648965209243,0,0.1,70,242,248,93,9.28,114,155,NA,NA,NA,NA,NA,NA,822.5,540.5,753,NA,NA,NA
1961,189,345,6.5,18.200000000000017,9,12.17909878528116,39,0.11999999999999993,92,169,253,101,13,107,152,NA,NA,NA,NA,NA,NA,822.5,540.5,753,NA,NA,NA
1962,238,329,4.15,20,12,29.985490071311112,64,0.08333333333333333,63,515,266,98,24.400000000000006,212,168,NA,247.5,NA,NA,3,NA,822.5,540.5,753,NA,2,NA
1963,218,308,12,35,2,13.000028668591039,14,0.08108108108108109,45,826,263,62,20.200000000000003,313,201,259,247,191,1,11,4,822.5,540.5,753,1,4,2
1964,225,327,22,42,2,47.92169872643002,11,0.11696306429548561,79,288,248,88,15.100000000000003,69.5,160,NA,NA,NA,NA,NA,NA,822.5,540.5,753,NA,NA,NA
1965,171,346,12,21,4,37.98843845691861,44,0.10957401032702238,70,305,276,90,35.9,233.5,186,NA,83,NA,NA,1,NA,822.5,540.5,753,NA,1,NA
1966,249,323,18,38.20000000000002,10,29.97467477719919,48,0.10344827586206896,90,417,233,82,16.599999999999998,192.5,151,NA,NA,NA,NA,NA,NA,822.5,540.5,753,NA,NA,NA
1967,207,325,11,32.400000000000006,2,99.95399892653494,58,0.07860262008733625,48,1100,277,71,28,422,206,266,259,265,9,31,12,822.5,540.5,753,2,3,2
1968,209,324,18,35,NA,NA,NA,0.10471491228070176,80,358,244,78,21.7,105.5,166,NA,NA,NA,NA,NA,NA,822.5,540.5,753,NA,NA,NA
1969,188,334,12,20,2,43.98659359058473,33,0.10059171597633136,87,1500,247,80,30.500000000000004,229,167,234,261,233,17,53,18,822.5,540.5,753,1,5,1
1970,209,314,8.3,32.20000000000002,4,24.013335640892592,16,0.09009740259740259,67,497,247,91,25,77,156,NA,228,NA,NA,1,NA,822.5,540.5,753,NA,1,NA
1971,171,333,10,14,2,15.98623214618285,55,0.1069047619047619,78,436,255,98,24.400000000000006,134,157,NA,NA,NA,NA,NA,NA,822.5,540.5,753,NA,NA,NA
1972,232,313,15,23,NA,NA,NA,0.09638554216867477,59,651,254,116,17,107,138,NA,250,NA,NA,1,NA,822.5,540.5,753,NA,1,NA
1973,213,333,21,40,5,39.99252109342726,46,0.10405405405405406,79,770,254,75,24.600000000000005,228,179,NA,236.5,244.5,NA,22,3,822.5,540.5,753,NA,4,2
1974,238,324,5.85,19.30000000000001,3,85.02141943854811,42,0.10050505050505051,72,658,252,72,43.099999999999994,222,180,NA,242,NA,NA,8,NA,822.5,540.5,753,NA,2,NA
1975,240,312,5.9,22.099999999999994,NA,NA,NA,0.08722826086956523,60,667,252,56,22.5,245,196,NA,246.5,NA,NA,19,NA,822.5,540.5,753,NA,2,NA
1976,199,332,3.8,18.200000000000017,2,51.99778293739661,10,0.10404971932638332,103,305,229,43,19.2,94,186,NA,NA,NA,NA,NA,NA,822.5,540.5,753,NA,NA,NA
1977,258,296,4.7,33.30000000000001,5,54.994467841981546,2,0.09716981132075472,41,378,255,90,8.08,68,165,NA,NA,NA,NA,NA,NA,822.5,540.5,753,NA,NA,NA
1978,177,374,14,25,2,9.499259626819534,5,0.08771929824561403,91,592,283,95,62.400000000000006,484,188,294.5,279,294,3,43,4,822.5,540.5,753,2,6,2
1979,260,285,15,35.099999999999994,NA,NA,NA,0.10735516744821474,43,697,242,65,26,123,177,NA,238.5,NA,NA,14,NA,822.5,540.5,753,NA,2,NA
1980,200,336,5.3,14,6,42.95096677810146,19,0.07407407407407407,57,712,279,100,28.9,251,179,NA,255,NA,NA,23,NA,822.5,540.5,753,NA,2,NA
1981,230,306,3.8,13,7,17.98253056747403,72,0.07954545454545454,55,455,251,81,17,180,170,NA,NA,NA,NA,NA,NA,822.5,540.5,753,NA,NA,NA
