metric,status_code,status,alteration_type,median_in_iqr,comid
DS_Dur_WS,1,likely_unaltered,none_found,TRUE,21609641
DS_Tim,1,likely_unaltered,none_found,TRUE,21609641
DS_Mag_50,0,indeterminate,unknown,TRUE,21609641
DS_Mag_90,0,indeterminate,unknown,TRUE,21609641
FA_Dur,1,likely_unaltered,none_found,TRUE,21609641
FA_Mag,0,indeterminate,unknown,TRUE,21609641
FA_Tim,0,indeterminate,unknown,TRUE,21609641
SP_ROC,1,likely_unaltered,none_found,TRUE,21609641
SP_Dur,0,indeterminate,unknown,TRUE,21609641
SP_Mag,0,indeterminate,unknown,TRUE,21609641
SP_Tim,0,indeterminate,late,FALSE,21609641
Wet_BFL_Dur,1,likely_unaltered,none_found,TRUE,21609641
Wet_BFL_Mag_10,0,indeterminate,unknown,TRUE,21609641
Wet_BFL_Mag_50,0,indeterminate,unknown,TRUE,21609641
Wet_Tim,0,indeterminate,late,FALSE,21609641
Peak_Dur_10,1,likely_unaltered,none_found,TRUE,21609641
Peak_Dur_2,1,likely_unaltered,none_found,TRUE,21609641
Peak_Dur_5,1,likely_unaltered,none_found,TRUE,21609641
Peak_10,1,likely_unaltered,none_found,FALSE,21609641
Peak_2,1,likely_unaltered,none_found,TRUE,21609641
Peak_5,-1,likely_altered,low,FALSE,21609641
Peak_Fre_10,1,likely_unaltered,none_found,TRUE,21609641
Peak_Fre_2,1,likely_unaltered,none_found,TRUE,21609641
Peak_Fre_5,1,likely_unaltered,none_found,TRUE,21609641
