metric,status_code,status,alteration_type,median_in_iqr,comid
DS_Dur_WS,0,indeterminate,high,FALSE,21609533
DS_Tim,0,indeterminate,unknown,TRUE,21609533
DS_Mag_50,0,indeterminate,low,FALSE,21609533
DS_Mag_90,0,indeterminate,unknown,TRUE,21609533
FA_Dur,1,likely_unaltered,none_found,TRUE,21609533
FA_Mag,0,indeterminate,unknown,TRUE,21609533
FA_Tim,0,indeterminate,early,FALSE,21609533
SP_ROC,1,likely_unaltered,none_found,FALSE,21609533
SP_Dur,0,indeterminate,unknown,TRUE,21609533
SP_Mag,1,likely_unaltered,none_found,TRUE,21609533
SP_Tim,0,indeterminate,late,FALSE,21609533
Wet_BFL_Dur,0,indeterminate,unknown,TRUE,21609533
Wet_BFL_Mag_10,0,indeterminate,unknown,TRUE,21609533
Wet_BFL_Mag_50,0,indeterminate,high,FALSE,21609533
Wet_Tim,0,indeterminate,late,FALSE,21609533
Peak_Dur_10,1,likely_unaltered,none_found,TRUE,21609533
Peak_Dur_2,1,likely_unaltered,none_found,TRUE,21609533
Peak_Dur_5,1,likely_unaltered,none_found,TRUE,21609533
Peak_10,1,likely_unaltered,none_found,FALSE,21609533
Peak_2,1,likely_unaltered,none_found,TRUE,21609533
Peak_5,1,likely_unaltered,none_found,TRUE,21609533
Peak_Fre_10,1,likely_unaltered,none_found,TRUE,21609533
Peak_Fre_2,1,likely_unaltered,none_found,TRUE,21609533
Peak_Fre_5,1,likely_unaltered,none_found,TRUE,21609533
