Year,DS_Dur_WS,DS_Tim,DS_Mag_50,DS_Mag_90,FA_Dur,FA_Mag,FA_Tim,SP_ROC,SP_Dur,SP_Mag,SP_Tim,Wet_BFL_Dur,Wet_BFL_Mag_10,Wet_BFL_Mag_50,Wet_Tim,Peak_Tim_10,Peak_Tim_2,Peak_Tim_5,Peak_Dur_10,Peak_Dur_2,Peak_Dur_5,Peak_10,Peak_2,Peak_5,Peak_Fre_10,Peak_Fre_2,Peak_Fre_5
1933,NA,NA,NA,NA,NA,NA,NA,NA,NA,NA,NA,NA,NA,NA,NA,NA,NA,NA,NA,NA,NA,NA,NA,NA,NA,NA,NA
1934,NA,NA,NA,NA,NA,NA,NA,NA,NA,NA,NA,NA,NA,NA,NA,NA,NA,NA,NA,NA,NA,NA,NA,NA,NA,NA,NA
1935,NA,NA,NA,NA,NA,NA,NA,NA,NA,NA,NA,NA,NA,NA,NA,NA,NA,NA,NA,NA,NA,NA,NA,NA,NA,NA,NA
1936,NA,NA,NA,NA,NA,NA,NA,NA,NA,NA,NA,NA,NA,NA,NA,NA,NA,NA,NA,NA,NA,NA,NA,NA,NA,NA,NA
1937,275,207,0,2.119999999999999,NA,NA,NA,0.08712121212121213,29,247,178,62,5.050000000000001,29,116,NA,154,NA,NA,2,NA,2227.9999999999986,553,1628.0000000000007,NA,2,NA
1938,NA,205,NA,NA,23,1069.7406176605245,71,0.06278464541314249,38,873,167,51,5.5,213,116,NA,142,133,NA,11,1,2227.9999999999986,553,1628.0000000000007,NA,6,1
1939,NA,NA,NA,NA,NA,NA,NA,NA,NA,NA,NA,NA,NA,NA,NA,NA,NA,NA,NA,NA,NA,NA,NA,NA,NA,NA,NA
1940,224,222,0,0,NA,NA,NA,0.11513157894736842,35,113,187,97,1.3400000000000014,31,90,NA,149,NA,NA,3,NA,2227.9999999999986,553,1628.0000000000007,NA,1,NA
1941,202,236,0,15,NA,NA,NA,0.06438242608455375,47,969,189,109,32.6,138,80,NA,152,NA,NA,11,NA,2227.9999999999986,553,1628.0000000000007,NA,5,NA
1942,216,251,0,0.05,NA,NA,NA,0.09090909090909091,50,40,201,129,6.5,24,72,NA,102.5,NA,NA,2,NA,2227.9999999999986,553,1628.0000000000007,NA,2,NA
1943,290,202,0,1.3100000000000023,NA,NA,NA,0.07692307692307693,30,253,172,71,0,37,101,NA,121,NA,NA,4,NA,2227.9999999999986,553,1628.0000000000007,NA,3,NA
1944,293,184,0,0.7800000000000011,NA,NA,NA,0.14000000000000004,28,317,156,30,2.5400000000000005,21,126,NA,151,NA,NA,1,NA,2227.9999999999986,553,1628.0000000000007,NA,1,NA
1945,242,196,0,0.2,NA,NA,NA,0.15524256651017215,68,2550,128,17,0,0,111,124,124,124,1,1,1,2227.9999999999986,553,1628.0000000000007,1,1,1
1946,NA,199,NA,NA,NA,NA,NA,0.13961038961038963,98,34,101,29,0,7.5,72,NA,NA,NA,NA,NA,NA,2227.9999999999986,553,1628.0000000000007,NA,NA,NA
1947,NA,NA,NA,NA,NA,NA,NA,NA,NA,NA,NA,NA,NA,NA,NA,NA,NA,NA,NA,NA,NA,NA,NA,NA,NA,NA,NA
1948,NA,NA,NA,NA,NA,NA,NA,NA,NA,NA,NA,NA,NA,NA,NA,NA,NA,NA,NA,NA,NA,NA,NA,NA,NA,NA,NA
1949,NA,NA,NA,NA,NA,NA,NA,NA,NA,NA,NA,NA,NA,NA,NA,NA,NA,NA,NA,NA,NA,NA,NA,NA,NA,NA,NA
1950,NA,NA,NA,NA,NA,NA,NA,NA,NA,NA,NA,NA,NA,NA,NA,NA,NA,NA,NA,NA,NA,NA,NA,NA,NA,NA,NA
1951,270,181,0,0.20999999999999946,NA,NA,NA,0.1485294117647059,109,935,72,31,0,2.8,41,NA,66,NA,NA,2,NA,2227.9999999999986,553,1628.0000000000007,NA,2,NA
1952,NA,226,NA,NA,2,179.98354788522252,65,0.08888888888888889,55,400,171,86,10.5,32.5,85,NA,135.5,NA,NA,5,NA,2227.9999999999986,553,1628.0000000000007,NA,4,NA
1953,NA,NA,NA,NA,NA,NA,NA,NA,NA,NA,NA,NA,NA,NA,NA,NA,NA,NA,NA,NA,NA,NA,NA,NA,NA,NA,NA
1954,NA,NA,NA,NA,NA,NA,NA,NA,NA,NA,NA,NA,NA,NA,NA,NA,NA,NA,NA,NA,NA,NA,NA,NA,NA,NA,NA
1955,NA,NA,NA,NA,NA,NA,NA,NA,NA,NA,NA,NA,NA,NA,NA,NA,NA,NA,NA,NA,NA,NA,NA,NA,NA,NA,NA
1956,NA,185,NA,NA,NA,NA,NA,0.0625,36,123,149,78,0,56.5,71,83,83,83,1,2,1,2227.9999999999986,553,1628.0000000000007,1,1,1
1957,NA,NA,NA,NA,NA,NA,NA,NA,NA,NA,NA,NA,NA,NA,NA,NA,NA,NA,NA,NA,NA,NA,NA,NA,NA,NA,NA
1958,270,223,0,6.2,NA,NA,NA,0.07692307692307693,35,3010,188,66,21,81,122,184,172,162,1,8,3,2227.9999999999986,553,1628.0000000000007,1,5,2
1959,NA,172,NA,NA,NA,NA,NA,0.125,25,765,147,20,0,56,127,NA,140.5,NA,NA,2,NA,2227.9999999999986,553,1628.0000000000007,NA,2,NA
1960,NA,NA,NA,NA,NA,NA,NA,NA,NA,NA,NA,NA,NA,NA,NA,NA,NA,NA,NA,NA,NA,NA,NA,NA,NA,NA,NA
1961,NA,NA,NA,NA,NA,NA,NA,NA,NA,NA,NA,NA,NA,NA,NA,NA,NA,NA,NA,NA,NA,NA,NA,NA,NA,NA,NA
1962,282,194,0,0.2,NA,NA,NA,0.1111111111111111,33,230,161,39,0,42,122,NA,137,NA,NA,2,NA,2227.9999999999986,553,1628.0000000000007,NA,1,NA
1963,NA,217,NA,NA,NA,NA,NA,0.18181818181818182,24,130,193,83,0,14,110,NA,128.5,123,NA,3,1,2227.9999999999986,553,1628.0000000000007,NA,2,1
1964,NA,NA,NA,NA,NA,NA,NA,NA,NA,NA,NA,NA,NA,NA,NA,NA,NA,NA,NA,NA,NA,NA,NA,NA,NA,NA,NA
1965,NA,217,NA,NA,NA,NA,NA,0.1875,21,132,196,114,1.1,8.1,82,NA,NA,NA,NA,NA,NA,2227.9999999999986,553,1628.0000000000007,NA,NA,NA
1966,NA,NA,NA,NA,NA,NA,NA,NA,NA,NA,NA,NA,NA,NA,NA,NA,NA,NA,NA,NA,NA,NA,NA,NA,NA,NA,NA
1967,NA,239,NA,NA,2,364.941793328325,66,0.12195121951219512,31,180,208,105,4.2,29,103,NA,115,NA,NA,3,NA,2227.9999999999986,553,1628.0000000000007,NA,3,NA
1968,NA,NA,NA,NA,NA,NA,NA,NA,NA,NA,NA,NA,NA,NA,NA,NA,NA,NA,NA,NA,NA,NA,NA,NA,NA,NA,NA
1969,281,182,0,7.2,NA,NA,NA,0.07062733693394266,31,1060,151,49,0,164,102,NA,137,116,NA,12,1,2227.9999999999986,553,1628.0000000000007,NA,6,1
1970,211,210,0,0,NA,NA,NA,0.21739130434782608,51,284,159,62,0,14,97,NA,NA,NA,NA,NA,NA,2227.9999999999986,553,1628.0000000000007,NA,NA,NA
1971,NA,187,NA,NA,NA,NA,NA,0.10526315789473684,77,98,110,55,0,7.1,55,NA,NA,NA,NA,NA,NA,2227.9999999999986,553,1628.0000000000007,NA,NA,NA
1972,NA,NA,NA,NA,NA,NA,NA,NA,NA,NA,NA,NA,NA,NA,NA,NA,NA,NA,NA,NA,NA,NA,NA,NA,NA,NA,NA
1973,235,210,0,0,5,172.95240502085187,46,0.0851449275362319,56,494,154,58,21.8,66,96,NA,133,NA,NA,3,NA,2227.9999999999986,553,1628.0000000000007,NA,3,NA
1974,270,218,0,0.24,3,32.99629150159719,62,0.11399711399711401,31,144,187,108,3.0700000000000003,14.5,79,NA,NA,NA,NA,NA,NA,2227.9999999999986,553,1628.0000000000007,NA,NA,NA
1975,NA,222,NA,NA,NA,NA,NA,0.12500000000000003,46,198,176,54,0.59,29,122,NA,NA,NA,NA,NA,NA,2227.9999999999986,553,1628.0000000000007,NA,NA,NA
1976,NA,NA,NA,NA,NA,NA,NA,NA,NA,NA,NA,NA,NA,NA,NA,NA,NA,NA,NA,NA,NA,NA,NA,NA,NA,NA,NA
1977,NA,NA,NA,NA,NA,NA,NA,NA,NA,NA,NA,NA,NA,NA,NA,NA,NA,NA,NA,NA,NA,NA,NA,NA,NA,NA,NA
1978,NA,243,NA,NA,NA,NA,NA,0.08333333333333333,84,1230,159,64,0.420000000000001,33,95,NA,131,131,NA,7,1,2227.9999999999986,553,1628.0000000000007,NA,3,1
1979,NA,NA,NA,NA,NA,NA,NA,NA,NA,NA,NA,NA,NA,NA,NA,NA,NA,NA,NA,NA,NA,NA,NA,NA,NA,NA,NA
1980,NA,182,NA,NA,NA,NA,NA,0.08450704225352113,37,2100,145,49,0,7.2,96,140,121.5,140.5,1,8,5,2227.9999999999986,553,1628.0000000000007,1,2,2
1981,NA,NA,NA,NA,NA,NA,NA,NA,NA,NA,NA,NA,NA,NA,NA,NA,NA,NA,NA,NA,NA,NA,NA,NA,NA,NA,NA
1982,206,236,0,4.05,NA,NA,NA,0.08333333333333333,40,1400,196,111,1.1,38,85,NA,165,96,NA,6,1,2227.9999999999986,553,1628.0000000000007,NA,4,1
1983,151,261,0,1.7,20,313.9793700378723,60,0.06557377049180328,48,252,213,137,6.800000000000001,104,76,133,118,118,2,10,4,2227.9999999999986,553,1628.0000000000007,2,7,3
1984,NA,227,NA,NA,NA,NA,NA,0.08333333333333323,137,260,90,44,5.25,19.5,46,NA,85,NA,NA,1,NA,2227.9999999999986,553,1628.0000000000007,NA,1,NA
1985,NA,NA,NA,NA,NA,NA,NA,NA,NA,NA,NA,NA,NA,NA,NA,NA,NA,NA,NA,NA,NA,NA,NA,NA,NA,NA,NA
1986,NA,200,NA,NA,21,1.724382236547673,63,0.08257610177192184,30,702,170,45,9.900000000000002,197,125,141,160,139,1,9,3,2227.9999999999986,553,1628.0000000000007,1,3,1
1987,NA,NA,NA,NA,NA,NA,NA,NA,NA,NA,NA,NA,NA,NA,NA,NA,NA,NA,NA,NA,NA,NA,NA,NA,NA,NA,NA
1988,NA,NA,NA,NA,NA,NA,NA,NA,NA,NA,NA,NA,NA,NA,NA,NA,NA,NA,NA,NA,NA,NA,NA,NA,NA,NA,NA
1989,NA,NA,NA,NA,NA,NA,NA,NA,NA,NA,NA,NA,NA,NA,NA,NA,NA,NA,NA,NA,NA,NA,NA,NA,NA,NA,NA
1990,NA,NA,NA,NA,NA,NA,NA,NA,NA,NA,NA,NA,NA,NA,NA,NA,NA,NA,NA,NA,NA,NA,NA,NA,NA,NA,NA
1991,NA,NA,NA,NA,NA,NA,NA,NA,NA,NA,NA,NA,NA,NA,NA,NA,NA,NA,NA,NA,NA,NA,NA,NA,NA,NA,NA
1992,NA,NA,NA,NA,NA,NA,NA,NA,NA,NA,NA,NA,NA,NA,NA,NA,NA,NA,NA,NA,NA,NA,NA,NA,NA,NA,NA
1993,NA,208,NA,NA,NA,NA,NA,0.08333333333333333,27,237,181,89,15,65,92,NA,124.5,104,NA,6,1,2227.9999999999986,553,1628.0000000000007,NA,4,1
1994,NA,NA,NA,NA,NA,NA,NA,NA,NA,NA,NA,NA,NA,NA,NA,NA,NA,NA,NA,NA,NA,NA,NA,NA,NA,NA,NA
1995,272,205,0,9.68,NA,NA,NA,0.05718954248366013,28,1130,177,82,9.8,24,95,160,160,160,1,5,1,2227.9999999999986,553,1628.0000000000007,1,3,1
1996,191,241,0,0.06,NA,NA,NA,0.1111111111111111,73,326,168,57,25.8,104,111,NA,126,NA,NA,6,NA,2227.9999999999986,553,1628.0000000000007,NA,3,NA
1997,311,153,0,11,NA,NA,NA,0.0425531914893617,32,1540,121,55,17.4,68,66,NA,104,103.5,NA,9,2,2227.9999999999986,553,1628.0000000000007,NA,4,2
1998,300,174,0,39,2,34.997247986533395,69,0.06969486823855756,26,895,148,50,9.81,294.5,98,127,135.5,126.5,2,12,4,2227.9999999999986,553,1628.0000000000007,2,4,2
1999,NA,227,NA,NA,NA,NA,NA,0.153125,29,37,198,90,4.69,8.75,108,NA,NA,NA,NA,NA,NA,2227.9999999999986,553,1628.0000000000007,NA,NA,NA
2000,NA,NA,NA,NA,NA,NA,NA,NA,NA,NA,NA,NA,NA,NA,NA,NA,NA,NA,NA,NA,NA,NA,NA,NA,NA,NA,NA
2001,NA,NA,NA,NA,NA,NA,NA,NA,NA,NA,NA,NA,NA,NA,NA,NA,NA,NA,NA,NA,NA,NA,NA,NA,NA,NA,NA
2002,NA,NA,NA,NA,NA,NA,NA,NA,NA,NA,NA,NA,NA,NA,NA,NA,NA,NA,NA,NA,NA,NA,NA,NA,NA,NA,NA
2003,NA,226,NA,NA,NA,NA,NA,0.1649484536082474,131,108,95,29,0,28,66,NA,76,NA,NA,1,NA,2227.9999999999986,553,1628.0000000000007,NA,1,NA
2004,NA,NA,NA,NA,NA,NA,NA,NA,NA,NA,NA,NA,NA,NA,NA,NA,NA,NA,NA,NA,NA,NA,NA,NA,NA,NA,NA
2005,246,201,0,3.4699999999999998,NA,NA,NA,0.09821428571428566,24,277,177,93,5.842,29.7,84,NA,140,NA,NA,2,NA,2227.9999999999986,553,1628.0000000000007,NA,2,NA
2006,NA,226,NA,NA,NA,NA,NA,0.09327616206810838,36,593,190,109,1.208,6.49,81,NA,139.5,NA,NA,2,NA,2227.9999999999986,553,1628.0000000000007,NA,2,NA
2007,NA,NA,NA,NA,NA,NA,NA,NA,NA,NA,NA,NA,NA,NA,NA,NA,NA,NA,NA,NA,NA,NA,NA,NA,NA,NA,NA
2008,NA,177,NA,NA,NA,NA,NA,0.06896551724137923,26,350,151,61,0,18.5,90,NA,118,NA,NA,2,NA,2227.9999999999986,553,1628.0000000000007,NA,2,NA
2009,NA,NA,NA,NA,NA,NA,NA,NA,NA,NA,NA,NA,NA,NA,NA,NA,NA,NA,NA,NA,NA,NA,NA,NA,NA,NA,NA
2010,220,229,0,0.16899999999999948,5,128.96059548882405,13,0.0662623011304,31,76.1,198,99,6.304000000000006,22.4,99,NA,110,NA,NA,4,NA,2227.9999999999986,553,1628.0000000000007,NA,1,NA
2011,NA,213,NA,NA,NA,NA,NA,0.06756756756756756,34,1410,179,96,2.395,14.45,83,NA,160.5,170,NA,6,1,2227.9999999999986,553,1628.0000000000007,NA,4,1
2012,NA,NA,NA,NA,NA,NA,NA,NA,NA,NA,NA,NA,NA,NA,NA,NA,NA,NA,NA,NA,NA,NA,NA,NA,NA,NA,NA
2013,NA,NA,NA,NA,NA,NA,NA,NA,NA,NA,NA,NA,NA,NA,NA,NA,NA,NA,NA,NA,NA,NA,NA,NA,NA,NA,NA
2014,NA,NA,NA,NA,NA,NA,NA,NA,NA,NA,NA,NA,NA,NA,NA,NA,NA,NA,NA,NA,NA,NA,NA,NA,NA,NA,NA
2015,NA,NA,NA,NA,NA,NA,NA,NA,NA,NA,NA,NA,NA,NA,NA,NA,NA,NA,NA,NA,NA,NA,NA,NA,NA,NA,NA
2016,274,184,0,1.0510000000000024,NA,NA,NA,0.10200892537868494,15,1260,169,65,0,2.42,104,NA,164,NA,NA,2,NA,2227.9999999999986,553,1628.0000000000007,NA,1,NA
2017,NA,165,NA,NA,NA,NA,NA,0.11096256684491984,18,3610,147,55,0,117,92,122.5,134,127.5,2,16,5,2227.9999999999986,553,1628.0000000000007,2,6,4
2018,NA,NA,NA,NA,NA,NA,NA,NA,NA,NA,NA,NA,NA,NA,NA,NA,NA,NA,NA,NA,NA,NA,NA,NA,NA,NA,NA
2019,NA,245,NA,NA,NA,NA,NA,0.06684836326711649,84,101,161,64,0,79.30000000000001,97,NA,125,108,NA,5,1,2227.9999999999986,553,1628.0000000000007,NA,3,1
2020,NA,NA,NA,NA,NA,NA,NA,NA,NA,NA,NA,NA,NA,NA,NA,NA,NA,NA,NA,NA,NA,NA,NA,NA,NA,NA,NA
