Year,DS_Dur_WS,DS_Tim,DS_Mag_50,DS_Mag_90,FA_Dur,FA_Mag,FA_Tim,SP_ROC,SP_Dur,SP_Mag,SP_Tim,Wet_BFL_Dur,Wet_BFL_Mag_10,Wet_BFL_Mag_50,Wet_Tim,Peak_Tim_10,Peak_Tim_2,Peak_Tim_5,Peak_Dur_10,Peak_Dur_2,Peak_Dur_5,Peak_10,Peak_2,Peak_5,Peak_Fre_10,Peak_Fre_2,Peak_Fre_5
1959,221,254,4.9,16,2,38.99748266422343,44,0.0503129513721714,97,718,157,74,45.6,366,83,NA,NA,NA,NA,NA,NA,10800,5660,10100,NA,NA,NA
1960,134,271,4,15.700000000000003,NA,NA,NA,0.05727956254272044,104,1150,167,58,103.6,351.5,109,NA,130,130,NA,1,1,10800,5660,10100,NA,1,1
1961,188,284,5.5,84.60000000000002,9,8.126138075401343,6,0.062071917808219176,96,882,188,149,41.8,250,39,NA,NA,NA,NA,NA,NA,10800,5660,10100,NA,NA,NA
1962,145,273,7.3,50.79999999999998,7,437.9719829225265,55,0.05263157894736842,81,922,192,86,93,376.5,106,NA,NA,NA,NA,NA,NA,10800,5660,10100,NA,NA,NA
1963,123,273,11,33.599999999999994,6,3039.8773723873073,11,0.05,74,3510,199,147,51.2,211,52,NA,122,NA,NA,1,NA,10800,5660,10100,NA,1,NA
1964,141,275,2.3,24,2,79.98840026225348,15,0.05857588357588358,155,668,120,90,53.7,93.5,30,NA,NA,NA,NA,NA,NA,10800,5660,10100,NA,NA,NA
1965,158,243,9.8,55.900000000000034,3,321.9825773607457,40,0.08928571428571429,154,7000,89,39,76,550,50,81,89,81,3,7,3,10800,5660,10100,1,2,1
1966,157,249,5.7,31,NA,NA,NA,0.06060606060606061,53,1060,196,161,53,307,35,NA,NA,NA,NA,NA,NA,10800,5660,10100,NA,NA,NA
1967,161,286,7.7,50,NA,NA,NA,0.07453416149068323,163,6600,123,83,74,350,40,NA,115.5,NA,NA,2,NA,10800,5660,10100,NA,2,NA
1968,220,210,11,75.19999999999999,5,51.91494017890966,2,0.08333333333333333,63,3370,147,66,40.5,508,81,NA,NA,NA,NA,NA,NA,10800,5660,10100,NA,NA,NA
1969,173,260,11,51,4,411.98262682602405,48,0.0962962962962963,145,9550,115,51,62,720,64,NA,106.5,NA,NA,5,NA,10800,5660,10100,NA,2,NA
1970,168,229,5.699999999999999,39.60000000000002,3,116.99870083356718,16,0.08146699845953312,111,10100,118,51,115,1400,67,NA,116,114,NA,3,1,10800,5660,10100,NA,2,1
1971,183,281,11,93.60000000000002,NA,NA,NA,0.041666666666666664,101,2880,180,149,132.00000000000003,421,31,NA,NA,NA,NA,NA,NA,10800,5660,10100,NA,NA,NA
1972,160,270,9.5,96.19999999999999,5,66.01006719036735,43,0.05198147195059187,111,1380,159,61,84,274,98,NA,NA,NA,NA,NA,NA,10800,5660,10100,NA,NA,NA
1973,145,253,12,40.599999999999994,7,98.0018418277662,14,0.08955223880597014,142,5660,111,47,59.4,436,64,NA,107,NA,NA,1,NA,10800,5660,10100,NA,1,NA
1974,214,236,17,114.90000000000012,5,519.9982495188632,22,0.07035175879396985,52,4230,184,152,266.5,696.5,32,107,107,107,1,2,1,10800,5660,10100,1,1,1
1975,NA,267,NA,NA,9,36.01893273173087,27,0.07894736842105263,95,3600,172,88,74,692.5,84,NA,NA,NA,NA,NA,NA,10800,5660,10100,NA,NA,NA
1976,NA,NA,NA,NA,NA,NA,NA,NA,NA,NA,NA,NA,NA,NA,NA,NA,NA,NA,NA,NA,NA,NA,NA,NA,NA,NA,NA
1977,NA,NA,NA,NA,NA,NA,NA,NA,NA,NA,NA,NA,NA,NA,NA,NA,NA,NA,NA,NA,NA,NA,NA,NA,NA,NA,NA
1978,NA,NA,NA,NA,NA,NA,NA,NA,NA,NA,NA,NA,NA,NA,NA,NA,NA,NA,NA,NA,NA,NA,NA,NA,NA,NA,NA
1979,NA,NA,NA,NA,NA,NA,NA,NA,NA,NA,NA,NA,NA,NA,NA,NA,NA,NA,NA,NA,NA,NA,NA,NA,NA,NA,NA
1980,NA,NA,NA,NA,NA,NA,NA,NA,NA,NA,NA,NA,NA,NA,NA,NA,NA,NA,NA,NA,NA,NA,NA,NA,NA,NA,NA
1981,NA,NA,NA,NA,NA,NA,NA,NA,NA,NA,NA,NA,NA,NA,NA,NA,NA,NA,NA,NA,NA,NA,NA,NA,NA,NA,NA
1982,NA,NA,NA,NA,NA,NA,NA,NA,NA,NA,NA,NA,NA,NA,NA,NA,NA,NA,NA,NA,NA,NA,NA,NA,NA,NA,NA
1983,NA,NA,NA,NA,NA,NA,NA,NA,NA,NA,NA,NA,NA,NA,NA,NA,NA,NA,NA,NA,NA,NA,NA,NA,NA,NA,NA
1984,NA,NA,NA,NA,NA,NA,NA,NA,NA,NA,NA,NA,NA,NA,NA,NA,NA,NA,NA,NA,NA,NA,NA,NA,NA,NA,NA
1985,NA,NA,NA,NA,NA,NA,NA,NA,NA,NA,NA,NA,NA,NA,NA,NA,NA,NA,NA,NA,NA,NA,NA,NA,NA,NA,NA
1986,NA,NA,NA,NA,NA,NA,NA,NA,NA,NA,NA,NA,NA,NA,NA,NA,NA,NA,NA,NA,NA,NA,NA,NA,NA,NA,NA
1987,NA,NA,NA,NA,NA,NA,NA,NA,NA,NA,NA,NA,NA,NA,NA,NA,NA,NA,NA,NA,NA,NA,NA,NA,NA,NA,NA
1988,NA,NA,NA,NA,NA,NA,NA,NA,NA,NA,NA,NA,NA,NA,NA,NA,NA,NA,NA,NA,NA,NA,NA,NA,NA,NA,NA
1989,NA,NA,NA,NA,NA,NA,NA,NA,NA,NA,NA,NA,NA,NA,NA,NA,NA,NA,NA,NA,NA,NA,NA,NA,NA,NA,NA
1990,NA,NA,NA,NA,NA,NA,NA,NA,NA,NA,NA,NA,NA,NA,NA,NA,NA,NA,NA,NA,NA,NA,NA,NA,NA,NA,NA
1991,NA,NA,NA,NA,NA,NA,NA,NA,NA,NA,NA,NA,NA,NA,NA,NA,NA,NA,NA,NA,NA,NA,NA,NA,NA,NA,NA
1992,NA,NA,NA,NA,NA,NA,NA,NA,NA,NA,NA,NA,NA,NA,NA,NA,NA,NA,NA,NA,NA,NA,NA,NA,NA,NA,NA
1993,NA,NA,NA,NA,NA,NA,NA,NA,NA,NA,NA,NA,NA,NA,NA,NA,NA,NA,NA,NA,NA,NA,NA,NA,NA,NA,NA
1994,NA,NA,NA,NA,NA,NA,NA,NA,NA,NA,NA,NA,NA,NA,NA,NA,NA,NA,NA,NA,NA,NA,NA,NA,NA,NA,NA
1995,NA,NA,NA,NA,NA,NA,NA,NA,NA,NA,NA,NA,NA,NA,NA,NA,NA,NA,NA,NA,NA,NA,NA,NA,NA,NA,NA
1996,NA,NA,NA,NA,NA,NA,NA,NA,NA,NA,NA,NA,NA,NA,NA,NA,NA,NA,NA,NA,NA,NA,NA,NA,NA,NA,NA
1997,NA,NA,NA,NA,NA,NA,NA,NA,NA,NA,NA,NA,NA,NA,NA,NA,NA,NA,NA,NA,NA,NA,NA,NA,NA,NA,NA
1998,NA,NA,NA,NA,NA,NA,NA,NA,NA,NA,NA,NA,NA,NA,NA,NA,NA,NA,NA,NA,NA,NA,NA,NA,NA,NA,NA
1999,NA,NA,NA,NA,NA,NA,NA,NA,NA,NA,NA,NA,NA,NA,NA,NA,NA,NA,NA,NA,NA,NA,NA,NA,NA,NA,NA
2000,NA,NA,NA,NA,NA,NA,NA,NA,NA,NA,NA,NA,NA,NA,NA,NA,NA,NA,NA,NA,NA,NA,NA,NA,NA,NA,NA
2001,NA,NA,NA,NA,NA,NA,NA,NA,NA,NA,NA,NA,NA,NA,NA,NA,NA,NA,NA,NA,NA,NA,NA,NA,NA,NA,NA
2002,206,225,2.41,44.1,NA,NA,NA,0.0692974655402401,128,6650,97,53,107,654,44,NA,93,NA,NA,1,NA,10800,5660,10100,NA,1,NA
2003,156,266,6.405,20.55,8,679.986402501844,40,0.07666290868094701,47,1780,219,154,204.10000000000002,598,65,NA,75,NA,NA,2,NA,10800,5660,10100,NA,2,NA
2004,230,199,17.3,143.39999999999998,4,78.29884298766218,39,0.04801670146137787,47,2130,152,96,230,440,56,139,139,139,1,1,1,10800,5660,10100,1,1,1
2005,130,299,14.45,27.51,5,78.9975193015725,19,0.06370022972728229,66,3860,233,170,121.50000000000001,502,63,NA,NA,NA,NA,NA,NA,10800,5660,10100,NA,NA,NA
