Year,DS_Dur_WS,DS_Tim,DS_Mag_50,DS_Mag_90,FA_Dur,FA_Mag,FA_Tim,SP_ROC,SP_Dur,SP_Mag,SP_Tim,Wet_BFL_Dur,Wet_BFL_Mag_10,Wet_BFL_Mag_50,Wet_Tim,Peak_Tim_10,Peak_Tim_2,Peak_Tim_5,Peak_Dur_10,Peak_Dur_2,Peak_Dur_5,Peak_10,Peak_2,Peak_5,Peak_Fre_10,Peak_Fre_2,Peak_Fre_5
1912,58,329,43,142,4,141.9936548489849,47,0.07633587786259542,101,1040,228,133,327,522,95,NA,127.5,NA,NA,2,NA,9596.000000000002,4970,8254,NA,2,NA
1913,NA,326,NA,NA,NA,NA,NA,0.09554140127388536,86,920,240,219,172,632,21,NA,NA,NA,NA,NA,NA,9596.000000000002,4970,8254,NA,NA,NA
1914,NA,NA,NA,NA,NA,NA,NA,NA,NA,NA,NA,NA,NA,NA,NA,NA,NA,NA,NA,NA,NA,NA,NA,NA,NA,NA,NA
1915,NA,NA,NA,NA,NA,NA,NA,NA,NA,NA,NA,NA,NA,NA,NA,NA,NA,NA,NA,NA,NA,NA,NA,NA,NA,NA,NA
1916,NA,NA,NA,NA,NA,NA,NA,NA,NA,NA,NA,NA,NA,NA,NA,NA,NA,NA,NA,NA,NA,NA,NA,NA,NA,NA,NA
1917,NA,NA,NA,NA,NA,NA,NA,NA,NA,NA,NA,NA,NA,NA,NA,NA,NA,NA,NA,NA,NA,NA,NA,NA,NA,NA,NA
1918,NA,NA,NA,NA,NA,NA,NA,NA,NA,NA,NA,NA,NA,NA,NA,NA,NA,NA,NA,NA,NA,NA,NA,NA,NA,NA,NA
1919,NA,NA,NA,NA,NA,NA,NA,NA,NA,NA,NA,NA,NA,NA,NA,NA,NA,NA,NA,NA,NA,NA,NA,NA,NA,NA,NA
1920,NA,NA,NA,NA,NA,NA,NA,NA,NA,NA,NA,NA,NA,NA,NA,NA,NA,NA,NA,NA,NA,NA,NA,NA,NA,NA,NA
1921,NA,NA,NA,NA,NA,NA,NA,NA,NA,NA,NA,NA,NA,NA,NA,NA,NA,NA,NA,NA,NA,NA,NA,NA,NA,NA,NA
1922,NA,NA,NA,NA,NA,NA,NA,NA,NA,NA,NA,NA,NA,NA,NA,NA,NA,NA,NA,NA,NA,NA,NA,NA,NA,NA,NA
1923,NA,NA,NA,NA,NA,NA,NA,NA,NA,NA,NA,NA,NA,NA,NA,NA,NA,NA,NA,NA,NA,NA,NA,NA,NA,NA,NA
1924,NA,NA,NA,NA,NA,NA,NA,NA,NA,NA,NA,NA,NA,NA,NA,NA,NA,NA,NA,NA,NA,NA,NA,NA,NA,NA,NA
1925,NA,NA,NA,NA,NA,NA,NA,NA,NA,NA,NA,NA,NA,NA,NA,NA,NA,NA,NA,NA,NA,NA,NA,NA,NA,NA,NA
1926,NA,NA,NA,NA,NA,NA,NA,NA,NA,NA,NA,NA,NA,NA,NA,NA,NA,NA,NA,NA,NA,NA,NA,NA,NA,NA,NA
1927,NA,NA,NA,NA,NA,NA,NA,NA,NA,NA,NA,NA,NA,NA,NA,NA,NA,NA,NA,NA,NA,NA,NA,NA,NA,NA,NA
1928,NA,NA,NA,NA,NA,NA,NA,NA,NA,NA,NA,NA,NA,NA,NA,NA,NA,NA,NA,NA,NA,NA,NA,NA,NA,NA,NA
1929,NA,NA,NA,NA,NA,NA,NA,NA,NA,NA,NA,NA,NA,NA,NA,NA,NA,NA,NA,NA,NA,NA,NA,NA,NA,NA,NA
1930,NA,NA,NA,NA,NA,NA,NA,NA,NA,NA,NA,NA,NA,NA,NA,NA,NA,NA,NA,NA,NA,NA,NA,NA,NA,NA,NA
1931,NA,NA,NA,NA,NA,NA,NA,NA,NA,NA,NA,NA,NA,NA,NA,NA,NA,NA,NA,NA,NA,NA,NA,NA,NA,NA,NA
1932,NA,NA,NA,NA,NA,NA,NA,NA,NA,NA,NA,NA,NA,NA,NA,NA,NA,NA,NA,NA,NA,NA,NA,NA,NA,NA,NA
1933,NA,NA,NA,NA,NA,NA,NA,NA,NA,NA,NA,NA,NA,NA,NA,NA,NA,NA,NA,NA,NA,NA,NA,NA,NA,NA,NA
1934,NA,NA,NA,NA,NA,NA,NA,NA,NA,NA,NA,NA,NA,NA,NA,NA,NA,NA,NA,NA,NA,NA,NA,NA,NA,NA,NA
1935,NA,NA,NA,NA,NA,NA,NA,NA,NA,NA,NA,NA,NA,NA,NA,NA,NA,NA,NA,NA,NA,NA,NA,NA,NA,NA,NA
1936,NA,NA,NA,NA,NA,NA,NA,NA,NA,NA,NA,NA,NA,NA,NA,NA,NA,NA,NA,NA,NA,NA,NA,NA,NA,NA,NA
1937,NA,NA,NA,NA,NA,NA,NA,NA,NA,NA,NA,NA,NA,NA,NA,NA,NA,NA,NA,NA,NA,NA,NA,NA,NA,NA,NA
1938,NA,NA,NA,NA,NA,NA,NA,NA,NA,NA,NA,NA,NA,NA,NA,NA,NA,NA,NA,NA,NA,NA,NA,NA,NA,NA,NA
1939,NA,NA,NA,NA,NA,NA,NA,NA,NA,NA,NA,NA,NA,NA,NA,NA,NA,NA,NA,NA,NA,NA,NA,NA,NA,NA,NA
1940,NA,NA,NA,NA,NA,NA,NA,NA,NA,NA,NA,NA,NA,NA,NA,NA,NA,NA,NA,NA,NA,NA,NA,NA,NA,NA,NA
1941,NA,NA,NA,NA,NA,NA,NA,NA,NA,NA,NA,NA,NA,NA,NA,NA,NA,NA,NA,NA,NA,NA,NA,NA,NA,NA,NA
1942,NA,NA,NA,NA,NA,NA,NA,NA,NA,NA,NA,NA,NA,NA,NA,NA,NA,NA,NA,NA,NA,NA,NA,NA,NA,NA,NA
1943,NA,NA,NA,NA,NA,NA,NA,NA,NA,NA,NA,NA,NA,NA,NA,NA,NA,NA,NA,NA,NA,NA,NA,NA,NA,NA,NA
1944,NA,NA,NA,NA,NA,NA,NA,NA,NA,NA,NA,NA,NA,NA,NA,NA,NA,NA,NA,NA,NA,NA,NA,NA,NA,NA,NA
1945,NA,NA,NA,NA,NA,NA,NA,NA,NA,NA,NA,NA,NA,NA,NA,NA,NA,NA,NA,NA,NA,NA,NA,NA,NA,NA,NA
1946,NA,NA,NA,NA,NA,NA,NA,NA,NA,NA,NA,NA,NA,NA,NA,NA,NA,NA,NA,NA,NA,NA,NA,NA,NA,NA,NA
1947,NA,NA,NA,NA,NA,NA,NA,NA,NA,NA,NA,NA,NA,NA,NA,NA,NA,NA,NA,NA,NA,NA,NA,NA,NA,NA,NA
1948,NA,NA,NA,NA,NA,NA,NA,NA,NA,NA,NA,NA,NA,NA,NA,NA,NA,NA,NA,NA,NA,NA,NA,NA,NA,NA,NA
1949,NA,NA,NA,NA,NA,NA,NA,NA,NA,NA,NA,NA,NA,NA,NA,NA,NA,NA,NA,NA,NA,NA,NA,NA,NA,NA,NA
1950,NA,NA,NA,NA,NA,NA,NA,NA,NA,NA,NA,NA,NA,NA,NA,NA,NA,NA,NA,NA,NA,NA,NA,NA,NA,NA,NA
1951,NA,NA,NA,NA,NA,NA,NA,NA,NA,NA,NA,NA,NA,NA,NA,NA,NA,NA,NA,NA,NA,NA,NA,NA,NA,NA,NA
1952,NA,NA,NA,NA,NA,NA,NA,NA,NA,NA,NA,NA,NA,NA,NA,NA,NA,NA,NA,NA,NA,NA,NA,NA,NA,NA,NA
1953,NA,NA,NA,NA,NA,NA,NA,NA,NA,NA,NA,NA,NA,NA,NA,NA,NA,NA,NA,NA,NA,NA,NA,NA,NA,NA,NA
1954,NA,NA,NA,NA,NA,NA,NA,NA,NA,NA,NA,NA,NA,NA,NA,NA,NA,NA,NA,NA,NA,NA,NA,NA,NA,NA,NA
1955,NA,NA,NA,NA,NA,NA,NA,NA,NA,NA,NA,NA,NA,NA,NA,NA,NA,NA,NA,NA,NA,NA,NA,NA,NA,NA,NA
1956,NA,NA,NA,NA,NA,NA,NA,NA,NA,NA,NA,NA,NA,NA,NA,NA,NA,NA,NA,NA,NA,NA,NA,NA,NA,NA,NA
1957,NA,NA,NA,NA,NA,NA,NA,NA,NA,NA,NA,NA,NA,NA,NA,NA,NA,NA,NA,NA,NA,NA,NA,NA,NA,NA,NA
1958,134,315,44,78.7,2,792.9981531499675,9,0.07272727272727272,171,8180,144,72,510.6,1015,72,NA,138,NA,NA,7,NA,9596.000000000002,4970,8254,NA,3,NA
1959,175,300,29,46.599999999999994,3,91.99812941798378,40,0.06521739130434782,110,1060,190,107,191.60000000000002,574,83,NA,103,NA,NA,1,NA,9596.000000000002,4970,8254,NA,1,NA
1960,113,301,34,47.8,3,51.009977792785556,8,0.05903866248693835,55,1210,246,137,248.4,477,109,NA,130,NA,NA,1,NA,9596.000000000002,4970,8254,NA,1,NA
1961,111,303,34,53,6,87.99798934287458,7,0.06593406593406594,115,1540,188,140,135,417.5,48,NA,133,NA,NA,1,NA,9596.000000000002,4970,8254,NA,1,NA
1962,29,341,25,42.599999999999994,4,143.96017217910213,26,0.06350806451612903,148,1100,193,145,134.8,311,48,NA,NA,NA,NA,NA,NA,9596.000000000002,4970,8254,NA,NA,NA
1963,66,307,33,57,NA,NA,NA,0.050505050505050504,86,1640,221,217,122.20000000000002,411,4,NA,NA,NA,NA,NA,NA,9596.000000000002,4970,8254,NA,NA,NA
1964,91,324,19,94,NA,NA,NA,0.04736842105263158,96,407,228,221,183,371,7,NA,NA,NA,NA,NA,NA,9596.000000000002,4970,8254,NA,NA,NA
1965,178,272,49,214.80000000000007,5,157.99658734049365,28,0.05519480519480519,185,10000,87,38,105.5,390.5,49,82,81,82,2,4,2,9596.000000000002,4970,8254,1,1,1
1966,105,300,27,45.800000000000026,2,254.98823995660968,42,0.07476635514018691,109,1590,191,107,274.6,482,84,NA,NA,NA,NA,NA,NA,9596.000000000002,4970,8254,NA,NA,NA
1967,138,316,41,139.79999999999995,NA,NA,NA,0.05943703775788244,80,1450,236,197,188.6,461,39,NA,NA,NA,NA,NA,NA,9596.000000000002,4970,8254,NA,NA,NA
1968,133,275,37,83.19999999999999,6,109.9939921898111,2,0.06897463002114165,126,7930,149,61,206,577,88,NA,144,NA,NA,2,NA,9596.000000000002,4970,8254,NA,1,NA
1969,120,314,42,80.20000000000002,2,136.97848056680988,11,0.055050505050505044,89,2060,225,183,250.39999999999998,675,42,NA,NA,NA,NA,NA,NA,9596.000000000002,4970,8254,NA,NA,NA
1970,110,287,24,46.20000000000002,2,225.99548355148093,15,0.05444664031620553,169,10200,118,50,183.8,922,68,114,112,113,1,6,2,9596.000000000002,4970,8254,1,3,1
1971,157,310,53,330,NA,NA,NA,0.0625,129,2330,181,150,319.9,724.5,31,NA,81,108,NA,3,2,9596.000000000002,4970,8254,NA,2,1
1972,133,296,48,210.59999999999997,6,253.99449853351263,43,0.07421700543945034,137,3810,159,58,231.3,481,101,NA,133,133,NA,3,2,9596.000000000002,4970,8254,NA,2,2
1973,78,305,26,54.89999999999999,3,153.97558437509304,10,0.0851063829787234,75,874,230,167,222.4,534,63,NA,NA,NA,NA,NA,NA,9596.000000000002,4970,8254,NA,NA,NA
1974,144,307,40,122.2000000000001,NA,NA,NA,0.04219114219114219,117,2660,190,173,449.20000000000005,982,17,106,106,106,2,5,2,9596.000000000002,4970,8254,1,3,1
1975,72,313,40,66.9,4,71.01448527677574,27,0.06341463414634146,67,1460,246,161,239,910,85,NA,NA,NA,NA,NA,NA,9596.000000000002,4970,8254,NA,NA,NA
1976,150,342,33,49.099999999999994,NA,NA,NA,0.05856643356643357,117,691,225,206,141,325.5,19,NA,NA,NA,NA,NA,NA,9596.000000000002,4970,8254,NA,NA,NA
1977,106,309,31.5,158,5,89.99408716732358,1,0.05263157894736842,56,280,253,127,59,124,126,NA,NA,NA,NA,NA,NA,9596.000000000002,4970,8254,NA,NA,NA
1978,138,318,38,79.99999999999997,5,165.0026987369291,25,0.06382978723404255,154,1480,164,115,383.2,791,49,NA,74,NA,NA,1,NA,9596.000000000002,4970,8254,NA,1,NA
1979,100,277,27,56.20000000000002,2,60.99794373585881,50,0.07086614173228346,48,806,229,139,88.8,404,90,NA,NA,NA,NA,NA,NA,9596.000000000002,4970,8254,NA,NA,NA
1980,63,314,27,35.800000000000004,NA,NA,NA,0.06323185011709602,160,2340,154,143,174.20000000000002,510,11,NA,104,NA,NA,2,NA,9596.000000000002,4970,8254,NA,1,NA
