metric,status_code,status,alteration_type,median_in_iqr,comid
DS_Dur_WS,NA,not_enough_data,undeterminable,NA,8922743
DS_Tim,NA,not_enough_data,undeterminable,NA,8922743
DS_Mag_50,NA,not_enough_data,undeterminable,NA,8922743
DS_Mag_90,NA,not_enough_data,undeterminable,NA,8922743
FA_Mag,NA,not_enough_data,undeterminable,NA,8922743
FA_Tim,NA,not_enough_data,undeterminable,NA,8922743
SP_Dur,NA,not_enough_data,undeterminable,NA,8922743
SP_Mag,NA,not_enough_data,undeterminable,NA,8922743
SP_Tim,NA,not_enough_data,undeterminable,NA,8922743
Wet_BFL_Dur,NA,not_enough_data,undeterminable,NA,8922743
Wet_BFL_Mag_10,NA,not_enough_data,undeterminable,NA,8922743
Wet_BFL_Mag_50,NA,not_enough_data,undeterminable,NA,8922743
Wet_Tim,NA,not_enough_data,undeterminable,NA,8922743
Peak_10,-1,likely_altered,low,FALSE,8922743
Peak_2,1,likely_unaltered,none_found,FALSE,8922743
Peak_5,-1,likely_altered,low,FALSE,8922743
