Year,DS_Dur_WS,DS_Tim,DS_Mag_50,DS_Mag_90,FA_Dur,FA_Mag,FA_Tim,SP_ROC,SP_Dur,SP_Mag,SP_Tim,Wet_BFL_Dur,Wet_BFL_Mag_10,Wet_BFL_Mag_50,Wet_Tim,Peak_Tim_10,Peak_Tim_2,Peak_Tim_5,Peak_Dur_10,Peak_Dur_2,Peak_Dur_5,Peak_10,Peak_2,Peak_5,Peak_Fre_10,Peak_Fre_2,Peak_Fre_5
1980,101,314,0.93,1.2,NA,NA,NA,0.07692307692307698,280,1.2,34,NA,NA,NA,NA,NA,74,75,NA,74,14,1.6100000000000005,1.15,1.4,NA,9,7
1981,NA,NA,NA,NA,NA,NA,NA,NA,NA,1,242,193,0,0.85,49,NA,78,NA,NA,7,NA,1.6100000000000005,1.15,1.4,NA,1,NA
1982,NA,297,NA,NA,NA,NA,NA,NA,NA,0.87,NA,NA,NA,NA,NA,NA,219,33,NA,32,1,1.6100000000000005,1.15,1.4,NA,4,1
1983,NA,325,NA,NA,5,1.1167171817190664,37,0.010526315789473694,70,1,255,NA,NA,NA,NA,NA,NA,NA,NA,NA,NA,1.6100000000000005,1.15,1.4,NA,NA,NA
1984,NA,345,NA,NA,NA,NA,NA,0.020833333333333353,26,0.68,319,NA,NA,NA,NA,NA,83,4,NA,26,3,1.6100000000000005,1.15,1.4,NA,4,1
1985,NA,330,NA,NA,NA,NA,NA,0.02739726027397263,105,1,225,NA,NA,NA,NA,NA,144,NA,NA,2,NA,1.6100000000000005,1.15,1.4,NA,1,NA
1986,NA,NA,NA,NA,NA,NA,NA,NA,NA,NA,NA,NA,NA,NA,NA,NA,NA,NA,NA,NA,NA,NA,NA,NA,NA,NA,NA
1987,NA,363,NA,NA,NA,NA,NA,0.041103603603603586,154,1.2,209,NA,NA,NA,NA,NA,128,52,NA,61,5,1.6100000000000005,1.15,1.4,NA,7,3
1988,NA,NA,NA,NA,NA,NA,NA,NA,NA,NA,NA,NA,NA,NA,NA,NA,NA,NA,NA,NA,NA,NA,NA,NA,NA,NA,NA
1989,NA,NA,NA,NA,NA,NA,NA,NA,NA,2.1,241,NA,NA,NA,NA,237,236,208.5,1,24,13,1.6100000000000005,1.15,1.4,1,3,2
1990,NA,NA,NA,NA,NA,NA,NA,NA,NA,2.6,225,NA,NA,NA,NA,216,238,213,7,66,16,1.6100000000000005,1.15,1.4,1,8,5
1991,NA,380,NA,NA,NA,NA,NA,0.06250000000000006,118,0.75,262,245,0,0.55,17,29,187.5,145,1,21,9,1.6100000000000005,1.15,1.4,1,6,5
1992,NA,NA,NA,NA,NA,NA,NA,NA,NA,NA,NA,NA,NA,NA,NA,NA,NA,NA,NA,NA,NA,NA,NA,NA,NA,NA,NA
1993,NA,NA,NA,NA,NA,NA,NA,NA,NA,NA,NA,NA,NA,NA,NA,NA,NA,NA,NA,NA,NA,NA,NA,NA,NA,NA,NA
1994,NA,NA,NA,NA,NA,NA,NA,NA,NA,1.2,235,NA,NA,NA,NA,NA,230.5,102,NA,26,1,1.6100000000000005,1.15,1.4,NA,4,1
1995,NA,368,NA,NA,NA,NA,NA,0.03872053872053875,120,1.3,248,NA,NA,NA,NA,NA,142,NA,NA,80,NA,1.6100000000000005,1.15,1.4,NA,16,NA
1996,NA,361,NA,NA,NA,NA,NA,0.030769230769230795,101,1.1,260,NA,NA,NA,NA,NA,NA,NA,NA,NA,NA,1.6100000000000005,1.15,1.4,NA,NA,NA
1997,NA,411,NA,NA,NA,NA,NA,0.03823051948051952,189,0.97,222,NA,NA,NA,NA,NA,NA,NA,NA,NA,NA,1.6100000000000005,1.15,1.4,NA,NA,NA
1998,74,321,1.15,1.3,NA,NA,NA,0.04123711340206178,23,1.3,298,NA,NA,NA,NA,NA,316,NA,NA,37,NA,1.6100000000000005,1.15,1.4,NA,8,NA
1999,NA,430,NA,NA,NA,NA,NA,0.03370786516853935,265,1.2,165,136,0.04,0.98,29,NA,152,10,NA,65,6,1.6100000000000005,1.15,1.4,NA,11,3
2000,NA,348,NA,NA,NA,NA,NA,0.046536796536796515,109,1.2,239,NA,NA,NA,NA,NA,221,NA,NA,22,NA,1.6100000000000005,1.15,1.4,NA,4,NA
2001,NA,NA,NA,NA,NA,NA,NA,NA,NA,NA,NA,NA,NA,NA,NA,NA,NA,NA,NA,NA,NA,NA,NA,NA,NA,NA,NA
2002,NA,NA,NA,NA,NA,NA,NA,NA,NA,NA,NA,NA,NA,NA,NA,NA,NA,NA,NA,NA,NA,NA,NA,NA,NA,NA,NA
2003,NA,NA,NA,NA,NA,NA,NA,NA,NA,NA,NA,NA,NA,NA,NA,NA,NA,NA,NA,NA,NA,NA,NA,NA,NA,NA,NA
2004,NA,NA,NA,NA,NA,NA,NA,NA,NA,NA,NA,NA,NA,NA,NA,NA,NA,NA,NA,NA,NA,NA,NA,NA,NA,NA,NA
2005,NA,NA,NA,NA,NA,NA,NA,NA,NA,NA,NA,NA,NA,NA,NA,NA,NA,NA,NA,NA,NA,NA,NA,NA,NA,NA,NA
2006,NA,NA,NA,NA,NA,NA,NA,NA,NA,NA,NA,NA,NA,NA,NA,NA,NA,NA,NA,NA,NA,NA,NA,NA,NA,NA,NA
2007,NA,NA,NA,NA,NA,NA,NA,NA,NA,NA,NA,NA,NA,NA,NA,NA,NA,NA,NA,NA,NA,NA,NA,NA,NA,NA,NA
2008,NA,NA,NA,NA,NA,NA,NA,NA,NA,NA,NA,NA,NA,NA,NA,NA,NA,NA,NA,NA,NA,NA,NA,NA,NA,NA,NA
2009,NA,NA,NA,NA,NA,NA,NA,NA,NA,NA,NA,NA,NA,NA,NA,NA,NA,NA,NA,NA,NA,NA,NA,NA,NA,NA,NA
2010,NA,NA,NA,NA,NA,NA,NA,NA,NA,NA,NA,NA,NA,NA,NA,NA,NA,NA,NA,NA,NA,NA,NA,NA,NA,NA,NA
2011,NA,NA,NA,NA,NA,NA,NA,NA,NA,NA,NA,NA,NA,NA,NA,NA,NA,NA,NA,NA,NA,NA,NA,NA,NA,NA,NA
