Year,DS_Dur_WS,DS_Tim,DS_Mag_50,DS_Mag_90,FA_Dur,FA_Mag,FA_Tim,SP_ROC,SP_Dur,SP_Mag,SP_Tim,Wet_BFL_Dur,Wet_BFL_Mag_10,Wet_BFL_Mag_50,Wet_Tim,Peak_Tim_10,Peak_Tim_2,Peak_Tim_5,Peak_Dur_10,Peak_Dur_2,Peak_Dur_5,Peak_10,Peak_2,Peak_5,Peak_Fre_10,Peak_Fre_2,Peak_Fre_5
1980,NA,384,NA,NA,NA,NA,NA,0.08333333333333333,361,1810,23,NA,NA,NA,NA,92,173,206,1,260,34,2056,1400,1770.0000000000002,1,27,28
1981,41,378,758,1670,NA,NA,NA,0.1103823088455772,100,1810,278,NA,NA,NA,NA,222,221,212,7,163,30,2056,1400,1770.0000000000002,7,36,29
1982,177,210,1570,1812.0000000000002,2,1680.0097758372244,1,0.11298701298701298,97,2120,113,72,857.1,1570,41,109,183,187,5,271,44,2056,1400,1770.0000000000002,5,43,43
1983,NA,333,NA,NA,NA,NA,NA,0.19471038436555677,24,1500,309,288,960.0000000000001,1580,21,115,166.5,144,14,209,42,2056,1400,1770.0000000000002,14,48,39
1984,NA,NA,NA,NA,NA,NA,NA,NA,NA,NA,NA,NA,NA,NA,NA,NA,NA,NA,NA,NA,NA,NA,NA,NA,NA,NA,NA
1985,NA,NA,NA,NA,NA,NA,NA,NA,NA,NA,NA,NA,NA,NA,NA,NA,NA,NA,NA,NA,NA,NA,NA,NA,NA,NA,NA
1986,NA,290,NA,NA,NA,NA,NA,0.6409185803757829,17,1730,273,257,0,262,16,NA,231.5,144,NA,40,1,2056,1400,1770.0000000000002,NA,18,1
1987,NA,NA,NA,NA,NA,NA,NA,NA,NA,NA,NA,NA,NA,NA,NA,NA,NA,NA,NA,NA,NA,NA,NA,NA,NA,NA,NA
1988,NA,NA,NA,NA,NA,NA,NA,NA,NA,NA,NA,NA,NA,NA,NA,NA,NA,NA,NA,NA,NA,NA,NA,NA,NA,NA,NA
1989,NA,NA,NA,NA,NA,NA,NA,NA,NA,NA,NA,NA,NA,NA,NA,NA,NA,NA,NA,NA,NA,NA,NA,NA,NA,NA,NA
1990,NA,NA,NA,NA,NA,NA,NA,NA,NA,NA,NA,NA,NA,NA,NA,NA,NA,NA,NA,NA,NA,NA,NA,NA,NA,NA,NA
1991,NA,NA,NA,NA,NA,NA,NA,NA,NA,NA,NA,NA,NA,NA,NA,NA,NA,NA,NA,NA,NA,NA,NA,NA,NA,NA,NA
1992,NA,NA,NA,NA,NA,NA,NA,NA,NA,NA,NA,NA,NA,NA,NA,NA,NA,NA,NA,NA,NA,NA,NA,NA,NA,NA,NA
1993,NA,NA,NA,NA,NA,NA,NA,NA,NA,NA,NA,NA,NA,NA,NA,NA,NA,NA,NA,NA,NA,NA,NA,NA,NA,NA,NA
1994,NA,NA,NA,NA,NA,NA,NA,NA,NA,NA,NA,NA,NA,NA,NA,NA,NA,NA,NA,NA,NA,NA,NA,NA,NA,NA,NA
1995,NA,325,NA,NA,NA,NA,NA,0.02962962962962963,36,1360,289,148,0,1340,141,NA,226,NA,NA,38,NA,2056,1400,1770.0000000000002,NA,14,NA
1996,58,331,0,0,5,1379.6872970888644,17,0.16603194540262778,79,1360,252,NA,NA,NA,NA,NA,231,NA,NA,8,NA,2056,1400,1770.0000000000002,NA,3,NA
1997,55,323,0,0,NA,NA,NA,0.7084592145015106,57,1320,266,243,0,309,23,NA,127.5,NA,NA,2,NA,2056,1400,1770.0000000000002,NA,2,NA
1998,NA,321,NA,NA,NA,NA,NA,0.0615820895522388,54,1390,267,255,0,0,12,NA,241,NA,NA,20,NA,2056,1400,1770.0000000000002,NA,10,NA
1999,NA,NA,NA,NA,NA,NA,NA,NA,NA,NA,NA,NA,NA,NA,NA,NA,NA,NA,NA,NA,NA,NA,NA,NA,NA,NA,NA
2000,NA,324,NA,NA,3,1239.8928307911006,21,0.1511039472204521,71,1360,253,NA,NA,NA,NA,NA,NA,NA,NA,NA,NA,2056,1400,1770.0000000000002,NA,NA,NA
2001,NA,NA,NA,NA,NA,NA,NA,NA,NA,NA,NA,NA,NA,NA,NA,NA,NA,NA,NA,NA,NA,NA,NA,NA,NA,NA,NA
2002,NA,NA,NA,NA,NA,NA,NA,NA,NA,NA,NA,NA,NA,NA,NA,NA,NA,NA,NA,NA,NA,NA,NA,NA,NA,NA,NA
2003,NA,NA,NA,NA,NA,NA,NA,NA,NA,NA,NA,NA,NA,NA,NA,NA,NA,NA,NA,NA,NA,NA,NA,NA,NA,NA,NA
2004,NA,NA,NA,NA,NA,NA,NA,NA,NA,NA,NA,NA,NA,NA,NA,NA,NA,NA,NA,NA,NA,NA,NA,NA,NA,NA,NA
2005,66,304,0,0,5,998.0329227364205,19,0.014598540145985401,38,1400,266,NA,NA,NA,NA,NA,262,NA,NA,4,NA,2056,1400,1770.0000000000002,NA,3,NA
2006,NA,316,NA,NA,NA,NA,NA,NA,10,1000,306,302,0,0,4,NA,NA,NA,NA,NA,NA,2056,1400,1770.0000000000002,NA,NA,NA
2007,NA,NA,NA,NA,NA,NA,NA,NA,NA,NA,NA,NA,NA,NA,NA,NA,NA,NA,NA,NA,NA,NA,NA,NA,NA,NA,NA
2008,NA,285,NA,NA,NA,NA,NA,0.002331002331002331,42,1310,243,43,12,577,200,NA,NA,NA,NA,NA,NA,2056,1400,1770.0000000000002,NA,NA,NA
2009,NA,NA,NA,NA,NA,NA,NA,NA,NA,NA,NA,NA,NA,NA,NA,NA,NA,NA,NA,NA,NA,NA,NA,NA,NA,NA,NA
2010,NA,293,NA,NA,3,1089.992526633996,3,0.06775956284153005,21,1030,272,65,12,765,207,NA,NA,NA,NA,NA,NA,2056,1400,1770.0000000000002,NA,NA,NA
2011,69,306,0,6.2,4,763.048967143892,19,0.0013404825737265416,78,756,228,NA,NA,NA,NA,NA,NA,NA,NA,NA,NA,2056,1400,1770.0000000000002,NA,NA,NA
2012,488,84,6.2,6.2,NA,NA,NA,NA,10,665,74,65,6.2,658,9,NA,NA,NA,NA,NA,NA,2056,1400,1770.0000000000002,NA,NA,NA
2013,NA,286,NA,NA,NA,NA,NA,0.0022935779816513763,31,439,255,49,6.2,435,206,NA,NA,NA,NA,NA,NA,2056,1400,1770.0000000000002,NA,NA,NA
2014,NA,34,NA,NA,3,526.9102404043077,1,0.189782217127886,33,527,1,NA,NA,NA,NA,NA,NA,NA,NA,NA,NA,2056,1400,1770.0000000000002,NA,NA,NA
2015,55,376,0,0,NA,NA,NA,NA,NA,6.2,0,NA,NA,NA,NA,NA,NA,NA,NA,NA,NA,2056,1400,1770.0000000000002,NA,NA,NA
2016,212,286,0,6.2,NA,NA,NA,0.1486811977947478,20,1080,266,211,0,528,55,NA,NA,NA,NA,NA,NA,2056,1400,1770.0000000000002,NA,NA,NA
2017,99,308,6.2,6.2,NA,NA,NA,0.020123839009287926,29,648,279,147,6.2,941,132,NA,NA,NA,NA,NA,NA,2056,1400,1770.0000000000002,NA,NA,NA
2018,NA,94,NA,NA,NA,NA,NA,0.33627019089574156,15,937,79,38,6.200000000000001,6.2,41,NA,NA,NA,NA,NA,NA,2056,1400,1770.0000000000002,NA,NA,NA
2019,NA,176,NA,NA,NA,NA,NA,1,97,6.2,79,NA,NA,NA,NA,NA,NA,NA,NA,NA,NA,2056,1400,1770.0000000000002,NA,NA,NA
