Year,DS_Dur_WS,DS_Tim,DS_Mag_50,DS_Mag_90,FA_Dur,FA_Mag,FA_Tim,SP_ROC,SP_Dur,SP_Mag,SP_Tim,Wet_BFL_Dur,Wet_BFL_Mag_10,Wet_BFL_Mag_50,Wet_Tim,Peak_Tim_10,Peak_Tim_2,Peak_Tim_5,Peak_Dur_10,Peak_Dur_2,Peak_Dur_5,Peak_10,Peak_2,Peak_5,Peak_Fre_10,Peak_Fre_2,Peak_Fre_5
1994,52,363,90.5,373.9,NA,NA,NA,0.12322274881516587,53,513,310,NA,NA,NA,NA,NA,NA,NA,NA,NA,NA,624,568.5,596,NA,NA,NA
1995,NA,NA,NA,NA,NA,NA,NA,NA,NA,590,144,95,82.2,482,49,NA,146,243,NA,6,1,624,568.5,596,NA,5,1
1996,NA,NA,NA,NA,NA,NA,NA,NA,NA,576,239,NA,NA,NA,NA,156,235,156,1,15,1,624,568.5,596,1,15,1
1997,NA,321,NA,NA,NA,NA,NA,0.06469500924214418,302,570,19,NA,NA,NA,NA,NA,203.5,231,NA,8,3,624,568.5,596,NA,8,3
1998,NA,NA,NA,NA,NA,NA,NA,NA,NA,543,270,NA,NA,NA,NA,NA,193,249,NA,9,1,624,568.5,596,NA,9,1
1999,NA,232,NA,NA,NA,NA,NA,0.0933852140077821,7,629,225,NA,NA,NA,NA,221,221,221,1,2,1,624,568.5,596,1,1,1
2000,NA,307,NA,NA,NA,NA,NA,0.04685714285714286,216,514,91,NA,NA,NA,NA,260,292.5,260,1,2,1,624,568.5,596,1,2,1
2001,59,357,198,220,NA,NA,NA,0.04864864864864865,53,544,304,NA,NA,NA,NA,NA,NA,NA,NA,NA,NA,624,568.5,596,NA,NA,NA
2002,NA,356,NA,NA,NA,NA,NA,0.05059768802063845,235,577,121,71,173,484,50,NA,117,NA,NA,1,NA,624,568.5,596,NA,1,NA
2003,98,374,0,0,NA,NA,NA,0.04518664047151277,112,547,262,NA,NA,NA,NA,NA,238,NA,NA,1,NA,624,568.5,596,NA,1,NA
2004,NA,272,NA,NA,NA,NA,NA,0.07721280602636535,55,539,217,119,466.4,498,98,NA,NA,NA,NA,NA,NA,624,568.5,596,NA,NA,NA
2005,NA,362,NA,NA,NA,NA,NA,0.044065345611633305,141,531,221,NA,NA,NA,NA,NA,NA,NA,NA,NA,NA,624,568.5,596,NA,NA,NA
2006,NA,NA,NA,NA,NA,NA,NA,NA,NA,518,48,NA,NA,NA,NA,NA,NA,NA,NA,NA,NA,624,568.5,596,NA,NA,NA
2007,77,324,256,294.4000000000001,NA,NA,NA,0.0844440764963987,16,397,308,300,210.9,350,8,NA,NA,NA,NA,NA,NA,624,568.5,596,NA,NA,NA
2008,NA,403,NA,NA,NA,NA,NA,0.08620689655172414,64,510,339,304,167,383,35,NA,NA,NA,NA,NA,NA,624,568.5,596,NA,NA,NA
2009,NA,335,NA,NA,NA,NA,NA,0.04446210751209834,251,345,84,NA,NA,NA,NA,NA,NA,NA,NA,NA,NA,624,568.5,596,NA,NA,NA
2010,NA,349,NA,NA,NA,NA,NA,0.05761316872427984,77,530,272,NA,NA,NA,NA,NA,NA,NA,NA,NA,NA,624,568.5,596,NA,NA,NA
2011,NA,399,NA,NA,NA,NA,NA,NA,NA,548,0,NA,NA,NA,NA,NA,215,NA,NA,1,NA,624,568.5,596,NA,1,NA
2012,NA,276,NA,NA,NA,NA,NA,0.06912666441767706,30,435,246,NA,NA,NA,NA,NA,50,NA,NA,1,NA,624,568.5,596,NA,1,NA
2013,73,361,5,5,NA,NA,NA,0.3801993020829586,17,398,344,NA,NA,NA,NA,NA,NA,NA,NA,NA,NA,624,568.5,596,NA,NA,NA
2014,NA,280,NA,NA,NA,NA,NA,0.10383358515759514,36,210,244,176,62,102,68,NA,NA,NA,NA,NA,NA,624,568.5,596,NA,NA,NA
2015,NA,286,NA,NA,1,264.99289751774785,3,0.136986301369863,180,392,106,NA,NA,NA,NA,NA,NA,NA,NA,NA,NA,624,568.5,596,NA,NA,NA
2016,NA,369,NA,NA,1,491.00192105450776,2,0.04462474645030426,89,574,280,NA,NA,NA,NA,NA,276,NA,NA,1,NA,624,568.5,596,NA,1,NA
2017,NA,399,NA,NA,NA,NA,NA,0.028395658714807648,245,582,154,NA,NA,NA,NA,NA,150,NA,NA,3,NA,624,568.5,596,NA,3,NA
2018,NA,393,NA,NA,NA,NA,NA,0.034519659326596355,158,534,235,NA,NA,NA,NA,NA,50,NA,NA,1,NA,624,568.5,596,NA,1,NA
2019,NA,252,NA,NA,NA,NA,NA,0.06390977443609022,32,543,220,NA,NA,NA,NA,NA,NA,NA,NA,NA,NA,624,568.5,596,NA,NA,NA
