metric,status_code,status,alteration_type,median_in_iqr,comid
DS_Dur_WS,-1,likely_altered,low,FALSE,7968111
DS_Tim,-1,likely_altered,late,FALSE,7968111
DS_Mag_50,-1,likely_altered,low,FALSE,7968111
DS_Mag_90,-1,likely_altered,low,FALSE,7968111
FA_Mag,-1,likely_altered,high,FALSE,7968111
FA_Tim,-1,likely_altered,early,FALSE,7968111
SP_Dur,0,indeterminate,unknown,TRUE,7968111
SP_Mag,-1,likely_altered,high,FALSE,7968111
SP_Tim,-1,likely_altered,late,FALSE,7968111
Wet_BFL_Dur,-1,likely_altered,high,FALSE,7968111
Wet_BFL_Mag_10,-1,likely_altered,low,FALSE,7968111
Wet_BFL_Mag_50,-1,likely_altered,low,FALSE,7968111
Wet_Tim,0,indeterminate,early,FALSE,7968111
Peak_10,-1,likely_altered,high,FALSE,7968111
Peak_2,-1,likely_altered,high,FALSE,7968111
Peak_5,-1,likely_altered,high,FALSE,7968111
