Year,DS_Dur_WS,DS_Tim,DS_Mag_50,DS_Mag_90,FA_Dur,FA_Mag,FA_Tim,SP_ROC,SP_Dur,SP_Mag,SP_Tim,Wet_BFL_Dur,Wet_BFL_Mag_10,Wet_BFL_Mag_50,Wet_Tim,Peak_Tim_10,Peak_Tim_2,Peak_Tim_5,Peak_Dur_10,Peak_Dur_2,Peak_Dur_5,Peak_10,Peak_2,Peak_5,Peak_Fre_10,Peak_Fre_2,Peak_Fre_5
1989,17,462,305,306.2,NA,NA,NA,0.07630959644382462,155,305,307,NA,NA,NA,NA,NA,203,NA,NA,8,NA,344,310,329,NA,5,NA
1990,NA,347,NA,NA,NA,NA,NA,0.06222222222222222,18,234,329,312,61,146,17,NA,38,NA,NA,11,NA,344,310,329,NA,3,NA
1991,NA,290,NA,NA,NA,NA,NA,0.43164812942366027,16,234,274,NA,NA,NA,NA,NA,NA,NA,NA,NA,NA,344,310,329,NA,NA,NA
1992,87,379,77,86,NA,NA,NA,0.04,107,299,272,NA,NA,NA,NA,NA,NA,NA,NA,NA,NA,344,310,329,NA,NA,NA
1993,NA,NA,NA,NA,8,167.99907405266742,0,NA,NA,306,337,250,169.70000000000002,295,87,NA,220.5,NA,NA,7,NA,344,310,329,NA,4,NA
1994,NA,NA,NA,NA,NA,NA,NA,NA,NA,263,226,225,65.60000000000001,138,1,NA,NA,NA,NA,NA,NA,344,310,329,NA,NA,NA
1995,NA,429,NA,NA,NA,NA,NA,0.038941102756892235,122,304,307,219,111,291,88,NA,254.5,NA,NA,3,NA,344,310,329,NA,2,NA
1996,92,291,280,305,NA,NA,NA,NA,NA,329,NA,NA,NA,NA,NA,NA,351,357,NA,8,1,344,310,329,NA,3,1
1997,NA,NA,NA,NA,NA,NA,NA,NA,NA,305,328,311,198,298,17,NA,210,126,NA,58,3,344,310,329,NA,24,2
1998,110,283,305,320,NA,NA,NA,0.06040268456375839,75,320,208,NA,NA,NA,NA,NA,242,263,NA,71,1,344,310,329,NA,26,1
1999,NA,NA,NA,NA,NA,NA,NA,NA,NA,310,341,314,214,292,27,7.5,191.5,25.5,2,75,5,344,310,329,2,22,4
2000,NA,NA,NA,NA,NA,NA,NA,NA,NA,294,319,NA,NA,NA,NA,NA,196,NA,NA,18,NA,344,310,329,NA,7,NA
2001,160,292,93.19999999999999,294,NA,NA,NA,NA,NA,299,NA,NA,NA,NA,NA,NA,NA,NA,NA,NA,NA,344,310,329,NA,NA,NA
2002,144,285,0,0,NA,NA,NA,0.2384282624369142,20,301,265,179,107.8,209,86,NA,218,NA,NA,1,NA,344,310,329,NA,1,NA
2003,NA,408,NA,NA,NA,NA,NA,0.022378771283481032,84,302,324,261,13,293,63,240,174,189.5,1,72,43,344,310,329,1,13,10
2004,NA,351,NA,NA,NA,NA,NA,0.046357615894039736,15,303,336,NA,NA,NA,NA,NA,167,NA,NA,3,NA,344,310,329,NA,2,NA
2005,NA,NA,NA,NA,NA,NA,NA,NA,NA,336,266,NA,NA,NA,NA,259,216,246.5,1,108,32,344,310,329,1,14,10
2006,NA,392,NA,NA,NA,NA,NA,0.014547185780787135,64,299,328,NA,NA,NA,NA,175.5,193,195,2,105,30,344,310,329,2,19,13
2007,NA,376,NA,NA,NA,NA,NA,0.015873015873015872,77,301,299,NA,NA,NA,NA,NA,211.5,133,NA,2,1,344,310,329,NA,2,1
2008,NA,410,NA,NA,NA,NA,NA,0.025727513227513227,73,263,337,NA,NA,NA,NA,NA,NA,NA,NA,NA,NA,344,310,329,NA,NA,NA
2009,NA,352,NA,NA,NA,NA,NA,0.0038535788535788537,60,290,292,NA,NA,NA,NA,NA,214,NA,NA,4,NA,344,310,329,NA,3,NA
2010,NA,NA,NA,NA,NA,NA,NA,NA,NA,277,318,NA,NA,NA,NA,NA,NA,NA,NA,NA,NA,344,310,329,NA,NA,NA
2011,NA,350,NA,NA,4,274.0239655301946,9,0.007168458781362007,90,290,260,NA,NA,NA,NA,NA,NA,NA,NA,NA,NA,344,310,329,NA,NA,NA
2012,NA,307,NA,NA,NA,NA,NA,0.02919089481081379,81,283,226,NA,NA,NA,NA,NA,NA,NA,NA,NA,NA,344,310,329,NA,NA,NA
2013,NA,346,NA,NA,NA,NA,NA,0.011428571428571429,74,209,272,NA,NA,NA,NA,NA,NA,NA,NA,NA,NA,344,310,329,NA,NA,NA
2014,159,254,8.1,8.1,NA,NA,NA,0.04591836734693878,240,272,14,NA,NA,NA,NA,NA,NA,NA,NA,NA,NA,344,310,329,NA,NA,NA
2015,269,254,79,242,10,50.94014820024714,29,NA,NA,251,NA,NA,NA,NA,47,NA,NA,NA,NA,NA,NA,344,310,329,NA,NA,NA
2016,NA,225,NA,NA,NA,NA,NA,0.8543307086614174,17,268,208,51,75,241,157,NA,NA,NA,NA,NA,NA,344,310,329,NA,NA,NA
2017,NA,345,NA,NA,2,255.01174296828327,0,0.004175383542538354,33,299,312,NA,NA,NA,NA,NA,NA,NA,NA,NA,NA,344,310,329,NA,NA,NA
2018,NA,NA,NA,NA,NA,NA,NA,NA,NA,NA,NA,NA,NA,NA,NA,NA,NA,NA,NA,NA,NA,NA,NA,NA,NA,NA,NA
2019,NA,NA,NA,NA,NA,NA,NA,NA,NA,297,298,222,0,111,76,NA,NA,NA,NA,NA,NA,344,310,329,NA,NA,NA
