Year,1972,1973,1974,1975,1976,1977,1978,1979,1980,1981,1982,1983,1984,1985,1986,1987,1988,1989,1990,1991,1992,1993,1994,1995,1996,1997,1998,1999,2000,2001,2002,2003,2004,2005,2006,2007,2008,2009,2010
FA_Mag,nan,91.99393680216447,nan,1.432953552318725,1.5059592802977737,nan,nan,nan,1.8058642605341317,16.000941638871552,nan,nan,nan,nan,nan,nan,nan,nan,nan,nan,nan,nan,nan,nan,nan,nan,nan,nan,nan,nan,nan,nan,5.60682042446171,4.197821619684191,nan,5.16275988044953,nan,2.7296515037459916,nan
FA_Tim,nan,45.0,nan,51.0,9.0,nan,nan,nan,24.0,64.0,nan,nan,nan,nan,nan,nan,nan,nan,nan,nan,nan,nan,nan,nan,nan,nan,nan,nan,nan,nan,nan,nan,39.0,18.0,nan,69.0,nan,32.0,nan
FA_Dur,nan,3.0,nan,3.0,5.0,nan,nan,nan,12.0,2.0,nan,nan,nan,nan,nan,nan,nan,nan,nan,nan,nan,nan,nan,nan,nan,nan,nan,nan,nan,nan,nan,nan,11.0,6.0,nan,1.0,nan,10.0,nan
Wet_BFL_Mag_10,0.57,7.480000000000002,3.6000000000000014,0.8630000000000001,0.34,0.0,14.0,2.9,4.32,2.0000000000000004,4.1,nan,nan,nan,nan,nan,nan,nan,nan,nan,nan,nan,nan,nan,nan,nan,nan,nan,nan,nan,nan,nan,2.26,7.32,2.9,0.27,1.0,0.9170000000000001,1.24
Wet_BFL_Mag_50,2.4,37.0,11.0,32.0,0.54,0.38,37.0,8.1,10.0,5.05,23.0,nan,nan,nan,nan,nan,nan,nan,nan,nan,nan,nan,nan,nan,nan,nan,nan,nan,nan,nan,nan,nan,6.8,26.0,12.0,2.6,7.7,17.45,7.42
Wet_Tim,72.0,94.0,37.0,114.0,116.0,80.0,88.0,94.0,78.0,106.0,38.0,nan,nan,nan,nan,nan,nan,nan,nan,nan,nan,nan,nan,nan,nan,nan,nan,nan,nan,nan,nan,nan,65.0,80.0,71.0,122.0,73.0,124.0,5.0
Wet_BFL_Dur,60.0,60.0,147.0,62.0,81.0,91.0,71.0,89.0,67.0,70.0,158.0,nan,nan,nan,nan,nan,nan,nan,nan,nan,nan,nan,nan,nan,nan,nan,nan,nan,nan,nan,nan,nan,87.0,97.0,118.0,31.0,78.0,34.0,193.0
Peak_2,224.0,224.0,224.0,224.0,224.0,224.0,224.0,224.0,224.0,224.0,224.0,nan,nan,nan,nan,nan,nan,nan,nan,nan,nan,nan,nan,nan,nan,nan,nan,nan,nan,nan,nan,nan,224.0,224.0,224.0,224.0,224.0,224.0,224.0
Peak_5,399.00000000000017,399.00000000000017,399.00000000000017,399.00000000000017,399.00000000000017,399.00000000000017,399.00000000000017,399.00000000000017,399.00000000000017,399.00000000000017,399.00000000000017,nan,nan,nan,nan,nan,nan,nan,nan,nan,nan,nan,nan,nan,nan,nan,nan,nan,nan,nan,nan,nan,399.00000000000017,399.00000000000017,399.00000000000017,399.00000000000017,399.00000000000017,399.00000000000017,399.00000000000017
Peak_10,449.6,449.6,449.6,449.6,449.6,449.6,449.6,449.6,449.6,449.6,449.6,nan,nan,nan,nan,nan,nan,nan,nan,nan,nan,nan,nan,nan,nan,nan,nan,nan,nan,nan,nan,nan,449.6,449.6,449.6,449.6,449.6,449.6,449.6
Peak_Dur_2,nan,3.0,2.0,nan,nan,nan,7.0,nan,7.0,nan,5.0,nan,nan,nan,nan,nan,nan,nan,nan,nan,nan,nan,nan,nan,nan,nan,nan,nan,nan,nan,nan,nan,1.0,nan,2.0,nan,1.0,nan,1.0
Peak_Dur_5,nan,nan,1.0,nan,nan,nan,1.0,nan,1.0,nan,2.0,nan,nan,nan,nan,nan,nan,nan,nan,nan,nan,nan,nan,nan,nan,nan,nan,nan,nan,nan,nan,nan,nan,nan,nan,nan,nan,nan,nan
Peak_Dur_10,nan,nan,1.0,nan,nan,nan,1.0,nan,nan,nan,nan,nan,nan,nan,nan,nan,nan,nan,nan,nan,nan,nan,nan,nan,nan,nan,nan,nan,nan,nan,nan,nan,nan,nan,nan,nan,nan,nan,nan
Peak_Fre_2,nan,3.0,1.0,nan,nan,nan,4.0,nan,2.0,nan,4.0,nan,nan,nan,nan,nan,nan,nan,nan,nan,nan,nan,nan,nan,nan,nan,nan,nan,nan,nan,nan,nan,1.0,nan,2.0,nan,1.0,nan,1.0
Peak_Fre_5,nan,nan,1.0,nan,nan,nan,1.0,nan,1.0,nan,2.0,nan,nan,nan,nan,nan,nan,nan,nan,nan,nan,nan,nan,nan,nan,nan,nan,nan,nan,nan,nan,nan,nan,nan,nan,nan,nan,nan,nan
Peak_Fre_10,nan,nan,1.0,nan,nan,nan,1.0,nan,nan,nan,nan,nan,nan,nan,nan,nan,nan,nan,nan,nan,nan,nan,nan,nan,nan,nan,nan,nan,nan,nan,nan,nan,nan,nan,nan,nan,nan,nan,nan
SP_Mag,15.0,90.0,88.0,114.0,0.88,2.0,339.0,38.0,443.0,47.0,395.0,nan,nan,nan,nan,nan,nan,nan,nan,nan,nan,nan,nan,nan,nan,nan,nan,nan,nan,nan,nan,nan,140.0,106.0,234.0,41.0,76.0,163.0,58.0
SP_Tim,132.0,154.0,184.0,176.0,197.0,171.0,159.0,183.0,145.0,176.0,196.0,nan,nan,nan,nan,nan,nan,nan,nan,nan,nan,nan,nan,nan,nan,nan,nan,nan,nan,nan,nan,nan,152.0,177.0,189.0,153.0,151.0,158.0,198.0
SP_Dur,93.0,68.0,65.0,79.0,70.0,50.0,101.0,67.0,112.0,50.0,50.0,nan,nan,nan,nan,nan,nan,nan,nan,nan,nan,nan,nan,nan,nan,nan,nan,nan,nan,nan,nan,nan,64.0,63.0,90.0,81.0,66.0,20.0,60.0
SP_ROC,0.07142857142857134,0.0779352226720648,0.07499999999999996,0.052177858439201405,0.1318840579710145,0.15624999999999997,0.06666666666666667,0.06299603174603173,0.07142857142857142,0.06976744186046507,0.06024096385542179,nan,nan,nan,nan,nan,nan,nan,nan,nan,nan,nan,nan,nan,nan,nan,nan,nan,nan,nan,nan,nan,0.06256109481915934,0.0662978573937478,0.06123086535457668,0.06948275862068959,0.046511627906976785,0.06487676056338028,0.04227941176470596
DS_Mag_50,0.0,0.14,0.41,0.33,0.0,0.0,0.16,0.03,0.27,0.0,nan,nan,nan,nan,nan,nan,nan,nan,nan,nan,nan,nan,nan,nan,nan,nan,nan,nan,nan,nan,nan,nan,0.355,0.59,0.5,0.0,0.14,0.03,0.31
DS_Mag_90,2.2,2.0,2.1,1.1,0.0,0.0,1.3,0.65,1.4,1.1300000000000012,nan,nan,nan,nan,nan,nan,nan,nan,nan,nan,nan,nan,nan,nan,nan,nan,nan,nan,nan,nan,nan,nan,1.8,2.7400000000000007,1.3,0.12,1.3000000000000003,2.7280000000000015,1.7339999999999995
DS_Tim,225.0,222.0,249.0,255.0,267.0,221.0,260.0,250.0,257.0,226.0,246.0,nan,nan,nan,nan,nan,nan,nan,nan,nan,nan,nan,nan,nan,nan,nan,nan,nan,nan,nan,nan,nan,216.0,240.0,279.0,234.0,217.0,178.0,258.0
DS_Dur_WS,235.0,181.0,231.0,227.0,179.0,233.0,200.0,194.0,215.0,178.0,nan,nan,nan,nan,nan,nan,nan,nan,nan,nan,nan,nan,nan,nan,nan,nan,nan,nan,nan,nan,nan,nan,230.0,197.0,209.0,205.0,273.0,193.0,113.0
