metric,status_code,status,alteration_type,median_in_iqr,comid
DS_Dur_WS,NA,not_enough_data,undeterminable,NA,22591931
DS_Tim,-1,likely_altered,late,FALSE,22591931
DS_Mag_50,NA,not_enough_data,undeterminable,NA,22591931
DS_Mag_90,NA,not_enough_data,undeterminable,NA,22591931
FA_Dur,NA,not_enough_data,undeterminable,NA,22591931
FA_Mag,NA,not_enough_data,undeterminable,NA,22591931
FA_Tim,NA,not_enough_data,undeterminable,NA,22591931
SP_ROC,-1,likely_altered,high,FALSE,22591931
SP_Dur,1,likely_unaltered,none_found,TRUE,22591931
SP_Mag,1,likely_unaltered,none_found,FALSE,22591931
SP_Tim,-1,likely_altered,late,FALSE,22591931
Wet_BFL_Dur,1,likely_unaltered,none_found,TRUE,22591931
Wet_BFL_Mag_10,-1,likely_altered,low,FALSE,22591931
Wet_BFL_Mag_50,1,likely_unaltered,none_found,TRUE,22591931
Wet_Tim,-1,likely_altered,late,FALSE,22591931
Peak_Dur_10,-1,likely_altered,high,FALSE,22591931
Peak_Dur_2,-1,likely_altered,high,FALSE,22591931
Peak_Dur_5,-1,likely_altered,high,FALSE,22591931
Peak_10,-1,likely_altered,low,FALSE,22591931
Peak_2,-1,likely_altered,low,FALSE,22591931
Peak_5,-1,likely_altered,low,FALSE,22591931
Peak_Fre_10,1,likely_unaltered,none_found,FALSE,22591931
Peak_Fre_2,-1,likely_altered,high,FALSE,22591931
Peak_Fre_5,-1,likely_altered,high,FALSE,22591931
