metric,status_code,status,alteration_type,median_in_iqr,comid
DS_Dur_WS,1,likely_unaltered,none_found,TRUE,22660237
DS_Tim,1,likely_unaltered,none_found,TRUE,22660237
DS_Mag_50,-1,likely_altered,low,FALSE,22660237
DS_Mag_90,-1,likely_altered,low,FALSE,22660237
FA_Mag,1,likely_unaltered,none_found,FALSE,22660237
FA_Tim,1,likely_unaltered,none_found,TRUE,22660237
SP_Dur,1,likely_unaltered,none_found,TRUE,22660237
SP_Mag,1,likely_unaltered,none_found,TRUE,22660237
SP_Tim,1,likely_unaltered,none_found,TRUE,22660237
Wet_BFL_Dur,1,likely_unaltered,none_found,TRUE,22660237
Wet_BFL_Mag_10,-1,likely_altered,low,FALSE,22660237
Wet_BFL_Mag_50,-1,likely_altered,low,FALSE,22660237
Wet_Tim,0,indeterminate,unknown,TRUE,22660237
Peak_10,1,likely_unaltered,none_found,TRUE,22660237
Peak_2,1,likely_unaltered,none_found,FALSE,22660237
Peak_5,1,likely_unaltered,none_found,TRUE,22660237
