metric,status_code,status,alteration_type,median_in_iqr,comid
DS_Dur_WS,1,likely_unaltered,none_found,TRUE,20286396
DS_Tim,1,likely_unaltered,none_found,FALSE,20286396
DS_Mag_50,-1,likely_altered,high,FALSE,20286396
DS_Mag_90,-1,likely_altered,high,FALSE,20286396
FA_Mag,-1,likely_altered,high,FALSE,20286396
FA_Tim,1,likely_unaltered,none_found,FALSE,20286396
SP_Dur,1,likely_unaltered,none_found,TRUE,20286396
SP_Mag,-1,likely_altered,high,FALSE,20286396
SP_Tim,-1,likely_altered,late,FALSE,20286396
Wet_BFL_Dur,1,likely_unaltered,none_found,FALSE,20286396
Wet_BFL_Mag_10,-1,likely_altered,high,FALSE,20286396
Wet_BFL_Mag_50,-1,likely_altered,high,FALSE,20286396
Wet_Tim,1,likely_unaltered,none_found,TRUE,20286396
Peak_10,1,likely_unaltered,none_found,TRUE,20286396
Peak_2,1,likely_unaltered,none_found,FALSE,20286396
Peak_5,1,likely_unaltered,none_found,TRUE,20286396
