p10,p25,p50,p75,p90,metric,comid,result_type
NA,NA,NA,NA,NA,DS_Dur_WS,20355400,observed
NA,NA,NA,NA,NA,DS_Tim,20355400,observed
NA,NA,NA,NA,NA,DS_Mag_50,20355400,observed
NA,NA,NA,NA,NA,DS_Mag_90,20355400,observed
NA,NA,NA,NA,NA,FA_Dur,20355400,observed
NA,NA,NA,NA,NA,FA_Mag,20355400,observed
NA,NA,NA,NA,NA,FA_Tim,20355400,observed
NA,NA,NA,NA,NA,SP_ROC,20355400,observed
NA,NA,NA,NA,NA,SP_Dur,20355400,observed
NA,NA,NA,NA,NA,SP_Mag,20355400,observed
NA,NA,NA,NA,NA,SP_Tim,20355400,observed
NA,NA,NA,NA,NA,Wet_BFL_Dur,20355400,observed
NA,NA,NA,NA,NA,Wet_BFL_Mag_10,20355400,observed
NA,NA,NA,NA,NA,Wet_BFL_Mag_50,20355400,observed
NA,NA,NA,NA,NA,Wet_Tim,20355400,observed
NA,NA,NA,NA,NA,Peak_Tim_10,20355400,observed
NA,NA,NA,NA,NA,Peak_Tim_2,20355400,observed
NA,NA,NA,NA,NA,Peak_Tim_5,20355400,observed
NA,NA,NA,NA,NA,Peak_Dur_10,20355400,observed
NA,NA,NA,NA,NA,Peak_Dur_2,20355400,observed
NA,NA,NA,NA,NA,Peak_Dur_5,20355400,observed
NA,NA,NA,NA,NA,Peak_10,20355400,observed
NA,NA,NA,NA,NA,Peak_2,20355400,observed
NA,NA,NA,NA,NA,Peak_5,20355400,observed
NA,NA,NA,NA,NA,Peak_Fre_10,20355400,observed
NA,NA,NA,NA,NA,Peak_Fre_2,20355400,observed
NA,NA,NA,NA,NA,Peak_Fre_5,20355400,observed
