Year,DS_Dur_WS,DS_Tim,DS_Mag_50,DS_Mag_90,FA_Dur,FA_Mag,FA_Tim,SP_ROC,SP_Dur,SP_Mag,SP_Tim,Wet_BFL_Dur,Wet_BFL_Mag_10,Wet_BFL_Mag_50,Wet_Tim,Peak_Tim_10,Peak_Tim_2,Peak_Tim_5,Peak_Dur_10,Peak_Dur_2,Peak_Dur_5,Peak_10,Peak_2,Peak_5,Peak_Fre_10,Peak_Fre_2,Peak_Fre_5
1980,19,349,2.1,2.5599999999999996,NA,NA,NA,0.03846153846153849,85,3.3,264,NA,NA,NA,NA,NA,201,248.5,NA,228,4,4.0600000000000005,1.65,3.4000000000000004,NA,5,2
1981,278,284,0.35,0.67,NA,NA,NA,0.040833333333333374,74,3.2,210,208,0,2.7,2,47,146,46,3,188,12,4.0600000000000005,1.65,3.4000000000000004,3,3,3
1982,NA,334,NA,NA,4,1.000203480950195,10,0.04545454545454549,104,3.6,230,34,0,3.2,196,360,305,222,2,112,9,4.0600000000000005,1.65,3.4000000000000004,1,6,3
1983,NA,441,NA,NA,5,1.7074041529571573,0,0.04761904761904766,181,3,260,NA,NA,NA,NA,319,230,211,1,159,7,4.0600000000000005,1.65,3.4000000000000004,1,13,4
1984,40,334,0.085,0.504,NA,NA,NA,0.11111111111111106,188,3.5,146,NA,NA,NA,NA,4,183,126,1,112,26,4.0600000000000005,1.65,3.4000000000000004,1,5,5
1985,184,269,0,0,NA,NA,NA,0.0757142857142857,87,3.5,182,174,0,0.865,8,NA,100.5,139,NA,104,10,4.0600000000000005,1.65,3.4000000000000004,NA,10,3
1986,165,276,0,0,NA,NA,NA,0.1333333333333333,65,3.5,211,124,0,0.01,87,NA,130,207,NA,55,1,4.0600000000000005,1.65,3.4000000000000004,NA,5,1
1987,NA,308,NA,NA,NA,NA,NA,0.1428571428571429,104,2.3,204,129,0,0,75,NA,152,NA,NA,31,NA,4.0600000000000005,1.65,3.4000000000000004,NA,6,NA
1988,NA,NA,NA,NA,NA,NA,NA,NA,NA,NA,NA,NA,NA,NA,NA,NA,NA,NA,NA,NA,NA,NA,NA,NA,NA,NA,NA
1989,NA,319,NA,NA,NA,NA,NA,0.11111111111111106,88,2.6,231,66,0,1.1,165,NA,193,NA,NA,9,NA,4.0600000000000005,1.65,3.4000000000000004,NA,3,NA
1990,NA,NA,NA,NA,NA,NA,NA,NA,NA,NA,NA,NA,NA,NA,NA,NA,NA,NA,NA,NA,NA,NA,NA,NA,NA,NA,NA
1991,251,304,0,0,NA,NA,NA,0.1666666666666666,58,1.5,246,141,0,0,105,NA,NA,NA,NA,NA,NA,4.0600000000000005,1.65,3.4000000000000004,NA,NA,NA
1992,123,321,0,0,NA,NA,NA,0.28571428571428575,62,1.9,259,70,0,0.585,189,NA,254,NA,NA,2,NA,4.0600000000000005,1.65,3.4000000000000004,NA,1,NA
1993,NA,385,NA,NA,NA,NA,NA,0.04880952380952385,73,2.2,312,234,0,0.83,78,NA,196.5,NA,NA,100,NA,4.0600000000000005,1.65,3.4000000000000004,NA,4,NA
1994,225,326,0,0,NA,NA,NA,0.09999999999999998,104,1.7,222,NA,NA,NA,NA,NA,210,NA,NA,7,NA,4.0600000000000005,1.65,3.4000000000000004,NA,3,NA
1995,NA,390,NA,NA,NA,NA,NA,0.058823529411764754,89,1.8,301,116,0.105,1.1,185,NA,217,NA,NA,11,NA,4.0600000000000005,1.65,3.4000000000000004,NA,3,NA
1996,NA,NA,NA,NA,NA,NA,NA,NA,NA,NA,NA,NA,NA,NA,NA,NA,NA,NA,NA,NA,NA,NA,NA,NA,NA,NA,NA
1997,NA,NA,NA,NA,NA,NA,NA,NA,NA,NA,NA,NA,NA,NA,NA,NA,NA,NA,NA,NA,NA,NA,NA,NA,NA,NA,NA
1998,NA,NA,NA,NA,NA,NA,NA,NA,NA,1.3,323,127,0,0.93,196,NA,NA,NA,NA,NA,NA,4.0600000000000005,1.65,3.4000000000000004,NA,NA,NA
1999,NA,307,NA,NA,9,1.171333864393265,54,0.08750000000000008,110,1,197,NA,NA,NA,NA,NA,NA,NA,NA,NA,NA,4.0600000000000005,1.65,3.4000000000000004,NA,NA,NA
2000,NA,NA,NA,NA,NA,NA,NA,NA,NA,NA,NA,NA,NA,NA,NA,NA,NA,NA,NA,NA,NA,NA,NA,NA,NA,NA,NA
2001,NA,NA,NA,NA,NA,NA,NA,NA,NA,NA,NA,NA,NA,NA,NA,NA,NA,NA,NA,NA,NA,NA,NA,NA,NA,NA,NA
2002,NA,NA,NA,NA,NA,NA,NA,NA,NA,NA,NA,NA,NA,NA,NA,NA,NA,NA,NA,NA,NA,NA,NA,NA,NA,NA,NA
2003,NA,NA,NA,NA,NA,NA,NA,NA,NA,NA,NA,NA,NA,NA,NA,NA,NA,NA,NA,NA,NA,NA,NA,NA,NA,NA,NA
2004,NA,NA,NA,NA,NA,NA,NA,NA,NA,NA,NA,NA,NA,NA,NA,NA,NA,NA,NA,NA,NA,NA,NA,NA,NA,NA,NA
2005,NA,NA,NA,NA,NA,NA,NA,NA,NA,NA,NA,NA,NA,NA,NA,NA,NA,NA,NA,NA,NA,NA,NA,NA,NA,NA,NA
2006,NA,NA,NA,NA,NA,NA,NA,NA,NA,NA,NA,NA,NA,NA,NA,NA,NA,NA,NA,NA,NA,NA,NA,NA,NA,NA,NA
2007,NA,NA,NA,NA,NA,NA,NA,NA,NA,NA,NA,NA,NA,NA,NA,NA,NA,NA,NA,NA,NA,NA,NA,NA,NA,NA,NA
2008,NA,NA,NA,NA,NA,NA,NA,NA,NA,NA,NA,NA,NA,NA,NA,NA,NA,NA,NA,NA,NA,NA,NA,NA,NA,NA,NA
2009,NA,NA,NA,NA,NA,NA,NA,NA,NA,NA,NA,NA,NA,NA,NA,NA,NA,NA,NA,NA,NA,NA,NA,NA,NA,NA,NA
2010,NA,NA,NA,NA,NA,NA,NA,NA,NA,NA,NA,NA,NA,NA,NA,NA,NA,NA,NA,NA,NA,NA,NA,NA,NA,NA,NA
2011,NA,NA,NA,NA,NA,NA,NA,NA,NA,NA,NA,NA,NA,NA,NA,NA,NA,NA,NA,NA,NA,NA,NA,NA,NA,NA,NA
2012,NA,NA,NA,NA,NA,NA,NA,NA,NA,NA,NA,NA,NA,NA,NA,NA,NA,NA,NA,NA,NA,NA,NA,NA,NA,NA,NA
