metric,status_code,status,alteration_type,median_in_iqr,comid
DS_Dur_WS,1,likely_unaltered,none_found,TRUE,22534638
DS_Tim,1,likely_unaltered,none_found,TRUE,22534638
DS_Mag_50,1,likely_unaltered,none_found,TRUE,22534638
DS_Mag_90,1,likely_unaltered,none_found,FALSE,22534638
FA_Dur,1,likely_unaltered,none_found,TRUE,22534638
FA_Mag,1,likely_unaltered,none_found,TRUE,22534638
FA_Tim,1,likely_unaltered,none_found,TRUE,22534638
SP_ROC,-1,likely_altered,high,FALSE,22534638
SP_Dur,-1,likely_altered,low,FALSE,22534638
SP_Mag,1,likely_unaltered,none_found,TRUE,22534638
SP_Tim,1,likely_unaltered,none_found,TRUE,22534638
Wet_BFL_Dur,1,likely_unaltered,none_found,TRUE,22534638
Wet_BFL_Mag_10,-1,likely_altered,low,FALSE,22534638
Wet_BFL_Mag_50,-1,likely_altered,low,FALSE,22534638
Wet_Tim,1,likely_unaltered,none_found,TRUE,22534638
Peak_Dur_10,1,likely_unaltered,none_found,TRUE,22534638
Peak_Dur_2,1,likely_unaltered,none_found,TRUE,22534638
Peak_Dur_5,1,likely_unaltered,none_found,TRUE,22534638
Peak_10,1,likely_unaltered,none_found,TRUE,22534638
Peak_2,1,likely_unaltered,none_found,FALSE,22534638
Peak_5,1,likely_unaltered,none_found,TRUE,22534638
Peak_Fre_10,1,likely_unaltered,none_found,TRUE,22534638
Peak_Fre_2,1,likely_unaltered,none_found,TRUE,22534638
Peak_Fre_5,1,likely_unaltered,none_found,TRUE,22534638
