Year,DS_Dur_WS,DS_Tim,DS_Mag_50,DS_Mag_90,FA_Dur,FA_Mag,FA_Tim,SP_ROC,SP_Dur,SP_Mag,SP_Tim,Wet_BFL_Dur,Wet_BFL_Mag_10,Wet_BFL_Mag_50,Wet_Tim,Peak_Tim_10,Peak_Tim_2,Peak_Tim_5,Peak_Dur_10,Peak_Dur_2,Peak_Dur_5,Peak_10,Peak_2,Peak_5,Peak_Fre_10,Peak_Fre_2,Peak_Fre_5
1981,NA,268,NA,NA,NA,NA,NA,0.08333333333333333,24,12,244,NA,NA,NA,NA,168,225,193,49,98,63,14,11.25,12.88,1,4,2
1982,NA,374,NA,NA,NA,NA,NA,0.09090909090909091,73,13,301,NA,NA,NA,NA,NA,315,297,NA,36,5,14,11.25,12.88,NA,5,3
1983,NA,NA,NA,NA,NA,NA,NA,NA,NA,NA,NA,NA,NA,NA,NA,NA,NA,NA,NA,NA,NA,NA,NA,NA,NA,NA,NA
1984,NA,NA,NA,NA,NA,NA,NA,NA,NA,NA,NA,NA,NA,NA,NA,NA,NA,NA,NA,NA,NA,NA,NA,NA,NA,NA,NA
1985,NA,NA,NA,NA,NA,NA,NA,NA,NA,NA,NA,NA,NA,NA,NA,NA,NA,NA,NA,NA,NA,NA,NA,NA,NA,NA,NA
1986,NA,NA,NA,NA,NA,NA,NA,NA,NA,NA,NA,NA,NA,NA,NA,NA,NA,NA,NA,NA,NA,NA,NA,NA,NA,NA,NA
1987,NA,NA,NA,NA,NA,NA,NA,NA,NA,NA,NA,NA,NA,NA,NA,NA,NA,NA,NA,NA,NA,NA,NA,NA,NA,NA,NA
1988,NA,NA,NA,NA,NA,NA,NA,NA,NA,NA,NA,NA,NA,NA,NA,NA,NA,NA,NA,NA,NA,NA,NA,NA,NA,NA,NA
1989,NA,374,NA,NA,NA,NA,NA,0.014925373134328438,115,6.1,259,NA,NA,NA,NA,NA,NA,NA,NA,NA,NA,14,11.25,12.88,NA,NA,NA
1990,NA,NA,NA,NA,NA,NA,NA,NA,NA,NA,NA,NA,NA,NA,NA,NA,NA,NA,NA,NA,NA,NA,NA,NA,NA,NA,NA
1991,NA,287,NA,NA,NA,NA,NA,0.10955710955710954,19,10,268,122,1.2,4.25,146,NA,NA,NA,NA,NA,NA,14,11.25,12.88,NA,NA,NA
1992,NA,NA,NA,NA,7,11.023896745456774,2,NA,NA,4.7,171,NA,NA,NA,NA,NA,365,NA,NA,NA,NA,14,11.25,12.88,NA,1,NA
1993,NA,NA,NA,NA,NA,NA,NA,NA,NA,7.3,256,249,0,3.3,7,NA,NA,NA,NA,NA,NA,14,11.25,12.88,NA,NA,NA
1994,130,290,0,0,6,8.601873226196343,0,0.11627906976744186,61,8.6,229,228,6.2,8.4,1,NA,NA,NA,NA,NA,NA,14,11.25,12.88,NA,NA,NA
1995,NA,327,NA,NA,NA,NA,NA,0.028298204527712728,68,12,259,205,0.14400000000000002,1.7,54,NA,255,NA,NA,7,NA,14,11.25,12.88,NA,1,NA
1996,NA,302,NA,NA,NA,NA,NA,0.05319148936170213,36,11,266,NA,NA,NA,NA,NA,237,NA,NA,14,NA,14,11.25,12.88,NA,2,NA
1997,116,330,7.8,10.35,9,9.330332330192924,1,0.06250000000000006,98,11,232,NA,NA,NA,NA,NA,NA,NA,NA,NA,NA,14,11.25,12.88,NA,NA,NA
1998,NA,376,NA,NA,NA,NA,NA,0.9745454545454546,187,22,189,109,0.18,11,80,145,96.5,145,220,228,220,14,11.25,12.88,1,2,1
1999,NA,333,NA,NA,NA,NA,NA,0.03896103896103894,242,11,91,NA,NA,NA,NA,246,245,246,74,75,74,14,11.25,12.88,1,1,1
2000,NA,NA,NA,NA,NA,NA,NA,NA,NA,NA,NA,NA,NA,NA,NA,NA,NA,NA,NA,NA,NA,NA,NA,NA,NA,NA,NA
2001,NA,NA,NA,NA,NA,NA,NA,NA,NA,9.8,214,189,0.01,7.9,25,0,300,335.5,31,96,35,14,11.25,12.88,1,4,4
2002,NA,291,NA,NA,NA,NA,NA,0.5930555555555556,197,9.8,94,NA,NA,NA,NA,NA,161.5,343,NA,65,24,14,11.25,12.88,NA,2,6
2003,NA,285,NA,NA,NA,NA,NA,NA,NA,4.05,285,NA,NA,NA,NA,NA,230,NA,NA,25,NA,14,11.25,12.88,NA,2,NA
2004,NA,236,NA,NA,NA,NA,NA,0.009708737864077709,13,9.59,223,NA,NA,NA,NA,NA,210,NA,NA,1,NA,14,11.25,12.88,NA,1,NA
2005,NA,327,NA,NA,NA,NA,NA,0.017322834645669204,319,9.14,8,NA,NA,NA,NA,NA,NA,NA,NA,NA,NA,14,11.25,12.88,NA,NA,NA
2006,NA,324,NA,NA,NA,NA,NA,0.007504260587157174,90,8.71,234,NA,NA,NA,NA,NA,NA,NA,NA,NA,NA,14,11.25,12.88,NA,NA,NA
2007,NA,NA,NA,NA,NA,NA,NA,NA,NA,NA,NA,NA,NA,NA,NA,NA,NA,NA,NA,NA,NA,NA,NA,NA,NA,NA,NA
2008,84,285,0,2.4030000000000014,NA,NA,NA,0.34600667693888026,24,8.91,261,102,5.98,6.2,159,NA,229,NA,NA,17,NA,14,11.25,12.88,NA,1,NA
2009,NA,349,NA,NA,NA,NA,NA,0.005617977528089934,128,5.34,221,218,0,3.9749999999999996,3,NA,45,NA,NA,2,NA,14,11.25,12.88,NA,1,NA
2010,NA,335,NA,NA,NA,NA,NA,0.021534546951299426,74,8.86,261,NA,NA,NA,NA,NA,316,NA,NA,21,NA,14,11.25,12.88,NA,5,NA
2011,NA,183,NA,NA,NA,NA,NA,NA,13,7.92,170,NA,NA,NA,NA,NA,0,NA,NA,7,NA,14,11.25,12.88,NA,1,NA
2012,38,342,0,0,NA,NA,NA,0.016149068322981464,77,8.05,265,NA,NA,NA,NA,NA,NA,NA,NA,NA,NA,14,11.25,12.88,NA,NA,NA
2013,NA,258,NA,NA,NA,NA,NA,NA,19,6.37,239,225,0,6.16,14,NA,NA,NA,NA,NA,NA,14,11.25,12.88,NA,NA,NA
2014,NA,NA,NA,NA,NA,NA,NA,NA,NA,NA,NA,NA,NA,NA,NA,NA,NA,NA,NA,NA,NA,NA,NA,NA,NA,NA,NA
2015,NA,NA,NA,NA,NA,NA,NA,NA,NA,NA,NA,NA,NA,NA,NA,NA,NA,NA,NA,NA,NA,NA,NA,NA,NA,NA,NA
2016,NA,NA,NA,NA,NA,NA,NA,NA,NA,NA,NA,NA,NA,NA,NA,NA,NA,NA,NA,NA,NA,NA,NA,NA,NA,NA,NA
2017,9,400,8.38,8.574,NA,NA,NA,0.01044083526682133,141,5.14,259,112,4.034000000000001,7.24,147,NA,NA,NA,NA,NA,NA,14,11.25,12.88,NA,NA,NA
2018,405,113,2.06,2.3,NA,NA,NA,NA,NA,2.66,NA,NA,NA,NA,9,NA,NA,NA,NA,NA,NA,14,11.25,12.88,NA,NA,NA
2019,NA,336,NA,NA,NA,NA,NA,0.01247165532879812,74,7.16,262,110,0.029000000000000005,4.970000000000001,152,NA,NA,NA,NA,NA,NA,14,11.25,12.88,NA,NA,NA
2020,NA,271,NA,NA,NA,NA,NA,0.008803058685226812,18,8.99,253,NA,NA,NA,NA,NA,NA,NA,NA,NA,NA,14,11.25,12.88,NA,NA,NA
