Year,DS_Dur_WS,DS_Tim,DS_Mag_50,DS_Mag_90,FA_Dur,FA_Mag,FA_Tim,SP_ROC,SP_Dur,SP_Mag,SP_Tim,Wet_BFL_Dur,Wet_BFL_Mag_10,Wet_BFL_Mag_50,Wet_Tim,Peak_Tim_10,Peak_Tim_2,Peak_Tim_5,Peak_Dur_10,Peak_Dur_2,Peak_Dur_5,Peak_10,Peak_2,Peak_5,Peak_Fre_10,Peak_Fre_2,Peak_Fre_5
1981,NA,362,NA,NA,1,152.96618431051309,3,NA,12,160,350,NA,NA,NA,NA,NA,NA,NA,NA,NA,NA,221.70000000000005,169,208.20000000000005,NA,NA,NA
1982,NA,392,NA,NA,3,156.9389721930254,20,0.027586206896551724,169,151,223,NA,NA,NA,NA,NA,333,NA,NA,1,NA,221.70000000000005,169,208.20000000000005,NA,1,NA
1983,NA,366,NA,NA,NA,NA,NA,0.024527363184079602,170,148,196,NA,NA,NA,NA,NA,321,NA,NA,1,NA,221.70000000000005,169,208.20000000000005,NA,1,NA
1984,NA,298,NA,NA,NA,NA,NA,NA,NA,155,NA,NA,NA,NA,NA,NA,NA,NA,NA,NA,NA,221.70000000000005,169,208.20000000000005,NA,NA,NA
1985,NA,363,NA,NA,NA,NA,NA,0.09489458855532887,21,150,342,NA,NA,NA,NA,NA,181,NA,NA,1,NA,221.70000000000005,169,208.20000000000005,NA,1,NA
1986,NA,354,NA,NA,5,133.99554979987752,21,0.6942446043165468,14,145,340,NA,NA,NA,NA,NA,NA,NA,NA,NA,NA,221.70000000000005,169,208.20000000000005,NA,NA,NA
1987,NA,NA,NA,NA,NA,NA,NA,NA,NA,NA,NA,NA,NA,NA,NA,NA,NA,NA,NA,NA,NA,NA,NA,NA,NA,NA,NA
1988,NA,NA,NA,NA,NA,NA,NA,NA,NA,NA,NA,NA,NA,NA,NA,NA,NA,NA,NA,NA,NA,NA,NA,NA,NA,NA,NA
1989,NA,346,NA,NA,NA,NA,NA,0.036231884057971016,29,150,317,312,0,0,5,NA,159,NA,NA,1,NA,221.70000000000005,169,208.20000000000005,NA,1,NA
1990,NA,NA,NA,NA,NA,NA,NA,NA,NA,NA,NA,NA,NA,NA,NA,NA,NA,NA,NA,NA,NA,NA,NA,NA,NA,NA,NA
1991,NA,332,NA,NA,NA,NA,NA,0.3082191780821918,17,165,315,308,0,0,7,NA,229,NA,NA,2,NA,221.70000000000005,169,208.20000000000005,NA,2,NA
1992,NA,NA,NA,NA,NA,NA,NA,NA,NA,NA,NA,NA,NA,NA,NA,NA,NA,NA,NA,NA,NA,NA,NA,NA,NA,NA,NA
1993,NA,360,NA,NA,NA,NA,NA,0.03597122302158273,35,177,325,NA,NA,NA,NA,NA,258,NA,NA,8,NA,221.70000000000005,169,208.20000000000005,NA,8,NA
1994,NA,NA,NA,NA,NA,NA,NA,NA,NA,NA,NA,NA,NA,NA,NA,NA,NA,NA,NA,NA,NA,NA,NA,NA,NA,NA,NA
1995,NA,343,NA,NA,8,173.71992133237546,18,0.2543352601156069,108,173,235,NA,NA,NA,NA,NA,224,215,NA,231,1,221.70000000000005,169,208.20000000000005,NA,20,1
1996,36,332,0,0,2,173.02087801231855,1,NA,11,173,321,NA,NA,NA,NA,NA,154.5,4,NA,217,1,221.70000000000005,169,208.20000000000005,NA,16,1
1997,NA,324,NA,NA,NA,NA,NA,0.6878612716763006,20,173,304,302,0,173,2,NA,137.5,64.5,NA,183,2,221.70000000000005,169,208.20000000000005,NA,22,2
1998,9,429,172,172,NA,NA,NA,0.5426356589147286,92,129,337,NA,NA,NA,NA,NA,184,72,NA,237,1,221.70000000000005,169,208.20000000000005,NA,19,1
1999,NA,404,NA,NA,NA,NA,NA,0.03355704697986577,42,160,362,353,0,118,9,51,44,51,1,46,1,221.70000000000005,169,208.20000000000005,1,5,1
2000,59,330,114,158,NA,NA,NA,0.5416666666666666,17,156,313,NA,NA,NA,NA,134,114,134,1,2,1,221.70000000000005,169,208.20000000000005,1,2,1
2001,NA,295,NA,NA,3,154.000330205761,1,NA,11,156,284,261,0,0,23,NA,8,NA,NA,1,NA,221.70000000000005,169,208.20000000000005,NA,1,NA
2002,NA,298,NA,NA,1,151.000242738623,0,NA,10,158,288,NA,NA,NA,NA,108,228,108,1,7,1,221.70000000000005,169,208.20000000000005,1,3,1
2003,NA,284,NA,NA,NA,NA,NA,0.6814159292035398,13,128,271,NA,NA,NA,NA,NA,26,NA,NA,3,NA,221.70000000000005,169,208.20000000000005,NA,3,NA
2004,NA,196,NA,NA,1,156.0024073043273,0,0.4791666666666667,17,158,179,NA,NA,NA,NA,NA,NA,NA,NA,NA,NA,221.70000000000005,169,208.20000000000005,NA,NA,NA
2005,NA,180,NA,NA,1,148.99913988447133,0,0.05473993288590604,38,160,142,NA,NA,NA,NA,NA,NA,NA,NA,NA,NA,221.70000000000005,169,208.20000000000005,NA,NA,NA
2006,NA,NA,NA,NA,NA,NA,NA,NA,NA,NA,NA,NA,NA,NA,NA,NA,NA,NA,NA,NA,NA,NA,NA,NA,NA,NA,NA
2007,NA,NA,NA,NA,NA,NA,NA,NA,NA,NA,NA,NA,NA,NA,NA,NA,NA,NA,NA,NA,NA,NA,NA,NA,NA,NA,NA
2008,NA,277,NA,NA,1,118.95985979352378,3,0.05555555555555555,112,158,165,NA,NA,NA,NA,NA,158,NA,NA,1,NA,221.70000000000005,169,208.20000000000005,NA,1,NA
2009,NA,NA,NA,NA,NA,NA,NA,NA,NA,NA,NA,NA,NA,NA,NA,NA,NA,NA,NA,NA,NA,NA,NA,NA,NA,NA,NA
2010,NA,295,NA,NA,2,121.02517778609214,3,0.028089887640449437,27,192,268,NA,NA,NA,NA,NA,208,NA,NA,45,NA,221.70000000000005,169,208.20000000000005,NA,11,NA
2011,NA,290,NA,NA,1,152.98369739434645,2,0.03164556962025317,22,160,268,NA,NA,NA,NA,NA,141.5,NA,NA,4,NA,221.70000000000005,169,208.20000000000005,NA,4,NA
2012,NA,NA,NA,NA,NA,NA,NA,NA,NA,NA,NA,NA,NA,NA,NA,NA,NA,NA,NA,NA,NA,NA,NA,NA,NA,NA,NA
2013,NA,NA,NA,NA,NA,NA,NA,NA,NA,NA,NA,NA,NA,NA,NA,NA,NA,NA,NA,NA,NA,NA,NA,NA,NA,NA,NA
2014,NA,NA,NA,NA,NA,NA,NA,NA,NA,NA,NA,NA,NA,NA,NA,NA,NA,NA,NA,NA,NA,NA,NA,NA,NA,NA,NA
2015,NA,NA,NA,NA,NA,NA,NA,NA,NA,NA,NA,NA,NA,NA,NA,NA,NA,NA,NA,NA,NA,NA,NA,NA,NA,NA,NA
2016,NA,NA,NA,NA,NA,NA,NA,NA,NA,NA,NA,NA,NA,NA,NA,NA,NA,NA,NA,NA,NA,NA,NA,NA,NA,NA,NA
2017,NA,NA,NA,NA,NA,NA,NA,NA,NA,NA,NA,NA,NA,NA,NA,NA,NA,NA,NA,NA,NA,NA,NA,NA,NA,NA,NA
2018,NA,NA,NA,NA,NA,NA,NA,NA,NA,NA,NA,NA,NA,NA,NA,NA,NA,NA,NA,NA,NA,NA,NA,NA,NA,NA,NA
2019,NA,NA,NA,NA,NA,NA,NA,NA,NA,NA,NA,NA,NA,NA,NA,NA,NA,NA,NA,NA,NA,NA,NA,NA,NA,NA,NA
