Year,DS_Dur_WS,DS_Tim,DS_Mag_50,DS_Mag_90,FA_Dur,FA_Mag,FA_Tim,SP_ROC,SP_Dur,SP_Mag,SP_Tim,Wet_BFL_Dur,Wet_BFL_Mag_10,Wet_BFL_Mag_50,Wet_Tim,Peak_Tim_10,Peak_Tim_2,Peak_Tim_5,Peak_Dur_10,Peak_Dur_2,Peak_Dur_5,Peak_10,Peak_2,Peak_5,Peak_Fre_10,Peak_Fre_2,Peak_Fre_5
1980,NA,373,NA,NA,NA,NA,NA,0.02667140825035562,85,50,288,NA,NA,NA,NA,287,225,294.5,4,80,6,51,44,49.2,2,6,4
1981,58,387,22,27.900000000000013,NA,NA,NA,0.02857142857142857,138,51,249,NA,NA,NA,NA,245,255,245,1,40,3,51,44,49.2,1,2,3
1982,NA,NA,NA,NA,NA,NA,NA,NA,NA,50,270,212,36,41,58,177.5,162.5,248,8,109,17,51,44,49.2,4,8,8
1983,NA,307,NA,NA,NA,NA,NA,0.024695121951219513,206,44,101,88,10.130000000000003,42.5,13,285,90,290,5,140,22,51,44,49.2,3,13,12
1984,NA,290,NA,NA,NA,NA,NA,0.03125,20,51,270,NA,NA,NA,NA,256.5,122.5,244,16,90,32,51,44,49.2,4,6,3
1985,102,426,18,26,NA,NA,NA,0.037037037037037035,166,50,260,NA,NA,NA,NA,NA,196,257,NA,64,3,51,44,49.2,NA,3,2
1986,166,381,15,18,4,41.0638373993024,26,0.038461538461538464,102,51,279,177,4.340000000000001,43,102,275,201,253,1,80,6,51,44,49.2,1,5,3
1987,NA,360,NA,NA,3,31.081088993125906,17,0.03225806451612903,39,37,321,155,26,35,166,NA,210.5,NA,NA,25,NA,51,44,49.2,NA,2,NA
1988,NA,392,NA,NA,NA,NA,NA,0.04,140,46,252,NA,NA,NA,NA,NA,235,NA,NA,16,NA,51,44,49.2,NA,1,NA
1989,101,406,17,18,NA,NA,NA,0.05714285714285714,58,36,348,NA,NA,NA,NA,NA,210.5,NA,NA,48,NA,51,44,49.2,NA,10,NA
1990,NA,383,NA,NA,3,37.98492619824152,20,0.031947261663286,70,40,313,212,20,33,101,NA,228.5,NA,NA,15,NA,51,44,49.2,NA,4,NA
1991,NA,357,NA,NA,NA,NA,NA,0.03137254901960784,88,47,269,NA,NA,NA,NA,NA,250,NA,NA,26,NA,51,44,49.2,NA,7,NA
1992,NA,369,NA,NA,NA,NA,NA,0.03333333333333333,38,39,331,NA,NA,NA,NA,NA,158,NA,NA,74,NA,51,44,49.2,NA,2,NA
1993,NA,395,NA,NA,NA,NA,NA,0.05718954248366013,115,51,280,NA,NA,NA,NA,276,164,276,1,116,2,51,44,49.2,1,11,1
1994,NA,NA,NA,NA,NA,NA,NA,NA,NA,40,336,NA,NA,NA,NA,NA,236,NA,NA,13,NA,51,44,49.2,NA,3,NA
1995,NA,218,NA,NA,NA,NA,NA,0.05,106,45,112,96,16,40,16,NA,260,NA,NA,119,NA,51,44,49.2,NA,9,NA
1996,NA,366,NA,NA,NA,NA,NA,0.03785714285714285,29,34,337,NA,NA,NA,NA,NA,234,NA,NA,11,NA,51,44,49.2,NA,3,NA
1997,NA,285,NA,NA,NA,NA,NA,NA,NA,39,NA,NA,NA,NA,NA,NA,231.5,NA,NA,20,NA,51,44,49.2,NA,8,NA
1998,108,412,15,24,NA,NA,NA,0.042222222222222223,111,47,301,NA,NA,NA,NA,NA,299,NA,NA,18,NA,51,44,49.2,NA,4,NA
1999,NA,289,NA,NA,4,30.91871526771921,24,0.029411764705882353,50,46,239,131,24,26,108,NA,228,NA,NA,8,NA,51,44,49.2,NA,2,NA
2000,NA,361,NA,NA,NA,NA,NA,0.029411764705882353,106,43,255,NA,NA,NA,NA,NA,NA,NA,NA,NA,NA,51,44,49.2,NA,NA,NA
2001,NA,258,NA,NA,NA,NA,NA,NA,NA,39,NA,NA,NA,NA,NA,NA,NA,NA,NA,NA,NA,51,44,49.2,NA,NA,NA
2002,NA,360,NA,NA,NA,NA,NA,0.050031269543464665,20,41,340,NA,NA,NA,NA,NA,NA,NA,NA,NA,NA,51,44,49.2,NA,NA,NA
2003,NA,325,NA,NA,NA,NA,NA,0.038798920377867745,35,40,290,NA,NA,NA,NA,NA,NA,NA,NA,NA,NA,51,44,49.2,NA,NA,NA
2004,NA,395,NA,NA,NA,NA,NA,0.07395644283121597,52,41,343,NA,NA,NA,NA,NA,NA,NA,NA,NA,NA,51,44,49.2,NA,NA,NA
2005,NA,394,NA,NA,NA,NA,NA,0.030303030303030304,90,41,304,NA,NA,NA,NA,NA,NA,NA,NA,NA,NA,51,44,49.2,NA,NA,NA
2006,NA,407,NA,NA,NA,NA,NA,0.04298245614035087,114,36,293,NA,NA,NA,NA,NA,NA,NA,NA,NA,NA,51,44,49.2,NA,NA,NA
2007,NA,365,NA,NA,NA,NA,NA,0.09090909090909091,21,37,344,NA,NA,NA,NA,NA,NA,NA,NA,NA,NA,51,44,49.2,NA,NA,NA
2008,NA,401,NA,NA,NA,NA,NA,0.05263157894736842,66,43,335,NA,NA,NA,NA,NA,NA,NA,NA,NA,NA,51,44,49.2,NA,NA,NA
2009,NA,391,NA,NA,NA,NA,NA,0.05634920634920634,126,38,265,NA,NA,NA,NA,NA,NA,NA,NA,NA,NA,51,44,49.2,NA,NA,NA
2010,55,356,22,27,NA,NA,NA,0.029411764705882353,67,42,289,NA,NA,NA,NA,NA,NA,NA,NA,NA,NA,51,44,49.2,NA,NA,NA
2011,NA,355,NA,NA,NA,NA,NA,0.02857142857142857,49,40,306,261,26,29,45,NA,NA,NA,NA,NA,NA,51,44,49.2,NA,NA,NA
2012,NA,256,NA,NA,NA,NA,NA,NA,NA,37,NA,NA,NA,NA,NA,NA,NA,NA,NA,NA,NA,51,44,49.2,NA,NA,NA
2013,NA,399,NA,NA,NA,NA,NA,0.11764705882352941,69,36,330,NA,NA,NA,NA,NA,NA,NA,NA,NA,NA,51,44,49.2,NA,NA,NA
2014,NA,260,NA,NA,NA,NA,NA,NA,NA,30,0,NA,NA,NA,NA,NA,NA,NA,NA,NA,NA,51,44,49.2,NA,NA,NA
2015,NA,404,NA,NA,NA,NA,NA,0.07692307692307693,50,31,354,NA,NA,NA,NA,NA,NA,NA,NA,NA,NA,51,44,49.2,NA,NA,NA
2016,NA,388,NA,NA,NA,NA,NA,0.035098522167487683,61,35,327,NA,NA,NA,NA,NA,NA,NA,NA,NA,NA,51,44,49.2,NA,NA,NA
2017,51,389,20,26,NA,NA,NA,0.0339080459770115,110,37,279,NA,NA,NA,NA,NA,NA,NA,NA,NA,NA,51,44,49.2,NA,NA,NA
2018,204,269,27,33,NA,NA,NA,0.07407407407407407,8,38,261,210,19,26,51,NA,NA,NA,NA,NA,NA,51,44,49.2,NA,NA,NA
2019,NA,NA,NA,NA,NA,NA,NA,NA,NA,40,283,176,17,30,107,NA,NA,NA,NA,NA,NA,51,44,49.2,NA,NA,NA
