Year,DS_Dur_WS,DS_Tim,DS_Mag_50,DS_Mag_90,FA_Dur,FA_Mag,FA_Tim,SP_ROC,SP_Dur,SP_Mag,SP_Tim,Wet_BFL_Dur,Wet_BFL_Mag_10,Wet_BFL_Mag_50,Wet_Tim,Peak_Tim_10,Peak_Tim_2,Peak_Tim_5,Peak_Dur_10,Peak_Dur_2,Peak_Dur_5,Peak_10,Peak_2,Peak_5,Peak_Fre_10,Peak_Fre_2,Peak_Fre_5
1980,NA,360,NA,NA,NA,NA,NA,0.034482758620689655,339,174,21,NA,NA,NA,NA,NA,NA,NA,NA,NA,NA,324.00000000000006,253,281,NA,NA,NA
1981,NA,339,NA,NA,NA,NA,NA,0.017241379310344827,73,281,266,NA,NA,NA,NA,NA,273,262,NA,22,2,324.00000000000006,253,281,NA,2,1
1982,NA,403,NA,NA,NA,NA,NA,0.02585659368209928,141,187,262,NA,NA,NA,NA,NA,NA,NA,NA,NA,NA,324.00000000000006,253,281,NA,NA,NA
1983,180,381,62.5,82,NA,NA,NA,0.025975121231288215,149,92,232,NA,NA,NA,NA,NA,142,NA,NA,1,NA,324.00000000000006,253,281,NA,1,NA
1984,NA,371,NA,NA,4,127.00083389672757,0,0.02105496453900709,211,73,160,NA,NA,NA,180,NA,304.5,301.5,NA,24,9,324.00000000000006,253,281,NA,6,2
1985,NA,349,NA,NA,NA,NA,NA,0.017817460317460315,152,171,197,NA,NA,NA,NA,NA,291,NA,NA,20,NA,324.00000000000006,253,281,NA,2,NA
1986,46,388,130,151,NA,NA,NA,0.030303030303030304,273,165,115,NA,NA,NA,NA,NA,307,NA,NA,1,NA,324.00000000000006,253,281,NA,1,NA
1987,NA,353,NA,NA,NA,NA,NA,0.012634322800297904,103,250,250,204,113,143,46,NA,249.5,NA,NA,15,NA,324.00000000000006,253,281,NA,8,NA
1988,NA,363,NA,NA,NA,NA,NA,0.018883049790683174,122,221,241,NA,NA,NA,NA,NA,319,309,NA,35,1,324.00000000000006,253,281,NA,5,1
1989,NA,NA,NA,NA,NA,NA,NA,NA,NA,NA,NA,NA,NA,NA,NA,NA,NA,NA,NA,NA,NA,NA,NA,NA,NA,NA,NA
1990,NA,366,NA,NA,NA,NA,NA,0.029934308748880263,97,262,269,NA,NA,NA,NA,NA,319,NA,NA,15,NA,324.00000000000006,253,281,NA,8,NA
1991,NA,NA,NA,NA,NA,NA,NA,NA,NA,NA,NA,NA,NA,NA,NA,NA,NA,NA,NA,NA,NA,NA,NA,NA,NA,NA,NA
1992,NA,NA,NA,NA,NA,NA,NA,NA,NA,NA,NA,NA,NA,NA,NA,NA,NA,NA,NA,NA,NA,NA,NA,NA,NA,NA,NA
1993,NA,NA,NA,NA,NA,NA,NA,NA,NA,NA,NA,NA,NA,NA,NA,NA,NA,NA,NA,NA,NA,NA,NA,NA,NA,NA,NA
1994,NA,344,NA,NA,NA,NA,NA,0.012711864406779662,87,225,257,NA,NA,NA,NA,NA,NA,NA,NA,NA,NA,324.00000000000006,253,281,NA,NA,NA
1995,NA,173,NA,NA,4,336.99988821064323,3,0.06153846153846154,12,183,161,NA,NA,NA,NA,277,237,259.5,94,154,144,324.00000000000006,253,281,10,9,8
1996,NA,399,NA,NA,NA,NA,NA,0.023952954675846242,112,245,287,NA,NA,NA,NA,NA,NA,NA,NA,NA,NA,324.00000000000006,253,281,NA,NA,NA
1997,NA,407,NA,NA,NA,NA,NA,0.023148148148148147,129,230,278,NA,NA,NA,NA,NA,NA,NA,NA,NA,NA,324.00000000000006,253,281,NA,NA,NA
1998,NA,418,NA,NA,NA,NA,NA,0.04208484439571561,128,137,290,NA,NA,NA,NA,NA,NA,NA,NA,NA,NA,324.00000000000006,253,281,NA,NA,NA
1999,NA,NA,NA,NA,NA,NA,NA,NA,NA,104,199,NA,NA,NA,NA,NA,NA,NA,NA,NA,NA,324.00000000000006,253,281,NA,NA,NA
2000,NA,372,NA,NA,NA,NA,NA,0.04583686843568064,82,356,290,206,3,207,84,268.5,259,221,44,108,81,324.00000000000006,253,281,8,15,12
2001,NA,346,NA,NA,NA,NA,NA,0.13157894736842105,84,182,262,NA,NA,NA,NA,NA,NA,NA,NA,NA,NA,324.00000000000006,253,281,NA,NA,NA
