Year,DS_Dur_WS,DS_Tim,DS_Mag_50,DS_Mag_90,FA_Dur,FA_Mag,FA_Tim,SP_ROC,SP_Dur,SP_Mag,SP_Tim,Wet_BFL_Dur,Wet_BFL_Mag_10,Wet_BFL_Mag_50,Wet_Tim,Peak_Tim_10,Peak_Tim_2,Peak_Tim_5,Peak_Dur_10,Peak_Dur_2,Peak_Dur_5,Peak_10,Peak_2,Peak_5,Peak_Fre_10,Peak_Fre_2,Peak_Fre_5
1980,NA,363,NA,NA,NA,NA,NA,0.05263157894736842,31,25,332,NA,NA,NA,NA,327,263,301,2,86,29,23.2,20,23,1,3,1
1981,NA,383,NA,NA,NA,NA,NA,0.058823529411764705,92,28,291,NA,NA,NA,NA,286,255,305,37,95,66,23.2,20,23,4,1,5
1982,NA,370,NA,NA,NA,NA,NA,0.07692307692307693,23,19,347,NA,NA,NA,NA,NA,314,NA,NA,10,NA,23.2,20,23,NA,3,NA
1983,NA,377,NA,NA,NA,NA,NA,0.09090909090909091,59,21,318,NA,NA,NA,NA,NA,285,NA,NA,50,NA,23.2,20,23,NA,1,NA
1984,NA,417,NA,NA,NA,NA,NA,0.06250000000000006,91,24,326,NA,NA,NA,NA,325,259,287,25,71,48,23.2,20,23,4,2,1
1985,NA,354,NA,NA,NA,NA,NA,0.05718954248366013,22,22,332,NA,NA,NA,NA,NA,275,288,NA,70,2,23.2,20,23,NA,4,2
1986,NA,366,NA,NA,NA,NA,NA,0.054093567251461985,30,21,336,NA,NA,NA,NA,NA,290,NA,NA,55,NA,23.2,20,23,NA,5,NA
1987,NA,440,NA,NA,NA,NA,NA,0.05263157894736842,98,21,342,NA,NA,NA,NA,NA,265,354,NA,100,1,23.2,20,23,NA,7,1
1988,NA,459,NA,NA,NA,NA,NA,0.06066176470588235,237,13,222,NA,NA,NA,NA,NA,336,NA,NA,74,NA,23.2,20,23,NA,4,NA
1989,NA,92,NA,NA,NA,NA,NA,NA,NA,23,NA,NA,NA,NA,NA,NA,136,322.5,NA,102,52,23.2,20,23,NA,2,6
1990,NA,369,NA,NA,NA,NA,NA,0.054093567251461985,14,20,355,NA,NA,NA,NA,NA,341,NA,NA,23,NA,23.2,20,23,NA,3,NA
1991,NA,353,NA,NA,NA,NA,NA,0.058823529411764705,35,19,318,NA,NA,NA,NA,NA,NA,NA,NA,NA,NA,23.2,20,23,NA,NA,NA
1992,NA,406,NA,NA,NA,NA,NA,NA,NA,16,0,NA,NA,NA,NA,NA,NA,NA,NA,NA,NA,23.2,20,23,NA,NA,NA
1993,NA,414,NA,NA,NA,NA,NA,0.0625,65,17,349,NA,NA,NA,NA,NA,NA,NA,NA,NA,NA,23.2,20,23,NA,NA,NA
1994,NA,349,NA,NA,NA,NA,NA,0.058823529411764705,22,18,327,NA,NA,NA,NA,NA,NA,NA,NA,NA,NA,23.2,20,23,NA,NA,NA
1995,NA,443,NA,NA,NA,NA,NA,0.058823529411764705,150,19,293,NA,NA,NA,NA,NA,272,NA,NA,6,NA,23.2,20,23,NA,1,NA
1996,NA,76,NA,NA,NA,NA,NA,NA,NA,16,0,NA,NA,NA,NA,NA,NA,NA,NA,NA,NA,23.2,20,23,NA,NA,NA
1997,NA,417,NA,NA,NA,NA,NA,0.07692307692307693,101,23,316,NA,NA,NA,NA,NA,310,312,NA,30,3,23.2,20,23,NA,5,1
1998,NA,340,NA,NA,NA,NA,NA,0.05,338,20,2,NA,NA,NA,NA,NA,327,NA,NA,4,NA,23.2,20,23,NA,4,NA
1999,NA,279,NA,NA,NA,NA,NA,NA,NA,19,0,NA,NA,NA,NA,NA,260,NA,NA,4,NA,23.2,20,23,NA,1,NA
2000,NA,392,NA,NA,NA,NA,NA,0.058823529411764705,51,19,341,NA,NA,NA,NA,NA,NA,NA,NA,NA,NA,23.2,20,23,NA,NA,NA
2001,NA,410,NA,NA,NA,NA,NA,0.030769230769230795,398,16,12,NA,NA,NA,NA,NA,NA,NA,NA,NA,NA,23.2,20,23,NA,NA,NA
2002,NA,388,NA,NA,NA,NA,NA,NA,NA,15,0,NA,NA,NA,NA,NA,NA,NA,NA,NA,NA,23.2,20,23,NA,NA,NA
2003,NA,321,NA,NA,NA,NA,NA,0.0359640359640359,286,18,35,NA,NA,NA,NA,NA,333,NA,NA,18,NA,23.2,20,23,NA,9,NA
2004,NA,400,NA,NA,NA,NA,NA,NA,NA,19,0,NA,NA,NA,NA,NA,319.5,273,NA,35,8,23.2,20,23,NA,6,1
2005,NA,409,NA,NA,NA,NA,NA,NA,NA,17,0,NA,NA,NA,NA,NA,NA,NA,NA,NA,NA,23.2,20,23,NA,NA,NA
2006,NA,371,NA,NA,NA,NA,NA,0.08680555555555555,18,19,353,NA,NA,NA,NA,NA,300,NA,NA,5,NA,23.2,20,23,NA,1,NA
2007,NA,NA,NA,NA,NA,NA,NA,NA,NA,NA,NA,NA,NA,NA,NA,NA,NA,NA,NA,NA,NA,NA,NA,NA,NA,NA,NA
2008,NA,NA,NA,NA,NA,NA,NA,NA,NA,NA,NA,NA,NA,NA,NA,NA,NA,NA,NA,NA,NA,NA,NA,NA,NA,NA,NA
2009,NA,NA,NA,NA,NA,NA,NA,NA,NA,NA,NA,NA,NA,NA,NA,NA,NA,NA,NA,NA,NA,NA,NA,NA,NA,NA,NA
2010,NA,NA,NA,NA,NA,NA,NA,NA,NA,NA,NA,NA,NA,NA,NA,NA,NA,NA,NA,NA,NA,NA,NA,NA,NA,NA,NA
2011,NA,NA,NA,NA,NA,NA,NA,NA,NA,NA,NA,NA,NA,NA,NA,NA,NA,NA,NA,NA,NA,NA,NA,NA,NA,NA,NA
2012,NA,NA,NA,NA,NA,NA,NA,NA,NA,NA,NA,NA,NA,NA,NA,NA,NA,NA,NA,NA,NA,NA,NA,NA,NA,NA,NA
2013,NA,371,NA,NA,NA,NA,NA,0.08712121212121213,40,12,331,NA,NA,NA,NA,NA,NA,NA,NA,NA,NA,23.2,20,23,NA,NA,NA
2014,NA,NA,NA,NA,NA,NA,NA,NA,NA,NA,NA,NA,NA,NA,NA,NA,NA,NA,NA,NA,NA,NA,NA,NA,NA,NA,NA
2015,NA,135,NA,NA,NA,NA,NA,NA,NA,12,NA,NA,NA,NA,NA,NA,NA,NA,NA,NA,NA,23.2,20,23,NA,NA,NA
