Year,DS_Dur_WS,DS_Tim,DS_Mag_50,DS_Mag_90,FA_Dur,FA_Mag,FA_Tim,SP_ROC,SP_Dur,SP_Mag,SP_Tim,Wet_BFL_Dur,Wet_BFL_Mag_10,Wet_BFL_Mag_50,Wet_Tim,Peak_Tim_10,Peak_Tim_2,Peak_Tim_5,Peak_Dur_10,Peak_Dur_2,Peak_Dur_5,Peak_10,Peak_2,Peak_5,Peak_Fre_10,Peak_Fre_2,Peak_Fre_5
1987,NA,NA,NA,NA,NA,NA,NA,NA,NA,NA,NA,NA,NA,NA,NA,NA,NA,NA,NA,NA,NA,NA,NA,NA,NA,NA,NA
1988,NA,NA,NA,NA,NA,NA,NA,NA,NA,NA,NA,NA,NA,NA,NA,NA,NA,NA,NA,NA,NA,NA,NA,NA,NA,NA,NA
1989,NA,NA,NA,NA,NA,NA,NA,NA,NA,NA,NA,NA,NA,NA,NA,NA,NA,NA,NA,NA,NA,NA,NA,NA,NA,NA,NA
1990,NA,NA,NA,NA,NA,NA,NA,NA,NA,NA,NA,NA,NA,NA,NA,NA,NA,NA,NA,NA,NA,NA,NA,NA,NA,NA,NA
1991,NA,NA,NA,NA,NA,NA,NA,NA,NA,NA,NA,NA,NA,NA,NA,NA,NA,NA,NA,NA,NA,NA,NA,NA,NA,NA,NA
1992,NA,NA,NA,NA,NA,NA,NA,NA,NA,NA,NA,NA,NA,NA,NA,NA,NA,NA,NA,NA,NA,NA,NA,NA,NA,NA,NA
1993,NA,NA,NA,NA,NA,NA,NA,NA,NA,NA,NA,NA,NA,NA,NA,NA,NA,NA,NA,NA,NA,NA,NA,NA,NA,NA,NA
1994,NA,NA,NA,NA,NA,NA,NA,NA,NA,NA,NA,NA,NA,NA,NA,NA,NA,NA,NA,NA,NA,NA,NA,NA,NA,NA,NA
1995,146,324,0,0,12,21.984319800784064,36,0.08,90,137,234,131,0,41,103,NA,230,NA,NA,1,NA,218.0000000000001,137,174.79999999999998,NA,1,NA
1996,125,287,0,0,3,19.95093063605797,75,0.08012820512820512,49,119,238,134,16.6,66,104,NA,230,NA,NA,2,NA,218.0000000000001,137,174.79999999999998,NA,1,NA
1997,207,251,0,0,NA,NA,NA,1,100,251,151,105,0,53,46,112,147,164.5,2,15,4,218.0000000000001,137,174.79999999999998,2,15,4
1998,154,316,0,8.62000000000008,12,35.9619524067282,69,0.2989685888420066,111,205,205,113,0,102,92,159,192.5,186,10,57,19,218.0000000000001,137,174.79999999999998,9,28,17
1999,185,280,0,0,18,14.985320066345265,54,0.21649484536082475,75,236,205,101,0,106,104,184,161,160,5,30,15,218.0000000000001,137,174.79999999999998,4,18,13
2000,NA,266,NA,NA,16,3.4153888283766407,47,0.25,105,196,161,62,0,57.5,99,NA,153,144,NA,12,4,218.0000000000001,137,174.79999999999998,NA,9,3
2001,NA,NA,NA,NA,NA,NA,NA,NA,NA,NA,NA,NA,NA,NA,NA,NA,NA,NA,NA,NA,NA,NA,NA,NA,NA,NA,NA
2002,190,246,0,0,NA,NA,NA,0.3333333333333333,81,150,165,115,0,36,50,NA,161,NA,NA,1,NA,218.0000000000001,137,174.79999999999998,NA,1,NA
2003,NA,253,NA,NA,NA,NA,NA,0.563265306122449,38,145,215,145,0,13.9,70,NA,208,NA,NA,6,NA,218.0000000000001,137,174.79999999999998,NA,5,NA
2004,NA,NA,NA,NA,NA,NA,NA,NA,NA,NA,NA,NA,NA,NA,NA,NA,NA,NA,NA,NA,NA,NA,NA,NA,NA,NA,NA
2005,157,282,0,0,3,56.85113824303345,19,0.07054311774461026,27,80.5,255,169,0,56,86,NA,200,180,NA,13,2,218.0000000000001,137,174.79999999999998,NA,6,2
2006,NA,294,NA,NA,19,29.18494770816766,59,0.03401709401709404,78,158,216,143,27.42000000000001,110,73,NA,176,171,NA,49,10,218.0000000000001,137,174.79999999999998,NA,11,5
2007,NA,NA,NA,NA,NA,NA,NA,NA,NA,NA,NA,NA,NA,NA,NA,NA,NA,NA,NA,NA,NA,NA,NA,NA,NA,NA,NA
2008,NA,NA,NA,NA,NA,NA,NA,NA,NA,NA,NA,NA,NA,NA,NA,NA,NA,NA,NA,NA,NA,NA,NA,NA,NA,NA,NA
2009,NA,NA,NA,NA,NA,NA,NA,NA,NA,NA,NA,NA,NA,NA,NA,NA,NA,NA,NA,NA,NA,NA,NA,NA,NA,NA,NA
2010,NA,267,NA,NA,5,14.449065083582106,13,0.09774758232341778,25,135,242,138,3.7100000000000044,53.65,104,NA,210,NA,NA,2,NA,218.0000000000001,137,174.79999999999998,NA,1,NA
2011,NA,NA,NA,NA,NA,NA,NA,NA,NA,NA,NA,NA,NA,NA,NA,NA,NA,NA,NA,NA,NA,NA,NA,NA,NA,NA,NA
2012,NA,NA,NA,NA,NA,NA,NA,NA,NA,NA,NA,NA,NA,NA,NA,NA,NA,NA,NA,NA,NA,NA,NA,NA,NA,NA,NA
2013,NA,NA,NA,NA,NA,NA,NA,NA,NA,NA,NA,NA,NA,NA,NA,NA,NA,NA,NA,NA,NA,NA,NA,NA,NA,NA,NA
2014,NA,NA,NA,NA,NA,NA,NA,NA,NA,NA,NA,NA,NA,NA,NA,NA,NA,NA,NA,NA,NA,NA,NA,NA,NA,NA,NA
2015,NA,NA,NA,NA,NA,NA,NA,NA,NA,NA,NA,NA,NA,NA,NA,NA,NA,NA,NA,NA,NA,NA,NA,NA,NA,NA,NA
2016,NA,NA,NA,NA,NA,NA,NA,NA,NA,NA,NA,NA,NA,NA,NA,NA,NA,NA,NA,NA,NA,NA,NA,NA,NA,NA,NA
2017,248,279,0,0,3,55.02931812262412,59,0.1317073170731707,64,118,215,54,0,63.95,161,NA,NA,NA,NA,NA,NA,218.0000000000001,137,174.79999999999998,NA,NA,NA
