Year,DS_Dur_WS,DS_Tim,DS_Mag_50,DS_Mag_90,FA_Dur,FA_Mag,FA_Tim,SP_ROC,SP_Dur,SP_Mag,SP_Tim,Wet_BFL_Dur,Wet_BFL_Mag_10,Wet_BFL_Mag_50,Wet_Tim,Peak_Tim_10,Peak_Tim_2,Peak_Tim_5,Peak_Dur_10,Peak_Dur_2,Peak_Dur_5,Peak_10,Peak_2,Peak_5,Peak_Fre_10,Peak_Fre_2,Peak_Fre_5
1980,241,226,0.23,1.6,2,9.090295748772025,18,0.14814814814814828,81,1090,145,70,4.6,24,75,NA,121.5,NA,NA,3,NA,1850,776,1580,NA,2,NA
1981,234,201,0.3,5.240000000000003,6,114.94242633644123,63,0.13333333333333333,26,456,175,74,2.1300000000000003,17.5,101,NA,NA,NA,NA,NA,NA,1850,776,1580,NA,NA,NA
1982,195,214,0.66,4.8,5,2.496284208021688,6,0.125,18,556,196,127,4.960000000000001,40,69,95,95,87,1,5,2,1850,776,1580,1,3,2
1983,171,231,0.84,4,8,71.98376920035932,24,0.11102416970961568,16,143,215,172,7.340000000000001,69.5,43,NA,156.5,NA,NA,4,NA,1850,776,1580,NA,4,NA
1984,117,270,0.59,1.7400000000000007,2,3.4996750394342397,0,0.15000000000000002,181,1390,89,53,6.800000000000001,49,36,NA,84,NA,NA,2,NA,1850,776,1580,NA,1,NA
1985,243,209,0.41,3.3,2,15.981999738415121,9,0.0628955696202532,28,203,181,160,2.49,13.5,21,NA,130,NA,NA,1,NA,1850,776,1580,NA,1,NA
1986,291,185,0.94,4.7,4,12.98857901256762,20,0.14814814814814814,16,599,169,83,14,54,86,139,136,139,1,5,1,1850,776,1580,1,3,1
1987,223,199,0.34,2.2,6,5.058250231096424,65,0.09969040247678018,31,79,168,58,5.870000000000001,15,110,NA,135,NA,NA,1,NA,1850,776,1580,NA,1,NA
1988,208,232,0.06,0.7630000000000001,2,7.444456892962457,27,0.07142857142857142,120,308,112,56,3.2,33.5,56,NA,NA,NA,NA,NA,NA,1850,776,1580,NA,NA,NA
1989,164,216,0.435,1.3,4,3.5749430614727618,40,0.10235191637630653,37,461,179,105,2.64,10,74,NA,NA,NA,NA,NA,NA,1850,776,1580,NA,NA,NA
1990,238,271,0.09,0.38900000000000035,NA,NA,NA,0.09406565656565657,28,30,243,229,0.638,1.8,14,NA,NA,NA,NA,NA,NA,1850,776,1580,NA,NA,NA
1991,294,195,0.39,2.9,5,1.0810864289993216,70,0.1374125874125875,15,333,180,37,0.23199999999999998,45,143,NA,NA,NA,NA,NA,NA,1850,776,1580,NA,NA,NA
1992,263,187,0.17,3.880000000000001,9,13.973573018444736,25,0.14117647058823532,16,112,171,48,2,30,123,NA,NA,NA,NA,NA,NA,1850,776,1580,NA,NA,NA
1993,NA,277,NA,NA,1,43.99621883921071,28,0.07229965156794418,106,46,171,87,9.92,46,84,NA,107.5,104,NA,2,1,1850,776,1580,NA,2,1
1994,NA,NA,NA,NA,NA,NA,NA,NA,NA,NA,NA,NA,NA,NA,NA,NA,NA,NA,NA,NA,NA,NA,NA,NA,NA,NA,NA
1995,NA,NA,NA,NA,NA,NA,NA,NA,NA,NA,NA,NA,NA,NA,NA,NA,NA,NA,NA,NA,NA,NA,NA,NA,NA,NA,NA
1996,NA,NA,NA,NA,NA,NA,NA,NA,NA,NA,NA,NA,NA,NA,NA,NA,NA,NA,NA,NA,NA,NA,NA,NA,NA,NA,NA
1997,NA,NA,NA,NA,NA,NA,NA,NA,NA,NA,NA,NA,NA,NA,NA,NA,NA,NA,NA,NA,NA,NA,NA,NA,NA,NA,NA
1998,NA,NA,NA,NA,NA,NA,NA,NA,NA,NA,NA,NA,NA,NA,NA,NA,NA,NA,NA,NA,NA,NA,NA,NA,NA,NA,NA
1999,NA,NA,NA,NA,NA,NA,NA,NA,NA,NA,NA,NA,NA,NA,NA,NA,NA,NA,NA,NA,NA,NA,NA,NA,NA,NA,NA
2000,NA,NA,NA,NA,NA,NA,NA,NA,NA,NA,NA,NA,NA,NA,NA,NA,NA,NA,NA,NA,NA,NA,NA,NA,NA,NA,NA
2001,NA,NA,NA,NA,NA,NA,NA,NA,NA,NA,NA,NA,NA,NA,NA,NA,NA,NA,NA,NA,NA,NA,NA,NA,NA,NA,NA
2002,NA,NA,NA,NA,NA,NA,NA,NA,NA,NA,NA,NA,NA,NA,NA,NA,NA,NA,NA,NA,NA,NA,NA,NA,NA,NA,NA
2003,NA,NA,NA,NA,NA,NA,NA,NA,NA,NA,NA,NA,NA,NA,NA,NA,NA,NA,NA,NA,NA,NA,NA,NA,NA,NA,NA
2004,NA,NA,NA,NA,NA,NA,NA,NA,NA,NA,NA,NA,NA,NA,NA,NA,NA,NA,NA,NA,NA,NA,NA,NA,NA,NA,NA
2005,NA,NA,NA,NA,NA,NA,NA,NA,NA,NA,NA,NA,NA,NA,NA,NA,NA,NA,NA,NA,NA,NA,NA,NA,NA,NA,NA
2006,NA,NA,NA,NA,NA,NA,NA,NA,NA,NA,NA,NA,NA,NA,NA,NA,NA,NA,NA,NA,NA,NA,NA,NA,NA,NA,NA
2007,NA,NA,NA,NA,NA,NA,NA,NA,NA,NA,NA,NA,NA,NA,NA,NA,NA,NA,NA,NA,NA,NA,NA,NA,NA,NA,NA
2008,NA,NA,NA,NA,NA,NA,NA,NA,NA,NA,NA,NA,NA,NA,NA,NA,NA,NA,NA,NA,NA,NA,NA,NA,NA,NA,NA
2009,NA,NA,NA,NA,NA,NA,NA,NA,NA,NA,NA,NA,NA,NA,NA,NA,NA,NA,NA,NA,NA,NA,NA,NA,NA,NA,NA
2010,NA,NA,NA,NA,NA,NA,NA,NA,NA,NA,NA,NA,NA,NA,NA,NA,NA,NA,NA,NA,NA,NA,NA,NA,NA,NA,NA
2011,NA,NA,NA,NA,NA,NA,NA,NA,NA,NA,NA,NA,NA,NA,NA,NA,NA,NA,NA,NA,NA,NA,NA,NA,NA,NA,NA
2012,NA,NA,NA,NA,NA,NA,NA,NA,NA,NA,NA,NA,NA,NA,NA,NA,NA,NA,NA,NA,NA,NA,NA,NA,NA,NA,NA
2013,NA,NA,NA,NA,NA,NA,NA,NA,NA,NA,NA,NA,NA,NA,NA,NA,NA,NA,NA,NA,NA,NA,NA,NA,NA,NA,NA
2014,197,215,0.25,1.084,5,11.677730054428011,50,0.0951963708675119,28,154,187,68,0.45000000000000007,7.635,119,NA,NA,NA,NA,NA,NA,1850,776,1580,NA,NA,NA
2015,177,252,0.01,0.48400000000000004,1,3.6979307134288724,14,0.040322580645161324,117,87.3,135,89,1.7260000000000006,6.29,46,NA,71,NA,NA,1,NA,1850,776,1580,NA,1,NA
2016,241,189,0.64,7.32,1,1.0898437602957392,32,0.09558823529411757,23,395,166,103,2.0800000000000005,11,63,NA,NA,NA,NA,NA,NA,1850,776,1580,NA,NA,NA
2017,243,214,0.85,4.018000000000002,8,8.436531996288256,13,0.07362877583465824,21,203,193,129,16.060000000000002,57,64,129,113,115,1,7,2,1850,776,1580,1,7,2
2018,239,218,0.44,4.75400000000001,6,2.527752158796206,34,0.07560627674750348,26,238,192,101,2.8,8.71,91,NA,NA,NA,NA,NA,NA,1850,776,1580,NA,NA,NA
2019,170,248,0.44,2.294,4,20.38970400383302,1,0.07797029702970296,14,137,234,143,4.212,36.5,91,148,141.5,148,1,4,1,1850,776,1580,1,2,1
2020,169,249,0.25,0.62,NA,NA,NA,0.04390225100215851,132,60,117,65,4.776000000000002,27.2,52,NA,NA,NA,NA,NA,NA,1850,776,1580,NA,NA,NA
