Year,DS_Dur_WS,DS_Tim,DS_Mag_50,DS_Mag_90,FA_Dur,FA_Mag,FA_Tim,SP_ROC,SP_Dur,SP_Mag,SP_Tim,Wet_BFL_Dur,Wet_BFL_Mag_10,Wet_BFL_Mag_50,Wet_Tim,Peak_Tim_10,Peak_Tim_2,Peak_Tim_5,Peak_Dur_10,Peak_Dur_2,Peak_Dur_5,Peak_10,Peak_2,Peak_5,Peak_Fre_10,Peak_Fre_2,Peak_Fre_5
1980,NA,385,NA,NA,2,7.199212704171428,1,0.21052631578947367,103,28,282,24,0.11,3.05,258,NA,317.5,330,NA,6,1,35,31,33.2,NA,4,1
1981,231,344,0.29,1.8,NA,NA,NA,0.18271169354838712,68,16,276,NA,NA,NA,NA,NA,NA,NA,NA,NA,NA,35,31,33.2,NA,NA,NA
1982,229,429,0.49,4.8,3,2.9119837493734995,4,0.19565217391304338,141,10,288,79,0.7140000000000003,5.5,209,NA,NA,NA,NA,NA,NA,35,31,33.2,NA,NA,NA
1983,NA,371,NA,NA,2,9.800046595628174,0,0.13043478260869565,82,34,289,60,10.74,22,229,313,305,299,2,11,3,35,31,33.2,1,3,2
1984,NA,NA,NA,NA,NA,NA,NA,NA,NA,NA,NA,NA,NA,NA,NA,NA,NA,NA,NA,NA,NA,NA,NA,NA,NA,NA,NA
1985,NA,NA,NA,NA,NA,NA,NA,NA,NA,NA,NA,NA,NA,NA,NA,NA,NA,NA,NA,NA,NA,NA,NA,NA,NA,NA,NA
1986,NA,NA,NA,NA,NA,NA,NA,NA,NA,NA,NA,NA,NA,NA,NA,NA,NA,NA,NA,NA,NA,NA,NA,NA,NA,NA,NA
1987,NA,NA,NA,NA,NA,NA,NA,NA,NA,NA,NA,NA,NA,NA,NA,NA,NA,NA,NA,NA,NA,NA,NA,NA,NA,NA,NA
1988,NA,389,NA,NA,NA,NA,NA,0.15151515151515152,106,32,283,NA,NA,NA,NA,NA,277,294,NA,40,3,35,31,33.2,NA,11,2
1989,184,363,4.6,5.3,NA,NA,NA,0.11805555555555561,60,34,303,NA,NA,NA,NA,284,288,291.5,3,71,5,35,31,33.2,1,6,2
1990,NA,397,NA,NA,NA,NA,NA,0.19973544973544977,135,25,262,81,0.1,2.4,181,NA,NA,NA,NA,NA,NA,35,31,33.2,NA,NA,NA
1991,NA,344,NA,NA,NA,NA,NA,0.28542510121457487,81,24,263,NA,NA,NA,NA,NA,NA,NA,NA,NA,NA,35,31,33.2,NA,NA,NA
1992,253,411,1.6,3.5,4,21.87664860695417,4,0.07692307692307693,111,33,300,NA,NA,NA,NA,254,294,254,1,28,2,35,31,33.2,1,10,1
1993,NA,384,NA,NA,3,11.015398485292497,0,0.11324786324786325,114,28,270,17,0.266,9.9,253,293.5,311,291.5,6,27,12,35,31,33.2,2,6,2
1994,NA,379,NA,NA,NA,NA,NA,0.10526315789473684,89,34,290,NA,NA,NA,NA,269,301.5,286,6,48,10,35,31,33.2,1,8,3
1995,NA,410,NA,NA,NA,NA,NA,0.13043478260869565,383,16,27,NA,NA,NA,NA,NA,278,NA,NA,5,NA,35,31,33.2,NA,3,NA
1996,NA,353,NA,NA,NA,NA,NA,0.08695652173913043,92,30,261,NA,NA,NA,NA,NA,296,NA,NA,17,NA,35,31,33.2,NA,5,NA
1997,251,406,0.56,2.1,NA,NA,NA,0.1,142,29,264,NA,NA,NA,NA,NA,293.5,NA,NA,6,NA,35,31,33.2,NA,4,NA
1998,NA,409,NA,NA,8,11.000476571788207,0,0.11764705882352941,130,33,279,28,0.037000000000000005,11.5,251,NA,305,NA,NA,19,NA,35,31,33.2,NA,4,NA
1999,NA,414,NA,NA,NA,NA,NA,0.11764705882352941,142,27,272,NA,NA,NA,NA,NA,287,NA,NA,3,NA,35,31,33.2,NA,3,NA
2000,NA,387,NA,NA,NA,NA,NA,0.1396103896103896,95,32,292,NA,NA,NA,NA,NA,267,NA,NA,11,NA,35,31,33.2,NA,3,NA
2001,NA,380,NA,NA,NA,NA,NA,0.14285714285714285,97,28,283,NA,NA,NA,NA,NA,NA,NA,NA,NA,NA,35,31,33.2,NA,NA,NA
2002,NA,415,NA,NA,NA,NA,NA,0.10317460317460317,119,28,296,NA,NA,NA,NA,NA,NA,NA,NA,NA,NA,35,31,33.2,NA,NA,NA
2003,NA,340,NA,NA,NA,NA,NA,0.1539473684210526,63,30,277,NA,NA,NA,NA,NA,301.5,NA,NA,2,NA,35,31,33.2,NA,2,NA
2004,NA,399,NA,NA,NA,NA,NA,0.15999999999999998,124,30,275,NA,NA,NA,NA,NA,296.5,NA,NA,4,NA,35,31,33.2,NA,2,NA
2005,NA,361,NA,NA,NA,NA,NA,0.10555555555555556,69,31,292,NA,NA,NA,NA,NA,291,NA,NA,4,NA,35,31,33.2,NA,3,NA
2006,NA,374,NA,NA,NA,NA,NA,0.1111111111111111,106,31,268,NA,NA,NA,NA,NA,291,NA,NA,5,NA,35,31,33.2,NA,3,NA
2007,NA,356,NA,NA,NA,NA,NA,0.07692307692307693,82,25,274,NA,NA,NA,NA,NA,NA,NA,NA,NA,NA,35,31,33.2,NA,NA,NA
2008,NA,388,NA,NA,NA,NA,NA,0.11555555555555555,93,30,295,NA,NA,NA,NA,NA,287,NA,NA,6,NA,35,31,33.2,NA,2,NA
2009,NA,355,NA,NA,NA,NA,NA,0.11538461538461539,84,31,271,NA,NA,NA,NA,NA,284,NA,NA,3,NA,35,31,33.2,NA,2,NA
2010,NA,364,NA,NA,NA,NA,NA,0.12,84,29,280,NA,NA,NA,NA,NA,NA,NA,NA,NA,NA,35,31,33.2,NA,NA,NA
2011,214,416,0.75,2.3700000000000014,NA,NA,NA,0.09761904761904762,150,25,266,NA,NA,NA,NA,NA,NA,NA,NA,NA,NA,35,31,33.2,NA,NA,NA
2012,NA,370,NA,NA,8,14.001517151964617,0,0.07142857142857142,106,30,264,50,1.1,18.5,214,NA,NA,NA,NA,NA,NA,35,31,33.2,NA,NA,NA
2013,NA,NA,NA,NA,NA,NA,NA,NA,NA,NA,NA,NA,NA,NA,NA,NA,NA,NA,NA,NA,NA,NA,NA,NA,NA,NA,NA
2014,NA,364,NA,NA,NA,NA,NA,0.1,75,28,289,NA,NA,NA,NA,NA,NA,NA,NA,NA,NA,35,31,33.2,NA,NA,NA
2015,NA,414,NA,NA,9,27.024659252633832,8,0.11111111111111108,140,25,274,NA,NA,NA,NA,NA,NA,NA,NA,NA,NA,35,31,33.2,NA,NA,NA
2016,NA,384,NA,NA,NA,NA,NA,0.1396103896103896,101,27,283,NA,NA,NA,NA,NA,NA,NA,NA,NA,NA,35,31,33.2,NA,NA,NA
2017,NA,416,NA,NA,NA,NA,NA,0.07142857142857142,136,28,280,NA,NA,NA,NA,NA,NA,NA,NA,NA,NA,35,31,33.2,NA,NA,NA
2018,213,388,0,1.6999999999999997,NA,NA,NA,0.10860707919531448,93,22.1,295,NA,NA,NA,NA,NA,NA,NA,NA,NA,NA,35,31,33.2,NA,NA,NA
2019,NA,NA,NA,NA,4,12.998201880183105,0,NA,NA,27,273,60,0.13,11.5,213,NA,NA,NA,NA,NA,NA,35,31,33.2,NA,NA,NA
