Year,1953,1954,1955,1956,1957,1958,1959,1960,1961,1962,1963,1964,1965,1966,1967,1968,1969,1970,1971,1972,1973,1974,1975,1976,1977,1978,1979,1980,1981,1982,1983,1984,1985,1986,1987,1988,1989,1990,1991,1992,1993,1994,1995,1996,1997,1998,1999,2000,2001,2002,2003,2004,2005,2006,2007,2008,2009,2010,2011,2012,2013,2014,2015,2016
FA_Mag,nan,nan,2.3489375384817834,nan,nan,nan,nan,nan,nan,15.930693737339269,nan,nan,nan,nan,nan,nan,nan,nan,nan,nan,nan,nan,nan,nan,nan,nan,nan,nan,nan,nan,nan,nan,nan,nan,nan,nan,nan,nan,nan,nan,nan,5.61376201412607,nan,nan,15.979571528452192,3.4021560399608184,nan,nan,nan,nan,nan,nan,29.49830842944273,nan,nan,nan,nan,nan,nan,nan,nan,nan,nan,nan
FA_Tim,nan,nan,70.0,nan,nan,nan,nan,nan,nan,62.0,nan,nan,nan,nan,nan,nan,nan,nan,nan,nan,nan,nan,nan,nan,nan,nan,nan,nan,nan,nan,nan,nan,nan,nan,nan,nan,nan,nan,nan,nan,nan,72.0,nan,nan,52.0,57.0,nan,nan,nan,nan,nan,nan,20.0,nan,nan,nan,nan,nan,nan,nan,nan,nan,nan,nan
FA_Dur,nan,nan,3.0,nan,nan,nan,nan,nan,nan,1.0,nan,nan,nan,nan,nan,nan,nan,nan,nan,nan,nan,nan,nan,nan,nan,nan,nan,nan,nan,nan,nan,nan,nan,nan,nan,nan,nan,nan,nan,nan,nan,8.0,nan,nan,4.0,20.0,nan,nan,nan,nan,nan,nan,7.0,nan,nan,nan,nan,nan,nan,nan,nan,nan,nan,nan
Wet_BFL_Mag_10,1.2,0.0,0.9600000000000002,0.2,0.3,21.8,0.8,0.38000000000000006,nan,6.700000000000001,0.0,0.0,0.2,0.0,0.0,nan,nan,nan,nan,nan,nan,nan,nan,nan,nan,nan,nan,nan,nan,nan,nan,nan,nan,nan,nan,nan,nan,nan,nan,nan,nan,2.0,24.0,3.3,4.08,43.9,1.7700000000000002,1.4800000000000002,1.4,nan,0.62,0.24,27.96,0.843,0.0,0.77,0.76,0.13,0.04,0.253,0.15,0.0,nan,0.07100000000000001
Wet_BFL_Mag_50,2.7,7.9,3.0,0.2,1.4,84.0,3.2,1.8,nan,19.0,0.9,0.5,6.8,11.5,13.0,nan,nan,nan,nan,nan,nan,nan,nan,nan,nan,nan,nan,nan,nan,nan,nan,nan,nan,nan,nan,nan,nan,nan,nan,nan,nan,6.6,75.0,7.0,13.0,97.0,3.6,5.8,7.5,nan,10.3,0.4,117.0,2.815,0.195,6.99,1.22,9.83,0.08,0.89,0.29,0.02,nan,1.22
Wet_Tim,39.0,100.0,85.0,105.0,95.0,153.0,122.0,94.0,nan,107.0,118.0,98.0,176.0,40.0,53.0,nan,nan,nan,nan,nan,nan,nan,nan,nan,nan,nan,nan,nan,nan,nan,nan,nan,nan,nan,nan,nan,nan,nan,nan,nan,nan,108.0,91.0,103.0,83.0,118.0,33.0,129.0,120.0,nan,129.0,130.0,85.0,167.0,47.0,90.0,70.0,100.0,69.0,28.0,99.0,133.0,nan,85.0
Wet_BFL_Dur,192.0,79.0,70.0,17.0,141.0,35.0,20.0,119.0,nan,67.0,93.0,90.0,19.0,54.0,67.0,nan,nan,nan,nan,nan,nan,nan,nan,nan,nan,nan,nan,nan,nan,nan,nan,nan,nan,nan,nan,nan,nan,nan,nan,nan,nan,71.0,86.0,101.0,39.0,110.0,218.0,35.0,45.0,nan,41.0,23.0,64.0,24.0,160.0,61.0,73.0,33.0,17.0,184.0,65.0,22.0,nan,82.0
Peak_2,125.0,125.0,125.0,125.0,125.0,125.0,125.0,125.0,nan,125.0,125.0,125.0,125.0,125.0,125.0,nan,nan,nan,nan,nan,nan,nan,nan,nan,nan,nan,nan,nan,nan,nan,nan,nan,nan,nan,nan,nan,nan,nan,nan,nan,nan,125.0,125.0,125.0,125.0,125.0,125.0,125.0,125.0,125.0,125.0,125.0,125.0,125.0,125.0,125.0,125.0,125.0,125.0,125.0,125.0,125.0,125.0,125.0
Peak_5,1034.4000000000005,1034.4000000000005,1034.4000000000005,1034.4000000000005,1034.4000000000005,1034.4000000000005,1034.4000000000005,1034.4000000000005,nan,1034.4000000000005,1034.4000000000005,1034.4000000000005,1034.4000000000005,1034.4000000000005,1034.4000000000005,nan,nan,nan,nan,nan,nan,nan,nan,nan,nan,nan,nan,nan,nan,nan,nan,nan,nan,nan,nan,nan,nan,nan,nan,nan,nan,1034.4000000000005,1034.4000000000005,1034.4000000000005,1034.4000000000005,1034.4000000000005,1034.4000000000005,1034.4000000000005,1034.4000000000005,1034.4000000000005,1034.4000000000005,1034.4000000000005,1034.4000000000005,1034.4000000000005,1034.4000000000005,1034.4000000000005,1034.4000000000005,1034.4000000000005,1034.4000000000005,1034.4000000000005,1034.4000000000005,1034.4000000000005,1034.4000000000005,1034.4000000000005
Peak_10,2283.000000000002,2283.000000000002,2283.000000000002,2283.000000000002,2283.000000000002,2283.000000000002,2283.000000000002,2283.000000000002,nan,2283.000000000002,2283.000000000002,2283.000000000002,2283.000000000002,2283.000000000002,2283.000000000002,nan,nan,nan,nan,nan,nan,nan,nan,nan,nan,nan,nan,nan,nan,nan,nan,nan,nan,nan,nan,nan,nan,nan,nan,nan,nan,2283.000000000002,2283.000000000002,2283.000000000002,2283.000000000002,2283.000000000002,2283.000000000002,2283.000000000002,2283.000000000002,2283.000000000002,2283.000000000002,2283.000000000002,2283.000000000002,2283.000000000002,2283.000000000002,2283.000000000002,2283.000000000002,2283.000000000002,2283.000000000002,2283.000000000002,2283.000000000002,2283.000000000002,2283.000000000002,2283.000000000002
Peak_Dur_2,nan,5.0,nan,2.0,nan,20.0,nan,nan,nan,1.0,nan,nan,2.0,4.0,6.0,nan,nan,nan,nan,nan,nan,nan,nan,nan,nan,nan,nan,nan,nan,nan,nan,nan,nan,nan,nan,nan,nan,nan,nan,nan,nan,1.0,39.0,1.0,3.0,45.0,nan,nan,2.0,nan,7.0,nan,47.0,2.0,nan,3.0,1.0,7.0,11.0,nan,nan,nan,nan,nan
Peak_Dur_5,nan,nan,nan,nan,nan,3.0,nan,nan,nan,nan,nan,nan,nan,1.0,1.0,nan,nan,nan,nan,nan,nan,nan,nan,nan,nan,nan,nan,nan,nan,nan,nan,nan,nan,nan,nan,nan,nan,nan,nan,nan,nan,nan,3.0,nan,nan,3.0,nan,nan,nan,nan,nan,nan,6.0,nan,nan,nan,nan,1.0,2.0,nan,nan,nan,nan,nan
Peak_Dur_10,nan,nan,nan,nan,nan,nan,nan,nan,nan,nan,nan,nan,nan,nan,1.0,nan,nan,nan,nan,nan,nan,nan,nan,nan,nan,nan,nan,nan,nan,nan,nan,nan,nan,nan,nan,nan,nan,nan,nan,nan,nan,nan,nan,nan,nan,2.0,nan,nan,nan,nan,nan,nan,2.0,nan,nan,nan,nan,nan,1.0,nan,nan,nan,nan,nan
Peak_Fre_2,nan,4.0,nan,1.0,nan,5.0,nan,nan,nan,1.0,nan,nan,1.0,2.0,2.0,nan,nan,nan,nan,nan,nan,nan,nan,nan,nan,nan,nan,nan,nan,nan,nan,nan,nan,nan,nan,nan,nan,nan,nan,nan,nan,1.0,6.0,1.0,2.0,7.0,nan,nan,2.0,nan,3.0,nan,7.0,1.0,nan,2.0,1.0,2.0,5.0,nan,nan,nan,nan,nan
Peak_Fre_5,nan,nan,nan,nan,nan,3.0,nan,nan,nan,nan,nan,nan,nan,1.0,1.0,nan,nan,nan,nan,nan,nan,nan,nan,nan,nan,nan,nan,nan,nan,nan,nan,nan,nan,nan,nan,nan,nan,nan,nan,nan,nan,nan,2.0,nan,nan,1.0,nan,nan,nan,nan,nan,nan,2.0,nan,nan,nan,nan,1.0,1.0,nan,nan,nan,nan,nan
Peak_Fre_10,nan,nan,nan,nan,nan,nan,nan,nan,nan,nan,nan,nan,nan,nan,1.0,nan,nan,nan,nan,nan,nan,nan,nan,nan,nan,nan,nan,nan,nan,nan,nan,nan,nan,nan,nan,nan,nan,nan,nan,nan,nan,nan,nan,nan,nan,1.0,nan,nan,nan,nan,nan,nan,2.0,nan,nan,nan,nan,nan,1.0,nan,nan,nan,nan,nan
SP_Mag,1.4,167.0,16.0,634.0,1.9,1420.0,90.0,53.0,nan,49.0,1.5,10.0,146.0,208.0,237.0,nan,nan,nan,nan,nan,nan,nan,nan,nan,nan,nan,nan,nan,nan,nan,nan,nan,nan,nan,nan,nan,nan,nan,nan,nan,nan,83.0,392.0,9.3,204.0,193.0,2.0,98.0,61.0,nan,816.0,38.3,2410.0,125.0,1.19,31.4,222.0,202.0,3510.0,3.58,3.26,102.0,nan,1.67
SP_Tim,231.0,179.0,155.0,122.0,236.0,188.0,142.0,213.0,nan,174.0,211.0,188.0,195.0,94.0,120.0,nan,nan,nan,nan,nan,nan,nan,nan,nan,nan,nan,nan,nan,nan,nan,nan,nan,nan,nan,nan,nan,nan,nan,nan,nan,nan,179.0,177.0,204.0,122.0,228.0,251.0,164.0,165.0,nan,170.0,153.0,149.0,191.0,207.0,151.0,143.0,133.0,86.0,212.0,164.0,155.0,nan,167.0
SP_Dur,38.0,61.0,96.0,122.0,34.0,49.0,52.0,18.0,nan,39.0,41.0,62.0,22.0,71.0,144.0,nan,nan,nan,nan,nan,nan,nan,nan,nan,nan,nan,nan,nan,nan,nan,nan,nan,nan,nan,nan,nan,nan,nan,nan,nan,nan,86.0,16.0,29.0,54.0,49.0,28.0,70.0,60.0,nan,65.0,27.0,20.0,58.0,53.0,46.0,59.0,83.0,132.0,63.0,55.0,16.0,nan,62.0
SP_ROC,0.13392857142857145,0.0625,0.1111111111111112,0.08220720720720726,0.29166666666666663,0.08166666666666667,0.0822072072072072,0.36666666666666664,nan,0.06666666666666667,0.1833333333333333,0.15000000000000002,0.14285714285714285,0.058823529411764705,0.06666666666666667,nan,nan,nan,nan,nan,nan,nan,nan,nan,nan,nan,nan,nan,nan,nan,nan,nan,nan,nan,nan,nan,nan,nan,nan,nan,nan,0.07142857142857134,0.06,0.10717703349282301,0.058823529411764705,0.061553030303030304,0.1389655172413793,0.09193657219973009,0.08000000000000007,nan,0.08814079708422466,0.10232607767819037,0.0783132530120482,0.08746430028559768,0.14835164835164835,0.05494505494505491,0.06233242935067332,0.10650887573964492,0.059880239520958084,0.10344827586206887,0.074350469872858,0.12121212121212131,nan,0.09027325959661678
DS_Mag_50,0.0,0.0,0.0,0.0,0.0,0.3,0.0,nan,nan,0.0,0.0,0.0,0.0,0.0,nan,nan,nan,nan,nan,nan,nan,nan,nan,nan,nan,nan,nan,nan,nan,nan,nan,nan,nan,nan,nan,nan,nan,nan,nan,nan,nan,0.0,2.1,0.0,0.0,1.8,0.0,0.0,nan,nan,0.0,0.0,1.29,0.0,0.0,0.0,0.0,0.0,0.09,0.0,0.0,nan,nan,0.0
DS_Mag_90,0.0,1.0,0.1,0.0,8.6,3.9,0.4,nan,nan,1.5,0.0,0.1,0.1,4.140000000000004,nan,nan,nan,nan,nan,nan,nan,nan,nan,nan,nan,nan,nan,nan,nan,nan,nan,nan,nan,nan,nan,nan,nan,nan,nan,nan,nan,0.22900000000000006,29.5,1.7,3.4,5.770000000000001,0.295,0.3580000000000001,nan,nan,0.95,2.61,28.6,0.14400000000000035,0.195,0.6540000000000004,0.17700000000000016,1.1560000000000012,6.84,0.11,0.04,nan,nan,0.0
DS_Tim,269.0,240.0,251.0,244.0,270.0,237.0,194.0,231.0,nan,213.0,252.0,250.0,217.0,165.0,264.0,nan,nan,nan,nan,nan,nan,nan,nan,nan,nan,nan,nan,nan,nan,nan,nan,nan,nan,nan,nan,nan,nan,nan,nan,nan,nan,265.0,193.0,233.0,176.0,277.0,279.0,234.0,225.0,nan,235.0,180.0,169.0,249.0,260.0,197.0,202.0,216.0,218.0,275.0,219.0,171.0,nan,229.0
DS_Dur_WS,197.0,211.0,220.0,217.0,249.0,251.0,266.0,nan,nan,271.0,212.0,292.0,189.0,254.0,nan,nan,nan,nan,nan,nan,nan,nan,nan,nan,nan,nan,nan,nan,nan,nan,nan,nan,nan,nan,nan,nan,nan,nan,nan,nan,nan,192.0,276.0,216.0,308.0,122.0,216.0,252.0,nan,nan,261.0,271.0,364.0,164.0,196.0,239.0,264.0,219.0,176.0,190.0,280.0,nan,nan,222.0
